keys,en,tr,de,es,fr,it,pt_BR,ru,pl,ja,ko,zh_CN,zh_TW
GAME_TITLE,FarmCraft,FarmCraft,FarmCraft,FarmCraft,FarmCraft,FarmCraft,FarmCraft,FarmCraft,FarmCraft,FarmCraft,FarmCraft,FarmCraft,FarmCraft
HUD_DAY,DAY %d,GÜN %d,TAG %d,DÍA %d,JOUR %d,GIORNO %d,DIA %d,ДЕНЬ %d,DZIEŃ %d,%d日目,%d일차,第 %d 天,第 %d 天
SEASON_SPRING,Spring,İlkbahar,Frühling,Primavera,Printemps,Primavera,Primavera,Весна,Wiosna,春,봄,春季,春季
SEASON_SUMMER,Summer,Yaz,Sommer,Verano,Été,Estate,Verão,Лето,Lato,夏,여름,夏季,夏季
SEASON_AUTUMN,Autumn,Sonbahar,Herbst,Otoño,Automne,Autunno,Outono,Осень,Jesień,秋,가을,秋季,秋季
SEASON_WINTER,Winter,Kış,Winter,Invierno,Hiver,Inverno,Inverno,Зима,Zima,冬,겨울,冬季,冬季
KEY_E,E,E,E,E,E,E,E,E,E,E,E,E,E
KEY_LMB,LMB,SOL TIK,LMT,CLIC IZQ.,CLIC G,CLIC SX,CLIQUE ESQ.,ЛКМ,LPM,左クリック,좌클릭,左键,左鍵
ACTION_SLEEP,SLEEP,UYU,SCHLAFEN,DORMIR,DORMIR,DORMI,DORMIR,СПАТЬ,ŚPIJ,寝る,잠자기,睡觉,睡覺
ACTION_OPEN,OPEN,AÇ,ÖFFNEN,ABRIR,OUVRIR,APRI,ABRIR,ОТКРЫТЬ,OTWÓRZ,開ける,열기,打开,打開
ACTION_TALK,TALK,KONUŞ,SPRECHEN,HABLAR,PARLER,PARLA,FALAR,ПОГОВОРИТЬ,ROZMAWIAJ,話す,대화,对话,對話
ACTION_USE,USE,KULLAN,BENUTZEN,USAR,UTILISER,USA,USAR,ИСПОЛЬЗОВАТЬ,UŻYJ,使う,사용,使用,使用
MSG_SCREENSHOT_SAVED,Screenshot saved,Ekran görüntüsü kaydedildi,Screenshot gespeichert,Captura de pantalla guardada,Capture d'écran enregistrée,Screenshot salvato,Captura de tela salva,Скриншот сохранён,Zrzut ekranu zapisany,スクリーンショットを保存しました,스크린샷을 저장했어요,截图已保存,截圖已儲存
MSG_SLEEP_NOT_YET,You can sleep after 18:00,18:00'den sonra uyuyabilirsin,Du kannst erst ab 18:00 schlafen,Puedes dormir a partir de las 18:00,Tu pourras dormir après 18:00,Potrai dormire dopo le 18:00,Você pode dormir a partir das 18:00,Лечь спать можно после 18:00,Możesz iść spać po 18:00,18:00以降に寝られます,18:00 이후에 잘 수 있어요,18:00 之后才能睡觉,18:00 以後才能睡覺
MSG_GOOD_MORNING,Good morning! Day %d,Günaydın! %d. gün,Guten Morgen! Tag %d,¡Buenos días! Día %d,Bonjour ! Jour %d,Buongiorno! Giorno %d,Bom dia! Dia %d,Доброе утро! День %d,Dzień dobry! Zaczyna się dzień %d,おはようございます！　%d日目です,좋은 아침이에요! %d일차,早上好！第 %d 天,早安！第 %d 天
MSG_INVENTORY_FULL,Inventory is full!,Envanter dolu!,Dein Inventar ist voll!,¡El inventario está lleno!,Inventaire plein !,Inventario pieno!,O inventário está cheio!,Инвентарь заполнен!,Ekwipunek jest pełny!,持ち物がいっぱいです！,가방이 가득 찼어요!,背包已满！,背包已滿！
UI_INVENTORY,INVENTORY,ENVANTER,INVENTAR,INVENTARIO,INVENTAIRE,INVENTARIO,INVENTÁRIO,ИНВЕНТАРЬ,EKWIPUNEK,持ち物,가방,背包,背包
UI_CHEST,CHEST,SANDIK,TRUHE,COFRE,COFFRE,BAULE,BAÚ,СУНДУК,SKRZYNIA,チェスト,상자,储物箱,儲物箱
UI_SELL_PRICE,Sell: %s,Satış: %s,Verkauf: %s,Venta: %s,Vente : %s,Vendita: %s,Venda: %s,Продажа: %s,Sprzedaż: %s,売値：%s,판매가: %s,售价：%s,售價：%s
UI_DURABILITY,Durability: %d/%d,Dayanıklılık: %d/%d,Haltbarkeit: %d/%d,Durabilidad: %d/%d,Durabilité : %d/%d,Durabilità: %d/%d,Durabilidade: %d/%d,Прочность: %d/%d,Wytrzymałość: %d/%d,耐久度：%d/%d,내구도: %d/%d,耐久度：%d/%d,耐久度：%d/%d
UI_WATER,Water: %d/%d,Su: %d/%d,Wasser: %d/%d,Agua: %d/%d,Eau : %d/%d,Acqua: %d/%d,Água: %d/%d,Вода: %d/%d,Woda: %d/%d,水量：%d/%d,물: %d/%d,水量：%d/%d,水量：%d/%d
UI_QUALITY_SILVER,Silver quality,Gümüş kalite,Silberqualität,Calidad plata,Qualité argent,Qualità argento,Qualidade prata,Серебряное качество,Srebrna jakość,銀品質,은 등급,白银品质,白銀品質
UI_QUALITY_GOLD,Gold quality,Altın kalite,Goldqualität,Calidad oro,Qualité or,Qualità oro,Qualidade ouro,Золотое качество,Złota jakość,金品質,금 등급,黄金品质,黃金品質
CAT_TOOL,Tool,Alet,Werkzeug,Herramienta,Outil,Attrezzo,Ferramenta,Инструмент,Narzędzie,道具,도구,工具,工具
CAT_SEED,Seed,Tohum,Saatgut,Semilla,Graine,Seme,Semente,Семена,Nasiona,種,씨앗,种子,種子
CAT_CROP,Crop,Ürün,Feldfrucht,Cosecha,Récolte,Raccolto,Colheita,Урожай,Plon,作物,작물,作物,作物
CAT_RESOURCE,Resource,Kaynak,Rohstoff,Recurso,Ressource,Risorsa,Recurso,Ресурс,Surowiec,資源,자원,资源,資源
CAT_FEED,Animal feed,Hayvan yemi,Tierfutter,Alimento para animales,Nourriture animale,Mangime,Ração animal,Корм для животных,Pasza dla zwierząt,動物のエサ,사료,饲料,飼料
CAT_ANIMAL_PRODUCT,Animal product,Hayvansal ürün,Tierprodukt,Producto animal,Produit animal,Prodotto animale,Produto animal,Продукт животноводства,Produkt zwierzęcy,畜産物,축산물,畜产品,畜產品
CAT_ARTISAN,Artisan good,İşlenmiş ürün,Handwerksware,Producto artesanal,Produit artisanal,Prodotto artigianale,Produto artesanal,Ремесленный товар,Wyrób rzemieślniczy,加工品,가공품,加工品,加工品
CAT_PLACEABLE,Placeable,Yerleştirilebilir,Platzierbar,Colocable,Objet à placer,Posizionabile,Posicionável,Размещаемый объект,Obiekt do postawienia,設置物,설치물,可放置物品,可放置物品
CAT_MISC,Misc,Diğer,Sonstiges,Varios,Divers,Varie,Diversos,Разное,Różne,その他,기타,杂项,其他
ITEM_HOE,Hoe,Çapa,Hacke,Azada,Houe,Zappa,Enxada,Мотыга,Motyka,クワ,괭이,锄头,鋤頭
ITEM_WATERING_CAN,Watering Can,Sulama Kabı,Gießkanne,Regadera,Arrosoir,Annaffiatoio,Regador,Лейка,Konewka,ジョウロ,물뿌리개,洒水壶,澆水壺
ITEM_SCYTHE,Scythe,Tırpan,Sense,Guadaña,Faux,Falce,Foice,Коса,Kosa,大鎌,낫,镰刀,鐮刀
ITEM_PICKAXE,Pickaxe,Kazma,Spitzhacke,Pico,Pioche,Piccone,Picareta,Кирка,Kilof,ツルハシ,곡괭이,十字镐,十字鎬
ITEM_AXE,Axe,Balta,Axt,Hacha,Hache,Ascia,Machado,Топор,Siekiera,オノ,도끼,斧头,斧頭
ITEM_MILK_PAIL,Milk Pail,Süt Kovası,Melkeimer,Balde de ordeño,Seau à lait,Secchio per il latte,Balde de leite,Подойник,Wiadro do dojenia,搾乳バケツ,우유통,挤奶桶,擠奶桶
ITEM_SHEARS,Shears,Kırkma Makası,Schafschere,Tijeras de esquilar,Cisailles,Cesoie,Tesoura de tosquia,Ножницы,Nożyce,毛刈りバサミ,양털 가위,羊毛剪,羊毛剪
ITEM_BRUSH,Brush,Fırça,Bürste,Cepillo,Brosse,Spazzola,Escova,Щётка,Szczotka,ブラシ,브러시,刷子,刷子
ITEM_PITCHFORK,Pitchfork,Yaba,Mistgabel,Horca,Fourche,Forcone,Forcado,Вилы,Widły,ピッチフォーク,쇠스랑,干草叉,乾草叉
ITEM_WHEAT_SEED,Wheat Seeds,Buğday Tohumu,Weizensamen,Semillas de trigo,Graines de blé,Semi di grano,Sementes de trigo,Семена пшеницы,Nasiona pszenicy,小麦の種,밀 씨앗,小麦种子,小麥種子
ITEM_CARROT_SEED,Carrot Seeds,Havuç Tohumu,Karottensamen,Semillas de zanahoria,Graines de carotte,Semi di carota,Sementes de cenoura,Семена моркови,Nasiona marchwi,ニンジンの種,당근 씨앗,胡萝卜种子,紅蘿蔔種子
ITEM_POTATO_SEED,Seed Potatoes,Patates Tohumu,Saatkartoffeln,Papas de siembra,Plants de pommes de terre,Patate da semina,Batatas-semente,Семенной картофель,Sadzeniaki,ジャガイモの種イモ,씨감자,土豆种薯,馬鈴薯種薯
ITEM_TOMATO_SEED,Tomato Seeds,Domates Tohumu,Tomatensamen,Semillas de tomate,Graines de tomate,Semi di pomodoro,Sementes de tomate,Семена помидора,Nasiona pomidora,トマトの種,토마토 씨앗,番茄种子,番茄種子
ITEM_CORN_SEED,Corn Seeds,Mısır Tohumu,Maissamen,Semillas de maíz,Graines de maïs,Semi di mais,Sementes de milho,Семена кукурузы,Nasiona kukurydzy,トウモロコシの種,옥수수 씨앗,玉米种子,玉米種子
ITEM_EGGPLANT_SEED,Eggplant Seeds,Patlıcan Tohumu,Auberginensamen,Semillas de berenjena,Graines d'aubergine,Semi di melanzana,Sementes de berinjela,Семена баклажана,Nasiona bakłażana,ナスの種,가지 씨앗,茄子种子,茄子種子
ITEM_STRAWBERRY_SEED,Strawberry Seeds,Çilek Tohumu,Erdbeersamen,Semillas de fresa,Graines de fraise,Semi di fragola,Sementes de morango,Семена клубники,Nasiona truskawki,イチゴの種,딸기 씨앗,草莓种子,草莓種子
ITEM_PUMPKIN_SEED,Pumpkin Seeds,Balkabağı Tohumu,Kürbissamen,Semillas de calabaza,Graines de citrouille,Semi di zucca,Sementes de abóbora,Семена тыквы,Nasiona dyni,カボチャの種,호박 씨앗,南瓜种子,南瓜種子
ITEM_WHEAT,Wheat,Buğday,Weizen,Trigo,Blé,Grano,Trigo,Пшеница,Pszenica,小麦,밀,小麦,小麥
ITEM_CARROT,Carrot,Havuç,Karotte,Zanahoria,Carotte,Carota,Cenoura,Морковь,Marchew,ニンジン,당근,胡萝卜,紅蘿蔔
ITEM_POTATO,Potato,Patates,Kartoffel,Papa,Pomme de terre,Patata,Batata,Картофель,Ziemniak,ジャガイモ,감자,土豆,馬鈴薯
ITEM_TOMATO,Tomato,Domates,Tomate,Tomate,Tomate,Pomodoro,Tomate,Помидор,Pomidor,トマト,토마토,番茄,番茄
ITEM_CORN,Corn,Mısır,Mais,Maíz,Maïs,Mais,Milho,Кукуруза,Kukurydza,トウモロコシ,옥수수,玉米,玉米
ITEM_EGGPLANT,Eggplant,Patlıcan,Aubergine,Berenjena,Aubergine,Melanzana,Berinjela,Баклажан,Bakłażan,ナス,가지,茄子,茄子
ITEM_STRAWBERRY,Strawberry,Çilek,Erdbeere,Fresa,Fraise,Fragola,Morango,Клубника,Truskawka,イチゴ,딸기,草莓,草莓
ITEM_PUMPKIN,Pumpkin,Balkabağı,Kürbis,Calabaza,Citrouille,Zucca,Abóbora,Тыква,Dynia,カボチャ,호박,南瓜,南瓜
ITEM_WOOD,Wood,Odun,Holz,Madera,Bois,Legno,Madeira,Древесина,Drewno,木材,목재,木材,木材
ITEM_STONE,Stone,Taş,Stein,Piedra,Pierre,Pietra,Pedra,Камень,Kamień,石,돌,石头,石頭
ITEM_IRON_ORE,Iron Ore,Demir Cevheri,Eisenerz,Mineral de hierro,Minerai de fer,Minerale di ferro,Minério de ferro,Железная руда,Ruda żelaza,鉄鉱石,철광석,铁矿石,鐵礦石
ITEM_HAY,Hay,Saman,Heu,Heno,Foin,Fieno,Feno,Сено,Siano,干し草,건초,干草,乾草
DESC_HOE,Tills grass into farmland.,Çimi ekilebilir toprağa çevirir.,Verwandelt Gras in Ackerboden.,Convierte la hierba en tierra de cultivo.,Transforme l'herbe en terre cultivable.,Trasforma l'erba in terreno coltivabile.,Transforma a grama em terra de plantio.,Превращает траву в пашню.,Zamienia trawę w ziemię uprawną.,草地を耕して畑にします。,풀밭을 일궈 경작지로 만들어요.,将草地翻耕成农田。,把草地翻成可以耕種的農田。
DESC_WATERING_CAN,Waters crops. Refill at the well or pond.,Ekinleri sular. Kuyudan veya göletten doldurulur.,Gießt deine Pflanzen. Füll sie am Brunnen oder Teich auf.,Riega los cultivos. Llénala en el pozo o en el estanque.,Arrose les cultures. Se remplit au puits ou à la mare.,Annaffia le colture. Si riempie al pozzo o allo stagno.,Rega as plantações. Encha no poço ou no lago.,Поливает растения. Наполняй её у колодца или пруда.,Podlewa uprawy. Napełnisz ją przy studni lub stawie.,作物に水をやります。井戸や池で水をくめます。,작물에 물을 줘요. 우물이나 연못에서 다시 채울 수 있어요.,给作物浇水。可在水井或池塘装水。,替作物澆水。可以到水井或池塘裝水。
DESC_SCYTHE,Harvests crops and cuts grass into hay.,Ekin hasat eder ve otu biçip saman yapar.,Erntet Feldfrüchte und mäht Gras zu Heu.,Cosecha los cultivos y siega la hierba para hacer heno.,Récolte les cultures et fauche l'herbe pour en faire du foin.,Raccoglie le colture e falcia l'erba per farne fieno.,Colhe as plantações e ceifa a grama para fazer feno.,Собирает урожай и косит траву на сено.,Zbiera plony i kosi trawę na siano.,作物を収穫したり、草を刈って干し草にしたりします。,"작물을 수확하고, 풀을 베어 건초로 만들어요.",收获作物，也能把草割成干草。,採收作物，也能把草割成乾草。
DESC_PICKAXE,Breaks rocks for stone and iron.,Kayaları kırıp taş ve demir çıkarır.,Zerschlägt Felsen und liefert Stein und Eisenerz.,Rompe rocas para obtener piedra y hierro.,Casse les rochers pour en tirer de la pierre et du fer.,Spacca le rocce per ricavarne pietra e ferro.,Quebra rochas para obter pedra e ferro.,Дробит валуны на камень и железо.,Rozbija skały na kamień i żelazo.,岩を砕いて石や鉄鉱石を採ります。,바위를 깨서 돌과 철광석을 얻어요.,敲碎岩石，获得石头和铁矿石。,敲碎岩石，取得石頭和鐵礦石。
DESC_AXE,Chops trees for wood.,Ağaç kesip odun toplar.,Fällt Bäume und liefert Holz.,Tala árboles para obtener madera.,Abat les arbres pour obtenir du bois.,Taglia gli alberi per ricavarne legno.,Corta árvores para obter madeira.,Рубит деревья на древесину.,Ścina drzewa na drewno.,木を伐採して木材を集めます。,나무를 베어 목재를 얻어요.,砍伐树木，获得木材。,砍伐樹木，取得木材。
DESC_MILK_PAIL,Used to milk cows and goats.,İnek ve keçi sağmak için.,Zum Melken von Kühen und Ziegen.,Sirve para ordeñar vacas y cabras.,Pour traire les vaches et les chèvres.,Per mungere mucche e capre.,Serve para ordenhar vacas e cabras.,Для дойки коров и коз.,Do dojenia krów i kóz.,ウシやヤギの乳しぼりに使います。,소와 염소의 젖을 짤 때 써요.,用来给奶牛和山羊挤奶。,用來替乳牛和山羊擠奶。
DESC_SHEARS,Used to shear sheep.,Koyun kırkmak için.,Zum Scheren von Schafen.,Sirven para esquilar ovejas.,Pour tondre les moutons.,Per tosare le pecore.,Serve para tosquiar ovelhas.,Для стрижки овец.,Do strzyżenia owiec.,ヒツジの毛刈りに使います。,양털을 깎을 때 써요.,用来给绵羊剪毛。,用來替綿羊剪毛。
DESC_BRUSH,Brushing makes animals happier.,Fırçalamak hayvanları mutlu eder.,Bürsten hebt die Stimmung deiner Tiere.,Cepillar a los animales los hace más felices.,Le brossage rend les animaux plus heureux.,Spazzolare gli animali li rende più felici.,Escovar os animais os deixa mais felizes.,Чистка щёткой делает животных счастливее.,Szczotkowane zwierzęta są bardziej zadowolone.,ブラッシングすると動物が喜びます。,빗질을 해 주면 동물들이 더 행복해져요.,刷毛能让动物更开心。,幫動物刷毛能讓牠們更開心。
DESC_PITCHFORK,Cleans barns and gathers manure.,Ahırı temizler ve gübre toplar.,Mistet Ställe aus und sammelt Dung.,Limpia los establos y recoge el estiércol.,Nettoie les étables et ramasse le fumier.,Pulisce le stalle e raccoglie il letame.,Limpa os estábulos e recolhe o esterco.,Для уборки хлева и сбора навоза.,Do sprzątania obory i zbierania obornika.,家畜小屋を掃除して、ふんを集めます。,외양간을 청소하고 거름을 모아요.,清理畜棚，收集粪肥。,清理畜舍，收集糞肥。
DESC_WHEAT_SEED,Grows in 1 day. Spring to autumn.,1 günde büyür. İlkbahar–sonbahar.,Wächst in 1 Tag. Frühling bis Herbst.,Crece en 1 día. De primavera a otoño.,Pousse en 1 jour. Du printemps à l'automne.,Cresce in 1 giorno. Dalla primavera all'autunno.,Cresce em 1 dia. Da primavera ao outono.,Созревает за 1 день. С весны до осени.,Dojrzewa w 1 dzień. Od wiosny do jesieni.,1日で育ちます。季節：春～秋,하루 만에 자라요. 봄부터 가을까지 심어요.,生长期 1 天。春季至秋季种植。,1 天就能成熟。春季到秋季都能種植。
DESC_CARROT_SEED,Grows in 1.5 days. Spring and autumn.,"1,5 günde büyür. İlkbahar ve sonbahar.","Wächst in 1,5 Tagen. Frühling und Herbst.","Crece en 1,5 días. Primavera y otoño.","Pousse en 1,5 jour. Printemps et automne.","Cresce in 1,5 giorni. Primavera e autunno.","Cresce em 1,5 dia. Primavera e outono.","Созревает за 1,5 дня. Весна и осень.","Dojrzewa w 1,5 dnia. Wiosna i jesień.",1.5日で育ちます。季節：春と秋,1.5일 만에 자라요. 봄과 가을에 심어요.,生长期 1.5 天。春季和秋季种植。,1.5 天就能成熟。春季和秋季可以種植。
DESC_POTATO_SEED,Grows in 2 days. Spring and autumn.,2 günde büyür. İlkbahar ve sonbahar.,Wächst in 2 Tagen. Frühling und Herbst.,Crece en 2 días. Primavera y otoño.,Pousse en 2 jours. Printemps et automne.,Cresce in 2 giorni. Primavera e autunno.,Cresce em 2 dias. Primavera e outono.,Созревает за 2 дня. Весна и осень.,Dojrzewa w 2 dni. Wiosna i jesień.,2日で育ちます。季節：春と秋,2일 만에 자라요. 봄과 가을에 심어요.,生长期 2 天。春季和秋季种植。,2 天就能成熟。春季和秋季可以種植。
DESC_TOMATO_SEED,Grows in 3 days and keeps producing. Summer.,3 günde büyür ve ürün vermeye devam eder. Yaz.,"Wächst in 3 Tagen, danach mehrfach erntbar. Sommer.",Crece en 3 días y sigue produciendo. Verano.,Pousse en 3 jours et continue de produire. Été.,Cresce in 3 giorni e continua a produrre. Estate.,Cresce em 3 dias e continua produzindo. Verão.,Созревает за 3 дня и продолжает плодоносить. Лето.,Dojrzewa w 3 dni i daje kolejne zbiory. Lato.,3日で育ち、繰り返し収穫できます。季節：夏,3일 만에 자라고 계속 수확할 수 있어요. 여름에 심어요.,生长期 3 天，成熟后可多次收获。夏季种植。,3 天就能成熟，之後可持續採收。夏季種植。
DESC_CORN_SEED,Grows in 3.5 days and keeps producing. Summer and autumn.,"3,5 günde büyür ve ürün vermeye devam eder. Yaz ve sonbahar.","Wächst in 3,5 Tagen, danach mehrfach erntbar. Sommer und Herbst.","Crece en 3,5 días y sigue produciendo. Verano y otoño.","Pousse en 3,5 jours et continue de produire. Été et automne.","Cresce in 3,5 giorni e continua a produrre. Estate e autunno.","Cresce em 3,5 dias e continua produzindo. Verão e outono.","Созревает за 3,5 дня и продолжает плодоносить. Лето и осень.","Dojrzewa w 3,5 dnia i daje kolejne zbiory. Lato i jesień.",3.5日で育ち、繰り返し収穫できます。季節：夏と秋,3.5일 만에 자라고 계속 수확할 수 있어요. 여름과 가을에 심어요.,生长期 3.5 天，成熟后可多次收获。夏季和秋季种植。,3.5 天就能成熟，之後可持續採收。夏季和秋季可以種植。
DESC_EGGPLANT_SEED,Grows in 2.5 days and keeps producing. Summer and autumn.,"2,5 günde büyür ve ürün vermeye devam eder. Yaz ve sonbahar.","Wächst in 2,5 Tagen, danach mehrfach erntbar. Sommer und Herbst.","Crece en 2,5 días y sigue produciendo. Verano y otoño.","Pousse en 2,5 jours et continue de produire. Été et automne.","Cresce in 2,5 giorni e continua a produrre. Estate e autunno.","Cresce em 2,5 dias e continua produzindo. Verão e outono.","Созревает за 2,5 дня и продолжает плодоносить. Лето и осень.","Dojrzewa w 2,5 dnia i daje kolejne zbiory. Lato i jesień.",2.5日で育ち、繰り返し収穫できます。季節：夏と秋,2.5일 만에 자라고 계속 수확할 수 있어요. 여름과 가을에 심어요.,生长期 2.5 天，成熟后可多次收获。夏季和秋季种植。,2.5 天就能成熟，之後可持續採收。夏季和秋季可以種植。
DESC_STRAWBERRY_SEED,Grows in 4 days and keeps producing. Spring.,4 günde büyür ve ürün vermeye devam eder. İlkbahar.,"Wächst in 4 Tagen, danach mehrfach erntbar. Frühling.",Crece en 4 días y sigue produciendo. Primavera.,Pousse en 4 jours et continue de produire. Printemps.,Cresce in 4 giorni e continua a produrre. Primavera.,Cresce em 4 dias e continua produzindo. Primavera.,Созревает за 4 дня и продолжает плодоносить. Весна.,Dojrzewa w 4 dni i daje kolejne zbiory. Wiosna.,4日で育ち、繰り返し収穫できます。季節：春,4일 만에 자라고 계속 수확할 수 있어요. 봄에 심어요.,生长期 4 天，成熟后可多次收获。春季种植。,4 天就能成熟，之後可持續採收。春季種植。
DESC_PUMPKIN_SEED,Grows in 6 days. Autumn.,6 günde büyür. Sonbahar.,Wächst in 6 Tagen. Herbst.,Crece en 6 días. Otoño.,Pousse en 6 jours. Automne.,Cresce in 6 giorni. Autunno.,Cresce em 6 dias. Outono.,Созревает за 6 дней. Осень.,Dojrzewa w 6 dni. Jesień.,6日で育ちます。季節：秋,6일 만에 자라요. 가을에 심어요.,生长期 6 天。秋季种植。,6 天就能成熟。秋季種植。
DESC_HAY,Feed for barn animals.,Ahır hayvanları için yem.,Futter für Stalltiere.,Alimento para los animales del establo.,Nourriture pour les animaux de l'étable.,Mangime per gli animali della stalla.,Ração para os animais do estábulo.,Корм для животных в хлеву.,Pasza dla zwierząt w oborze.,家畜小屋で飼う動物のエサ。,외양간 가축에게 주는 사료예요.,畜棚动物的饲料。,畜舍動物的飼料。
ACTION_HOE,HOE,ÇAPALA,HACKEN,LABRAR,LABOURER,ZAPPA,ARAR,ВСКОПАТЬ,PRZEKOP,耕す,땅 갈기,锄地,鋤地
ACTION_PLANT,PLANT,EK,PFLANZEN,PLANTAR,PLANTER,SEMINA,PLANTAR,ПОСАДИТЬ,POSADŹ,植える,심기,播种,播種
ACTION_WATER,WATER,SULA,GIESSEN,REGAR,ARROSER,ANNAFFIA,REGAR,ПОЛИТЬ,PODLEJ,水をやる,물 주기,浇水,澆水
ACTION_HARVEST,HARVEST,HASAT ET,ERNTEN,COSECHAR,RÉCOLTER,RACCOGLI,COLHER,СОБРАТЬ,ZBIERZ,収穫する,수확,收获,採收
ACTION_CLEAR,CLEAR,TEMİZLE,ENTFERNEN,LIMPIAR,NETTOYER,PULISCI,LIMPAR,РАСЧИСТИТЬ,OCZYŚĆ,片付ける,치우기,清理,清理
ACTION_REFILL,REFILL,DOLDUR,AUFFÜLLEN,LLENAR,REMPLIR,RIEMPI,ENCHER,НАПОЛНИТЬ,NAPEŁNIJ,水をくむ,물 채우기,装水,裝水
PROGRESS_HOEING,Hoeing...,Çapalanıyor...,Hacken...,Labrando...,Labourage...,Zappatura...,Arando...,Вскапывание...,Przekopywanie...,耕作中...,땅 가는 중...,锄地中……,鋤地中……
PROGRESS_PLANTING,Planting...,Ekiliyor...,Pflanzen...,Plantando...,Plantation...,Semina...,Plantando...,Посадка...,Sadzenie...,植え付け中...,심는 중...,播种中……,播種中……
PROGRESS_WATERING,Watering...,Sulanıyor...,Gießen...,Regando...,Arrosage...,Annaffiatura...,Regando...,Полив...,Podlewanie...,水やり中...,물 주는 중...,浇水中……,澆水中……
PROGRESS_HARVESTING,Harvesting...,Hasat ediliyor...,Ernten...,Cosechando...,Récolte...,Raccolta...,Colhendo...,Сбор урожая...,Zbieranie plonów...,収穫中...,수확하는 중...,收获中……,採收中……
PROGRESS_CLEARING,Clearing...,Temizleniyor...,Entfernen...,Limpiando...,Nettoyage...,Pulizia...,Limpando...,Расчистка...,Oczyszczanie...,片付け中...,치우는 중...,清理中……,清理中……
PROGRESS_REFILLING,Refilling...,Dolduruluyor...,Auffüllen...,Llenando...,Remplissage...,Riempimento...,Enchendo...,Наполнение...,Napełnianie...,水くみ中...,물 채우는 중...,装水中……,裝水中……
MSG_CAN_EMPTY,The watering can is empty! Refill it at the well.,Sulama kabı boş! Kuyudan doldur.,Die Gießkanne ist leer! Füll sie am Brunnen auf.,¡La regadera está vacía! Llénala en el pozo.,L'arrosoir est vide ! Remplis-le au puits.,L'annaffiatoio è vuoto! Riempilo al pozzo.,O regador está vazio! Encha no poço.,Лейка пуста! Наполни её у колодца.,Konewka jest pusta! Napełnij ją przy studni.,ジョウロが空っぽです！　井戸で水をくんでください。,물뿌리개가 비었어요! 우물에서 채우세요.,洒水壶空了！去水井装水吧。,澆水壺空了！到水井裝水吧。
MSG_CAN_FULL,The watering can is full.,Sulama kabı dolu.,Die Gießkanne ist voll.,La regadera está llena.,L'arrosoir est plein.,L'annaffiatoio è pieno.,O regador está cheio.,Лейка полна.,Konewka jest pełna.,ジョウロの水はいっぱいです。,물뿌리개가 가득 찼어요.,洒水壶已经装满了。,澆水壺已經裝滿了。
MSG_WRONG_SEASON,%s can't be planted this season.,%s bu mevsimde ekilemez.,%s kann in dieser Jahreszeit nicht gepflanzt werden.,%s: no se puede plantar en esta estación.,%s : impossible à planter en cette saison.,%s: non si può seminare in questa stagione.,%s: não é possível plantar nesta estação.,%s: сейчас не сезон для посадки.,%s: nie ta pora roku na sadzenie.,%sは今の季節には植えられません。,지금은 %s 심을 철이 아니에요.,%s不能在这个季节种植。,%s不能在這個季節種植。
MSG_TOOL_BROKEN,Your %s is broken! Get it repaired.,%s kırıldı! Tamir ettirmen gerek.,Dein Werkzeug (%s) ist kaputt! Lass es reparieren.,¡Herramienta rota: %s! Llévala a reparar.,Outil cassé : %s ! Fais-le réparer.,Attrezzo rotto: %s! Fallo riparare.,Ferramenta quebrada: %s! Leve para consertar.,Инструмент сломался: %s! Отнеси его в ремонт.,Narzędzie się zepsuło: %s! Oddaj je do naprawy.,%sが壊れてしまいました！　修理に出してください。,%s의 내구도가 다 닳았어요! 수리를 맡기세요.,你的%s坏了！拿去修理吧。,你的%s壞了！拿去修理吧。
WEATHER_SUNNY,Sunny,Güneşli,Sonnig,Soleado,Ensoleillé,Soleggiato,Ensolarado,Солнечно,Słonecznie,晴れ,맑음,晴天,晴天
WEATHER_CLOUDY,Cloudy,Bulutlu,Bewölkt,Nublado,Nuageux,Nuvoloso,Nublado,Облачно,Pochmurno,くもり,흐림,多云,多雲
WEATHER_RAIN,Rain,Yağmurlu,Regen,Lluvia,Pluie,Pioggia,Chuva,Дождь,Deszcz,雨,비,下雨,下雨
WEATHER_STORM,Storm,Fırtınalı,Gewitter,Tormenta,Orage,Temporale,Tempestade,Гроза,Burza,嵐,폭풍우,暴风雨,暴風雨
WEATHER_SNOW,Snow,Karlı,Schnee,Nieve,Neige,Neve,Neve,Снег,Śnieg,雪,눈,下雪,下雪
WEATHER_FOG,Fog,Sisli,Nebel,Niebla,Brouillard,Nebbia,Neblina,Туман,Mgła,霧,안개,有雾,起霧
WEATHER_CLEAR,Clear,Açık,Klar,Despejado,Dégagé,Sereno,Limpo,Ясно,Bezchmurnie,晴れ,맑음,晴朗,晴朗
REPORT_SEASON_DAY,"%s, day %d","%s, %d. gün","%s, Tag %d","%s, día %d","%s, jour %d","%s, giorno %d","%s, dia %d","%s, день %d","%s, dzień %d",%sの%d日目,%s %d일,%s，第 %d 天,%s，第 %d 天
REPORT_YESTERDAY,Yesterday,Dünün özeti,Gestern,Ayer,Hier,Ieri,Ontem,Вчера,Wczoraj,昨日,어제,昨日总结,昨日總結
REPORT_INCOME,Income,Gelir,Einnahmen,Ingresos,Revenus,Entrate,Ganhos,Доходы,Przychody,収入,수입,收入,收入
REPORT_EXPENSES,Expenses,Gider,Ausgaben,Gastos,Dépenses,Uscite,Gastos,Расходы,Wydatki,支出,지출,支出,支出
REPORT_NET,Net,Net,Bilanz,Balance,Bilan,Saldo,Saldo,Итог,Bilans,収支,순수익,净额,淨額
REPORT_TODAY,Today,Bugün,Heute,Hoy,Aujourd'hui,Oggi,Hoje,Сегодня,Dzisiaj,今日,오늘,今天,今天
REPORT_TOMORROW,Tomorrow,Yarın,Morgen,Mañana,Demain,Domani,Amanhã,Завтра,Jutro,明日,내일,明天,明天
REPORT_CONTINUE,Click to continue,Devam etmek için tıkla,"Klicke, um fortzufahren",Haz clic para continuar,Clique pour continuer,Clicca per continuare,Clique para continuar,"Нажми, чтобы продолжить","Kliknij, aby kontynuować",クリックして続ける,클릭해서 계속하기,点击继续,點擊繼續
REPORT_PASS_OUT_FEE,Doctor's fee,Doktor ücreti,Arztkosten,Honorarios médicos,Frais médicaux,Spese mediche,Conta do médico,Услуги врача,Honorarium lekarza,診察料,진료비,医药费,醫藥費
MSG_PASSED_OUT,You passed out from exhaustion! Lost %s.,Yorgunluktan bayıldın! %s kaybettin.,Du bist vor Erschöpfung umgekippt! %s verloren.,¡Te desmayaste de agotamiento! Perdiste %s.,L'épuisement t'a fait perdre connaissance ! Ça te coûte %s.,Hai perso i sensi per lo sfinimento! Ti costa %s.,Você desmaiou de cansaço! Perdeu %s.,Обморок от переутомления! Потеряно: %s.,Omdlenie z wyczerpania! Stracono %s.,疲れ果てて倒れてしまいました！　%sを失いました。,너무 지쳐서 쓰러졌어요! 잃은 돈: %s,你因体力透支晕倒了！损失了 %s。,你累到昏倒了！損失了 %s。
MSG_SEASON_START,%s has begun!,%s başladı!,Der %s ist da!,¡Nueva estación: %s!,Nouvelle saison : %s !,Nuova stagione: %s!,Nova estação: %s!,%s вступает в свои права!,%s się zaczyna!,%sになりました！,%s철이 시작됐어요!,%s来临了！,%s來臨了！
ACTION_CHOP,CHOP,KES,FÄLLEN,TALAR,ABATTRE,TAGLIA,CORTAR,СРУБИТЬ,ZETNIJ,伐採する,나무 베기,砍树,砍樹
ACTION_BREAK,BREAK,KIR,ABBAUEN,ROMPER,CASSER,SPACCA,QUEBRAR,РАЗБИТЬ,ROZBIJ,砕く,부수기,敲碎,敲碎
ACTION_CUT,CUT,BİÇ,MÄHEN,SEGAR,FAUCHER,FALCIA,CEIFAR,СКОСИТЬ,SKOŚ,刈る,풀 베기,割草,割草
ACTION_EXAMINE,EXAMINE,İNCELE,ANSEHEN,EXAMINAR,EXAMINER,ESAMINA,EXAMINAR,ОСМОТРЕТЬ,ZBADAJ,調べる,살펴보기,查看,查看
ACTION_FILL_TROUGH,FILL,DOLDUR,FÜLLEN,LLENAR,REMPLIR,RIEMPI,ENCHER,НАПОЛНИТЬ,NAPEŁNIJ,補充する,채우기,添加,添加
PROGRESS_CHOPPING,Chopping...,Kesiliyor...,Fällen...,Talando...,Abattage...,Taglio...,Cortando...,Рубка...,Ścinanie...,伐採中...,나무 베는 중...,砍树中……,砍樹中……
PROGRESS_BREAKING,Breaking...,Kırılıyor...,Abbauen...,Rompiendo...,Cassage...,Frantumazione...,Quebrando...,Дробление...,Rozbijanie...,破砕中...,부수는 중...,敲碎中……,敲碎中……
PROGRESS_CUTTING,Cutting...,Biçiliyor...,Mähen...,Segando...,Fauchage...,Falciatura...,Ceifando...,Покос...,Koszenie...,草刈り中...,풀 베는 중...,割草中……,割草中……
PROGRESS_FILLING,Filling...,Dolduruluyor...,Füllen...,Llenando...,Remplissage...,Riempimento...,Enchendo...,Наполнение...,Napełnianie...,補充中...,채우는 중...,添加中……,添加中……
MSG_TROUGH_FULL,The trough is full.,Yemlik dolu.,Der Trog ist voll.,Ya está lleno.,L'auge est pleine.,Il trogolo è pieno.,Já está cheio.,Корыто заполнено.,Koryto jest pełne.,桶はいっぱいです。,이미 가득 차 있어요.,槽里已经满了。,槽裡已經滿了。
MSG_TROUGH_FILLED,Added %d to the trough.,Yemliğe %d eklendi.,%d in den Trog gefüllt.,Añadido al comedero: %d.,+%d dans l'auge.,+%d nel trogolo.,Adicionado ao comedouro: %d.,Добавлено в корыто: %d.,Dodano do koryta: %d.,桶に%d個入れました。,%d만큼 채웠어요.,食槽中添加了 %d 份饲料。,在食槽裡添加了 %d 份飼料。
MSG_BUILT,%s is ready!,%s hazır!,%s ist fertig!,¡Obra terminada: %s!,Construction terminée : %s !,Costruzione completata: %s!,Obra concluída: %s!,Готово: %s!,Gotowe: %s!,%sが完成しました！,%s 공사가 끝났어요!,%s建造完成！,%s完工了！
MSG_NEED_GOLD,%s more needed,%s daha lazım,Noch %s nötig,Faltan %s,Il manque %s,Mancano %s,Faltam %s,Не хватает %s,Brakuje %s,あと%s必要,%s 더 필요,还差 %s,還差 %s
SIGN_FOR_SALE,FOR SALE,SATILIK,ZU VERKAUFEN,SE VENDE,À VENDRE,VENDESI,VENDE-SE,ПРОДАЁТСЯ,NA SPRZEDAŻ,売り出し中,매물,出售,出售
UI_GOLD,dollars,dolar,Dollar,dólares,dollars,dollari,dólares,доллары,dolary,ドル,달러,美元,美元
UI_PANTRY,PANTRY,KİLER,SPEISEKAMMER,DESPENSA,GARDE-MANGER,DISPENSA,DESPENSA,КЛАДОВАЯ,SPIŻARNIA,食料庫,찬장,食品柜,食物櫃
REPORT_CONSTRUCTION,Construction,İnşaat,Baukosten,Construcción,Construction,Costruzioni,Construção,Строительство,Budowa,建設,건설,建造,建造
PROJECT_FIELD_1,Field Expansion I,Tarla Genişletme I,Felderweiterung I,Ampliación del campo I,Extension des champs I,Ampliamento campi I,Expansão da lavoura I,Расширение поля I,Powiększenie pola I,畑の拡張 I,밭 확장 I,农田扩建 I,農田擴建 I
PROJECT_FIELD_1_DESC,"A new fenced garden with 12 beds, south of the first field.","İlk tarlanın güneyinde 12 parselli yeni, çitli bir tarla.","Ein neuer, eingezäunter Garten mit 12 Beeten südlich des ersten Feldes.","Un nuevo huerto cercado con 12 parcelas, al sur del primer campo.","Un nouveau potager clôturé de 12 parcelles, au sud du premier champ.","Un nuovo orto recintato con 12 aiuole, a sud del primo campo.","Uma nova horta cercada com 12 canteiros, ao sul da primeira lavoura.",Новый огороженный огород на 12 грядок к югу от первого поля.,Nowy ogrodzony warzywnik z 12 grządkami na południe od pierwszego pola.,最初の畑の南側に作る、12区画の柵付きの新しい畑。,첫 번째 밭 남쪽에 울타리를 두른 12칸짜리 새 텃밭이에요.,在第一块农田南边新建一片围着篱笆的菜园，共 12 块耕地。,在第一塊農田南邊新增一片有圍籬的菜園，共有 12 塊耕地。
PROJECT_FIELD_2,Field Expansion II,Tarla Genişletme II,Felderweiterung II,Ampliación del campo II,Extension des champs II,Ampliamento campi II,Expansão da lavoura II,Расширение поля II,Powiększenie pola II,畑の拡張 II,밭 확장 II,农田扩建 II,農田擴建 II
PROJECT_FIELD_2_DESC,12 more beds north of the first field.,İlk tarlanın kuzeyinde 12 parsel daha.,12 weitere Beete nördlich des ersten Feldes.,12 parcelas más al norte del primer campo.,12 parcelles de plus au nord du premier champ.,Altre 12 aiuole a nord del primo campo.,Mais 12 canteiros ao norte da primeira lavoura.,Ещё 12 грядок к северу от первого поля.,Kolejne 12 grządek na północ od pierwszego pola.,最初の畑の北側に、さらに12区画。,첫 번째 밭 북쪽에 12칸이 더 생겨요.,在第一块农田北边再增加 12 块耕地。,在第一塊農田北邊再增加 12 塊耕地。
PROJECT_FIELD_3,Field Expansion III,Tarla Genişletme III,Felderweiterung III,Ampliación del campo III,Extension des champs III,Ampliamento campi III,Expansão da lavoura III,Расширение поля III,Powiększenie pola III,畑の拡張 III,밭 확장 III,农田扩建 III,農田擴建 III
PROJECT_FIELD_3_DESC,12 more beds on the east lot.,Doğu arsasında 12 parsel daha.,12 weitere Beete auf dem östlichen Grundstück.,12 parcelas más en el terreno del este.,12 parcelles de plus sur le terrain à l'est.,Altre 12 aiuole sul terreno a est.,Mais 12 canteiros no terreno a leste.,Ещё 12 грядок на восточном участке.,Kolejne 12 grządek na wschodniej działce.,東側の土地に、さらに12区画。,동쪽 부지에 12칸이 더 생겨요.,在东边的空地上再增加 12 块耕地。,在東邊的空地上再增加 12 塊耕地。
PROJECT_BARN_1,Open Barn (Paddock),Açık Ahır (Ağıl),Offener Stall (Koppel),Establo abierto (corral),Étable ouverte (enclos),Stalla aperta (recinto),Estábulo aberto (curral),Открытый хлев (загон),Otwarta obora (zagroda),屋根なし家畜小屋（パドック）,야외 외양간 (방목장),开放式畜棚（围栏）,開放式畜舍（圍欄）
PROJECT_BARN_1_DESC,"Fenced paddock with feed and water troughs for 4 sheep, cows or horses. Animals graze here but stay out in the rain and snow — they get hurt and unhappy!","Koyun, inek ve atlar için yemlik ve suluklu çitli ağıl (4 hayvan). Hayvanlar burada otlar ama yağmur ve karda açıkta kalır, hasar alır ve mutsuz olur!","Eingezäunte Koppel mit Futter- und Wassertrögen für 4 Schafe, Kühe oder Pferde. Die Tiere grasen hier, stehen aber bei Regen und Schnee im Freien – sie verletzen sich und ihre Stimmung sinkt!","Corral cercado con comederos y bebederos para 4 ovejas, vacas o caballos. Los animales pastan aquí, pero quedan expuestos a la lluvia y la nieve: ¡pierden salud y felicidad!","Enclos clôturé avec mangeoire et abreuvoir pour 4 moutons, vaches ou chevaux. Les animaux y broutent, mais restent dehors sous la pluie et la neige — ils se blessent et deviennent malheureux !","Recinto con mangiatoia e abbeveratoio per 4 pecore, mucche o cavalli. Gli animali qui pascolano, ma restano all'aperto sotto la pioggia e la neve — si feriscono e diventano infelici!","Curral cercado com comedouros e bebedouros para 4 ovelhas, vacas ou cavalos. Os animais pastam aqui, mas ficam expostos à chuva e à neve — e perdem saúde e felicidade!","Огороженный загон с корытами для корма и воды на 4 животных: овец, коров или лошадей. Здесь они пасутся, но в дождь и снег остаются под открытым небом — и теряют здоровье и настроение!","Ogrodzona zagroda z korytami na paszę i wodę dla 4 owiec, krów lub koni. Zwierzęta się tu pasą, ale w deszczu i śniegu zostają pod gołym niebem – tracą zdrowie i humor!",エサ桶と水桶を備えた柵付きのパドック。ヒツジ・ウシ・ウマを合わせて4頭まで飼えます。動物はここで草を食べますが、雨や雪の日も外にいるので、ケガをして機嫌が悪くなります！,"먹이통과 물통을 갖춘 울타리 방목장으로, 양·소·말을 4마리까지 키울 수 있어요. 동물들이 여기서 풀을 뜯지만 비와 눈을 그대로 맞아요 — 다치고 행복도가 떨어져요!",设有食槽和水槽的围栏，可容纳 4 头绵羊、奶牛或马。动物能在这里吃草，但雨雪天也只能待在露天——它们会受伤，也会不开心！,設有食槽和水槽的圍欄，可容納 4 頭綿羊、乳牛或馬。動物能在這裡吃草，但下雨下雪時也只能待在戶外——牠們會受傷，心情也會變差！
PROJECT_BARN_2,Closed Barn,Kapalı Ahır,Geschlossener Stall,Establo cerrado,Étable fermée,Stalla chiusa,Estábulo fechado,Закрытый хлев,Zamknięta obora,屋根付き家畜小屋,실내 외양간,封闭式畜棚,封閉式畜舍
PROJECT_BARN_2_DESC,A proper barn inside the paddock for 8 animals. They shelter inside at night and in bad weather.,Ağılın içinde 8 hayvanlık gerçek bir ahır. Hayvanlar gece ve kötü havada içeri girip korunur.,Ein richtiger Stall auf der Koppel für 8 Tiere. Nachts und bei schlechtem Wetter finden sie drinnen Schutz.,"Un establo de verdad dentro del corral, con espacio para 8 animales. Se resguardan dentro por la noche y cuando hace mal tiempo.","Une vraie étable dans l'enclos, pour 8 animaux. Ils s'y abritent la nuit et par mauvais temps.","Una vera stalla all'interno del recinto, per 8 animali. Di notte e con il maltempo si riparano dentro.","Um estábulo de verdade dentro do curral, com espaço para 8 animais. Eles se abrigam lá dentro à noite e com mau tempo.","Настоящий хлев прямо в загоне, на 8 животных. Ночью и в непогоду они укрываются внутри.","Prawdziwa obora w zagrodzie, dla 8 zwierząt. Nocą i w złą pogodę chronią się w środku.",パドック内に建てる、8頭が入れる本格的な家畜小屋。夜や悪天候のときは中に避難します。,"방목장 안에 짓는 제대로 된 외양간으로, 동물을 8마리까지 키울 수 있어요. 밤이나 궂은 날씨에는 안으로 들어가 몸을 피해요.",在围栏内建一座像样的畜棚，可容纳 8 头牲畜。夜晚和恶劣天气时，它们会进棚躲避。,在圍欄內蓋一座像樣的畜舍，可容納 8 頭牲畜。晚上或天氣不好時，牠們會進去躲避。
PROJECT_COOP_1,Chicken Run,Açık Kümes,Hühnerauslauf,Corral de gallinas,Parc à poules,Recinto per galline,Cercado de galinhas,Выгул для кур,Wybieg dla kur,鶏の囲い場,야외 닭장,露天鸡圈,露天雞圈
PROJECT_COOP_1_DESC,Fenced run with a feeder and waterer for 4 chickens. No shelter from the weather.,4 tavuk için yemlik ve suluklu çitli alan. Kötü havadan korumaz.,Eingezäunter Auslauf mit Futter- und Wassertrog für 4 Hühner. Kein Schutz vor dem Wetter.,Corral cercado con comedero y bebedero para 4 gallinas. No las protege del mal tiempo.,Parc clôturé avec mangeoire et abreuvoir pour 4 poules. Aucun abri contre les intempéries.,Recinto con mangiatoia e abbeveratoio per 4 galline. Nessun riparo dalle intemperie.,Cercado com comedouro e bebedouro para 4 galinhas. Não protege do mau tempo.,Огороженный выгул для 4 кур с кормушкой и поилкой. От непогоды не защищает.,Ogrodzony wybieg dla 4 kur z karmidłem i poidłem. Nie chroni przed złą pogodą.,エサ桶と水桶を備えた、ニワトリ4羽用の柵付きの囲い場。雨風はしのげません。,"먹이통과 물통을 갖춘 울타리 닭장으로, 닭을 4마리까지 키울 수 있어요. 궂은 날씨를 피할 곳은 없어요.",设有食槽和水槽的围栏鸡圈，可容纳 4 只鸡。无法遮风挡雨。,設有食槽和水槽的圍欄雞圈，可容納 4 隻雞。無法遮風避雨。
PROJECT_COOP_2,Closed Coop,Kapalı Kümes,Geschlossener Hühnerstall,Gallinero cerrado,Poulailler fermé,Pollaio chiuso,Galinheiro fechado,Закрытый курятник,Zamknięty kurnik,屋根付き鶏小屋,실내 닭장,封闭式鸡舍,封閉式雞舍
PROJECT_COOP_2_DESC,A warm coop with nest boxes for 8 chickens. Keeps them dry and safe.,8 tavuk için yumurtlama kutulu sıcak bir kümes. Kuru ve güvende tutar.,Ein warmer Hühnerstall mit Legenestern für 8 Hühner. Hält sie trocken und sicher.,Un gallinero cálido con nidales para 8 gallinas. Las mantiene secas y a salvo.,Un poulailler chaud avec pondoirs pour 8 poules. Il les garde au sec et en sécurité.,Un pollaio caldo con nidi per 8 galline. Le tiene all'asciutto e al sicuro.,Um galinheiro quentinho com ninhos para 8 galinhas. Mantém as aves secas e em segurança.,Тёплый курятник с гнёздами для 8 кур. Здесь им сухо и безопасно.,Ciepły kurnik z gniazdami dla 8 kur. Tu mają sucho i bezpiecznie.,産卵箱を備えた、ニワトリ8羽用の暖かい鶏小屋。雨にも濡れず、安全に過ごせます。,"둥지 상자를 갖춘 따뜻한 닭장으로, 닭을 8마리까지 키울 수 있어요. 비에 젖지 않고 안전하게 지내요.",温暖的鸡舍，配有产蛋箱，可容纳 8 只鸡。让它们保持干爽、安全。,溫暖的雞舍，附有產蛋箱，可容納 8 隻雞。讓牠們保持乾爽又安全。
PROJECT_HOUSE_2,House Extension I,Ev Büyütme I,Hausausbau I,Ampliación de la casa I,Extension de la maison I,Ampliamento casa I,Ampliação da casa I,Расширение дома I,Rozbudowa domu I,家の増築 I,집 증축 I,房屋扩建 I,房屋擴建 I
PROJECT_HOUSE_2_DESC,A bigger house with a kitchen and a large pantry chest.,"Mutfaklı, büyük kiler sandıklı daha geniş bir ev.",Ein größeres Haus mit Küche und einer großen Truhe als Speisekammer.,"Una casa más grande, con cocina y un gran cofre de despensa.","Une maison plus grande, avec une cuisine et un grand coffre garde-manger.","Una casa più grande, con cucina e un grande baule per la dispensa.","Uma casa maior, com cozinha e um grande baú de despensa.",Дом побольше: с кухней и большим сундуком в кладовой.,Większy dom z kuchnią i dużą skrzynią w spiżarni.,キッチンと大きな食料庫チェストを備えた、より広い家。,부엌과 큰 찬장이 딸린 더 넓은 집이에요.,更宽敞的房子，带厨房和一个大食品柜。,更寬敞的房子，附廚房和大型食物櫃。
PROJECT_HOUSE_3,House Extension II,Ev Büyütme II,Hausausbau II,Ampliación de la casa II,Extension de la maison II,Ampliamento casa II,Ampliação da casa II,Расширение дома II,Rozbudowa domu II,家の増築 II,집 증축 II,房屋扩建 II,房屋擴建 II
PROJECT_HOUSE_3_DESC,The farmhouse: a separate bedroom with a wardrobe chest and a bookshelf.,Çiftlik evi: gardırop sandıklı ve kitaplıklı ayrı bir yatak odası.,Das Bauernhaus: ein eigenes Schlafzimmer mit Kleidertruhe und Bücherregal.,La casa de campo: un dormitorio aparte con un cofre ropero y una estantería.,La maison de ferme : une chambre séparée avec un coffre à vêtements et une bibliothèque.,Il casale: una camera da letto separata con un baule per i vestiti e una libreria.,A sede da fazenda: um quarto separado com baú de roupas e estante de livros.,Фермерский дом: отдельная спальня с сундуком для одежды и книжной полкой.,Wiejski dom: osobna sypialnia ze skrzynią na ubrania i regałem na książki.,ファームハウス：衣装チェストと本棚のある独立した寝室付き。,농가 주택: 옷장과 책장을 갖춘 침실이 따로 생겨요.,农舍：带衣柜和书架的独立卧室。,農舍：附衣櫃和書架的獨立臥室。
UI_BUILD_BOARD,CONSTRUCTION,İNŞAAT PANOSU,BAUPROJEKTE,CONSTRUCCIÓN,CONSTRUCTION,COSTRUZIONI,CONSTRUÇÃO,СТРОИТЕЛЬСТВО,BUDOWA,建設,건설,建造,建造
UI_MERCHANT,MARKET,PAZAR,MARKT,MERCADO,MARCHÉ,MERCATO,MERCADO,РЫНОК,TARG,マーケット,시장,集市,市集
UI_RANCHER,ANIMAL MARKET,HAYVAN PAZARI,TIERMARKT,MERCADO DE ANIMALES,MARCHÉ AUX BESTIAUX,MERCATO DEL BESTIAME,FEIRA DE ANIMAIS,СКОТНЫЙ РЫНОК,TARG ZWIERZĄT,家畜市場,가축 시장,牲畜市场,牲畜市場
UI_SHOP,SHOP,DÜKKÂN,GESCHÄFT,TIENDA,BOUTIQUE,NEGOZIO,LOJA,МАГАЗИН,SKLEP,ショップ,상점,商店,商店
UI_SHIPPING_BIN,SHIPPING BIN,SATIŞ KUTUSU,VERSANDKISTE,CAJÓN DE ENVÍOS,BAC D'EXPÉDITION,CASSA DI SPEDIZIONE,CAIXA DE ENVIOS,ЯЩИК ДЛЯ ПРОДАЖИ,SKRZYNIA WYSYŁKOWA,出荷箱,출하 상자,出货箱,出貨箱
UI_SHIPPING_BIN_SIGN,SHIPPING,SATIŞ,VERSAND,ENVÍOS,EXPÉDITION,SPEDIZIONI,ENVIOS,ПРОДАЖА,WYSYŁKA,出荷,출하,出货,出貨
ACTION_BUILD,BUILD,İNŞA ET,BAUEN,CONSTRUIR,CONSTRUIRE,COSTRUISCI,CONSTRUIR,СТРОИТЬ,BUDUJ,建設する,건설,建造,建造
ACTION_SHOP,SHOP,ALIŞVERİŞ,EINKAUFEN,COMPRAR,COMMERCER,COMMERCIA,COMPRAR,ТОРГОВАТЬ,HANDLUJ,買い物する,거래,购物,購物
BUILD_GROUP_FIELD,FIELDS,TARLALAR,FELDER,CAMPOS,CHAMPS,CAMPI,LAVOURAS,ПОЛЯ,POLA,畑,밭,农田,農田
BUILD_GROUP_ANIMALS,LIVESTOCK,HAYVANCILIK,TIERE,GANADO,BÉTAIL,BESTIAME,ANIMAIS,ЖИВОТНЫЕ,ZWIERZĘTA,家畜,가축,畜牧,畜牧
BUILD_GROUP_HOUSE,HOUSE,EV,HAUS,CASA,MAISON,CASA,CASA,ДОМ,DOM,家,집,房屋,房屋
BUILD_DONE,Built,Yapıldı,Gebaut,Construido,Construit,Costruito,Construído,Построено,Zbudowano,建設済み,완공,已建成,已完工
BUILD_LOCKED,Locked,Kilitli,Gesperrt,Bloqueado,Verrouillé,Bloccato,Bloqueado,Заблокировано,Zablokowane,ロック中,잠김,未解锁,未解鎖
BUILD_REQUIRES,Requires: %s,Gerekli: %s,Erfordert: %s,Requiere: %s,Nécessite : %s,Richiede: %s,Requer: %s,Требуется: %s,Wymaga: %s,必要：%s,필요 조건: %s,需要：%s,需要：%s
BUILD_COST,Cost,Maliyet,Kosten,Costo,Coût,Costo,Custo,Стоимость,Koszt,費用,비용,费用,費用
BUILD_BUTTON,BUILD,İNŞA ET,BAUEN,CONSTRUIR,CONSTRUIRE,COSTRUISCI,CONSTRUIR,ПОСТРОИТЬ,ZBUDUJ,建設する,건설,建造,建造
BUILD_MISSING,Missing: %s,Eksik: %s,Fehlt: %s,Falta: %s,Manquant : %s,Mancano: %s,Falta: %s,Не хватает: %s,Brakuje: %s,不足：%s,부족: %s,缺少：%s,缺少：%s
SHOP_TAB_BUY,BUY,AL,KAUFEN,COMPRAR,ACHETER,ACQUISTA,COMPRAR,ПОКУПКА,KUPNO,購入,구매,购买,購買
SHOP_TAB_SELL,SELL,SAT,VERKAUFEN,VENDER,VENDRE,VENDI,VENDER,ПРОДАЖА,SPRZEDAŻ,売却,판매,出售,出售
SHOP_BUY,BUY,SATIN AL,KAUFEN,COMPRAR,ACHETER,ACQUISTA,COMPRAR,КУПИТЬ,KUP,購入する,구매,购买,購買
SHOP_SELL,SELL,SAT,VERKAUFEN,VENDER,VENDRE,VENDI,VENDER,ПРОДАТЬ,SPRZEDAJ,売却する,판매,出售,出售
SHOP_MAX,MAX,MAKS,MAX,MÁX,MAX,MAX,MÁX,МАКС.,MAKS.,最大,최대,最大,最大
SHOP_UNIT_PRICE,Price: %d,Fiyat: %d,Preis: %d,Precio: %d,Prix : %d,Prezzo: %d,Preço: %d,Цена: %d,Cena: %d,価格：%d,가격: %d,单价：%d,單價：%d
SHOP_TOTAL,Total: %d,Toplam: %d,Gesamt: %d,Total: %d,Total : %d,Totale: %d,Total: %d,Итого: %d,Razem: %d,合計：%d,합계: %d,总价：%d,總價：%d
SHOP_OWNED,In bag: %d,Çantada: %d,Im Rucksack: %d,En la mochila: %d,Dans le sac : %d,Nello zaino: %d,Na mochila: %d,В сумке: %d,W torbie: %d,所持数：%d,가방 보유: %d,背包中：%d,背包中：%d
SHOP_NOTHING_TO_SELL,Nothing to sell.,Satılacak bir şey yok.,Nichts zu verkaufen.,No tienes nada que vender.,Rien à vendre.,Niente da vendere.,Você não tem nada para vender.,Нечего продавать.,Nie masz nic na sprzedaż.,売れる物がありません。,팔 물건이 없어요.,没有可出售的物品。,沒有可以出售的物品。
SHOP_REPAIR,Repair tools (%s),Aletleri tamir et (%s),Werkzeuge reparieren (%s),Reparar herramientas (%s),Réparer les outils (%s),Ripara gli attrezzi (%s),Consertar ferramentas (%s),Починить инструменты (%s),Napraw narzędzia (%s),道具を修理（%s）,도구 수리 (%s),修理工具（%s）,修理工具（%s）
SHOP_REPAIR_NONE,Tools are in good shape,Aletler sağlam,Deine Werkzeuge sind in gutem Zustand,Tus herramientas están en buen estado,Tes outils sont en bon état,I tuoi attrezzi sono in buono stato,Suas ferramentas estão em bom estado,Инструменты в порядке,Narzędzia są w dobrym stanie,道具はどれも良好です,도구 상태가 좋아요,工具状况良好,工具狀況良好
MSG_TOOLS_REPAIRED,Tools repaired!,Aletler tamir edildi!,Werkzeuge repariert!,¡Herramientas reparadas!,Outils réparés !,Attrezzi riparati!,Ferramentas consertadas!,Инструменты починены!,Narzędzia naprawione!,道具を修理しました！,도구를 수리했어요!,工具修好了！,工具修好了！
REPORT_SALES,Sales,Satışlar,Verkäufe,Ventas,Ventes,Vendite,Vendas,Продажи,Sprzedaż,売上,판매,销售,銷售
REPORT_SHIPPING,Shipping bin,Satış kutusu,Versandkiste,Cajón de envíos,Bac d'expédition,Cassa di spedizione,Caixa de envios,Ящик для продажи,Skrzynia wysyłkowa,出荷箱,출하 상자,出货箱,出貨箱
REPORT_PURCHASES,Purchases,Alışveriş,Einkäufe,Compras,Achats,Acquisti,Compras,Покупки,Zakupy,購入,구매,采购,採購
REPORT_REPAIR,Repairs,Tamir,Reparaturen,Reparaciones,Réparations,Riparazioni,Consertos,Ремонт,Naprawy,修理,수리,修理,修理
KEY_F,F,F,F,F,F,F,F,F,F,F,F,F,F
ACTION_RIDE,RIDE,BİN,REITEN,MONTAR,MONTER,CAVALCA,MONTAR,ОСЕДЛАТЬ,DOSIĄDŹ,乗る,타기,骑乘,騎乘
ACTION_DISMOUNT,DISMOUNT,İN,ABSTEIGEN,DESMONTAR,DESCENDRE,SCENDI,DESMONTAR,СПЕШИТЬСЯ,ZSIĄDŹ,降りる,내리기,下马,下馬
ACTION_PET,PET,SEV,STREICHELN,ACARICIAR,CARESSER,ACCAREZZA,ACARICIAR,ПОГЛАДИТЬ,POGŁASZCZ,なでる,쓰다듬기,抚摸,撫摸
ACTION_INFO,INFO,BİLGİ,INFO,INFO,INFOS,INFO,INFO,ИНФО,INFO,情報,정보,信息,資訊
ACTION_MILK,MILK,SAĞ,MELKEN,ORDEÑAR,TRAIRE,MUNGI,ORDENHAR,ПОДОИТЬ,WYDÓJ,乳をしぼる,젖 짜기,挤奶,擠奶
ACTION_SHEAR,SHEAR,KIRK,SCHEREN,ESQUILAR,TONDRE,TOSA,TOSQUIAR,ОСТРИЧЬ,OSTRZYŻ,毛を刈る,털 깎기,剪毛,剪毛
ACTION_BRUSH,BRUSH,FIRÇALA,BÜRSTEN,CEPILLAR,BROSSER,SPAZZOLA,ESCOVAR,ПОЧИСТИТЬ,WYSZCZOTKUJ,ブラシをかける,빗질,刷毛,刷毛
ACTION_MEDICINE,GIVE MEDICINE,İLAÇ VER,ARZNEI GEBEN,DAR MEDICINA,SOIGNER,CURA,DAR REMÉDIO,ДАТЬ ЛЕКАРСТВО,PODAJ LEK,薬を与える,약 먹이기,喂药,餵藥
ACTION_FEED,FEED,BESLE,FÜTTERN,ALIMENTAR,NOURRIR,NUTRI,ALIMENTAR,ПОКОРМИТЬ,NAKARM,エサをやる,먹이 주기,喂食,餵食
PROGRESS_MILKING,Milking...,Sağılıyor...,Melken...,Ordeñando...,Traite...,Mungitura...,Ordenhando...,Дойка...,Dojenie...,乳しぼり中...,젖 짜는 중...,挤奶中……,擠奶中……
PROGRESS_SHEARING,Shearing...,Kırkılıyor...,Scheren...,Esquilando...,Tonte...,Tosatura...,Tosquiando...,Стрижка...,Strzyżenie...,毛刈り中...,털 깎는 중...,剪毛中……,剪毛中……
PROGRESS_BRUSHING,Brushing...,Fırçalanıyor...,Bürsten...,Cepillando...,Brossage...,Spazzolatura...,Escovando...,Чистка...,Szczotkowanie...,ブラッシング中...,빗질하는 중...,刷毛中……,刷毛中……
PROGRESS_TREATING,Treating...,Tedavi ediliyor...,Behandeln...,Curando...,Soins...,Trattamento...,Tratando...,Лечение...,Leczenie...,治療中...,치료하는 중...,治疗中……,治療中……
PROGRESS_FEEDING,Feeding...,Besleniyor...,Füttern...,Alimentando...,Nourrissage...,Alimentazione...,Alimentando...,Кормление...,Karmienie...,エサやり中...,먹이 주는 중...,喂食中……,餵食中……
MSG_MOUNTED,"You mounted %s. Shift = gallop, E = dismount.","%s sırtındasın. Shift = dörtnala, E = in.","Du sitzt auf %s. Shift = Galopp, E = Absteigen.","A lomos de %s. Shift = galopar, E = desmontar.","Tu es en selle sur %s. Maj = galop, E = descendre.","Sei in sella a %s. Maiusc = galoppo, E = scendi.","Você montou em %s. Shift = galopar, E = desmontar.","%s: ты в седле. Shift — галоп, E — спешиться.","%s: jesteś w siodle. Shift – galop, E – zsiądź.",%sに乗りました。Shift = 駆け足、E = 降りる,"%s의 등에 올라탔어요. Shift = 질주, E = 내리기.",你骑上了%s。按 Shift 疾驰，按 E 下马。,你騎上了%s。按 Shift 疾馳，按 E 下馬。
MSG_NEED_HOUSING,Build the %s first.,Önce %s inşa etmelisin.,Bau zuerst: %s.,Primero construye: %s.,Construis d'abord : %s.,Prima costruisci: %s.,Construa primeiro: %s.,Сначала построй: %s.,Najpierw zbuduj: %s.,先に%sを建設してください。,%s부터 지어야 해요.,请先建造%s。,請先建造%s。
MSG_HOUSING_FULL,No room left — upgrade the building.,Yer kalmadı — binayı büyüt.,Kein Platz mehr – bau das Gebäude aus.,No queda espacio — mejora el edificio.,Plus de place — améliore le bâtiment.,Non c'è più posto — migliora l'edificio.,Não há mais espaço — amplie a construção.,Мест нет — улучши постройку.,Brak miejsca – rozbuduj budynek.,空きがありません。建物をアップグレードしてください。,자리가 없어요 — 건물을 업그레이드하세요.,没有空位了——请升级建筑。,已經沒有空位了——請升級建築。
MSG_ANIMAL_ARRIVED,%s the %s arrived at the farm!,%s (%s) çiftliğe geldi!,%s (%s) ist auf dem Hof angekommen!,¡%s (%s) ya está en la granja!,%s (%s) vient d'arriver à la ferme !,Nuovo arrivo alla fattoria: %s (%s)!,%s (%s) chegou à fazenda!,%s (%s) уже на твоей ферме!,%s (%s) jest już w twoim gospodarstwie!,%s（%s）が農場にやってきました！,%s (%s) — 농장에 새 식구가 왔어요!,%s（%s）来到了农场！,%s（%s）來到了農場！
MSG_ANIMAL_SICK,%s is sick! Give it medicine.,%s hasta! İlaç vermelisin.,%s ist krank und braucht Tierarznei!,¡Animal enfermo: %s! Dale medicina.,%s est malade ! Donne-lui un médicament.,%s sta male! Serve una medicina.,%s está doente! Dê um remédio.,%s болеет! Дай лекарство.,%s choruje! Podaj lek.,%sが病気です！　薬を与えてください。,%s에게 병이 생겼어요! 약을 먹여 주세요.,%s生病了！快给它喂药。,%s生病了！快餵牠吃藥。
MSG_ANIMAL_CURED,%s is feeling better.,%s iyileşiyor.,%s geht es schon besser.,%s ya se siente mejor.,%s va mieux.,%s sta meglio.,%s já está se sentindo melhor.,%s идёт на поправку.,%s wraca do zdrowia.,%sの具合が良くなってきました。,%s의 상태가 나아졌어요.,%s感觉好多了。,%s感覺好多了。
MSG_ANIMAL_GROWN,%s grew up into a %s!,"%s büyüdü, artık yetişkin bir %s!",%s ist jetzt ausgewachsen (%s)!,¡%s (%s) ya es un animal adulto!,%s a atteint l'âge adulte (%s) !,%s ha raggiunto l'età adulta (%s)!,%s (%s) já é um animal adulto!,%s больше не малыш — теперь это %s!,%s to już nie maluch – teraz to %s!,%sが成長して%sになりました！,%s도 다 자라서 어엿한 %s 한 마리가 됐어요!,%s长大了，已经是成年%s了！,%s長大了，已經是成年%s了！
MSG_ANIMAL_HUNGRY,%s went hungry yesterday.,%s dün aç kaldı.,%s musste gestern hungern.,%s pasó hambre ayer.,%s n'a pas assez mangé hier.,%s ha sofferto la fame ieri.,%s passou fome ontem.,%s: вчера не хватило корма.,%s: wczoraj zabrakło paszy.,%sは昨日、おなかをすかせていました。,어제 %s에게 먹이가 모자랐어요.,%s昨天饿肚子了。,%s昨天餓肚子了。
MSG_ANIMALS_IN_RAIN,%s are out in the weather and getting hurt! A closed barn would shelter them.,%s kötü havada açıkta kaldı ve hasar alıyor! Kapalı ahır onları korur.,Das Wetter draußen setzt %s zu! Ein geschlossener Stall würde Schutz bieten.,Animales a la intemperie y perdiendo salud: %s. ¡Un establo cerrado los protegería!,Le mauvais temps fait du mal à %s ! Une étable fermée servirait d'abri.,Il maltempo sta facendo male a %s! Una stalla chiusa offrirebbe riparo.,Animais expostos ao mau tempo e perdendo saúde: %s. Um estábulo fechado os protegeria!,Под открытым небом в непогоду: %s! Животные страдают — их защитит закрытый хлев.,Na zewnątrz w złą pogodę: %s! Zwierzęta cierpią – zamknięta obora da im schronienie.,%sが悪天候の中、外でケガをしています！　屋根付き家畜小屋があれば雨風をしのげます。,%s: 궂은 날씨에 밖에서 다치고 있어요! 실내 외양간이 있으면 비바람을 피할 수 있어요.,%s在外面淋雨受冻，正在受伤！封闭式畜棚能为它们遮风挡雨。,%s在外頭淋雨受凍，身體正在受傷！封閉式畜舍可以讓牠們遮風避雨。
MSG_VET,The vet treated %s (-%s).,Veteriner %s için müdahale etti (-%s).,Der Tierarzt hat %s behandelt (-%s).,El veterinario atendió a %s (-%s).,Le vétérinaire a soigné %s (-%s).,Il veterinario ha curato %s (-%s).,O veterinário cuidou de %s (-%s).,Помощь ветеринара: %s (-%s).,Pomoc weterynarza: %s (-%s).,獣医が%sを治療しました（-%s）。,수의사가 %s의 치료를 마쳤어요 (-%s).,兽医为%s做了治疗（-%s）。,獸醫替%s做了治療（-%s）。
REPORT_ANIMALS,Livestock,Hayvancılık,Tiere,Ganado,Bétail,Bestiame,Animais,Животные,Zwierzęta,家畜,가축,牲畜,牲畜
REPORT_VET,Veterinarian,Veteriner,Tierarzt,Veterinario,Vétérinaire,Veterinario,Veterinário,Ветеринар,Weterynarz,獣医,수의사,兽医,獸醫
ANIMAL_CHICKEN,Chicken,Tavuk,Huhn,Gallina,Poule,Gallina,Galinha,Курица,Kura,ニワトリ,닭,鸡,雞
ANIMAL_CHICKEN_BABY,Chick,Civciv,Küken,Pollito,Poussin,Pulcino,Pintinho,Цыплёнок,Kurczę,ヒヨコ,병아리,小鸡,小雞
ANIMAL_SHEEP,Sheep,Koyun,Schaf,Oveja,Mouton,Pecora,Ovelha,Овца,Owca,ヒツジ,양,绵羊,綿羊
ANIMAL_SHEEP_BABY,Lamb,Kuzu,Lamm,Cordero,Agneau,Agnello,Cordeiro,Ягнёнок,Jagnię,子ヒツジ,새끼 양,小羊,小羊
ANIMAL_COW,Cow,İnek,Kuh,Vaca,Vache,Mucca,Vaca,Корова,Krowa,ウシ,소,奶牛,乳牛
ANIMAL_COW_BABY,Calf,Buzağı,Kalb,Ternero,Veau,Vitello,Bezerro,Телёнок,Cielę,子ウシ,송아지,小牛,小牛
ANIMAL_HORSE,Horse,At,Pferd,Caballo,Cheval,Cavallo,Cavalo,Лошадь,Koń,ウマ,말,马,馬
ANIMAL_HORSE_BABY,Foal,Tay,Fohlen,Potro,Poulain,Puledro,Potro,Жеребёнок,Źrebię,子ウマ,망아지,小马,小馬
ITEM_FEED,Chicken Feed,Tavuk Yemi,Hühnerfutter,Alimento para gallinas,Nourriture pour poules,Mangime per galline,Ração para galinhas,Корм для кур,Pasza dla kur,ニワトリのエサ,닭 사료,鸡饲料,雞飼料
ITEM_MEDICINE,Animal Medicine,Hayvan İlacı,Tierarznei,Medicina para animales,Médicament pour animaux,Medicina per animali,Remédio para animais,Лекарство для животных,Lek dla zwierząt,動物用の薬,동물용 약,兽药,動物用藥
ITEM_EGG,Egg,Yumurta,Ei,Huevo,Œuf,Uovo,Ovo,Яйцо,Jajko,卵,달걀,鸡蛋,雞蛋
ITEM_MILK,Milk,Süt,Milch,Leche,Lait,Latte,Leite,Молоко,Mleko,牛乳,우유,牛奶,牛奶
ITEM_WOOL,Wool,Yün,Wolle,Lana,Laine,Lana,Lã,Шерсть,Wełna,羊毛,양털,羊毛,羊毛
DESC_FEED,One daily ration for a chicken. Put it in the coop feeder.,Bir tavuğun günlük tayını. Kümesteki yemliğe koy.,Eine Tagesration für ein Huhn. Füll es in den Futtertrog im Hühnerstall.,Una ración diaria para una gallina. Ponla en el comedero del gallinero.,Une ration quotidienne pour une poule. Mets-la dans la mangeoire du poulailler.,Una razione giornaliera per una gallina. Mettila nella mangiatoia del pollaio.,A porção diária de uma galinha. Coloque no comedouro do galinheiro.,Дневной рацион одной курицы. Насыпь его в кормушку в курятнике.,Dzienna porcja dla jednej kury. Wsyp ją do karmidła w kurniku.,ニワトリ1羽の1日分のエサ。鶏小屋のエサ桶に入れてください。,닭 한 마리의 하루치 사료예요. 닭장 먹이통에 넣어 주세요.,一只鸡一天的口粮。放进鸡舍的食槽里。,一隻雞一天的飼料份量。放進雞舍的食槽裡。
DESC_MEDICINE,Cures a sick animal.,Hasta bir hayvanı iyileştirir.,Heilt ein krankes Tier.,Cura a un animal enfermo.,Guérit un animal malade.,Cura un animale malato.,Cura um animal doente.,Лечит больное животное.,Leczy chore zwierzę.,病気の動物を治します。,아픈 동물을 치료해요.,能治好生病的动物。,可以治好生病的動物。
DESC_EGG,Fresh from the coop.,Kümesten taze.,Frisch aus dem Hühnerstall.,Recién salido del gallinero.,Tout frais sorti du poulailler.,Fresco di pollaio.,"Fresquinho, direto do galinheiro.","Свежее, прямо из курятника.","Świeże, prosto z kurnika.",鶏小屋で産みたての卵。,닭장에서 갓 꺼낸 달걀이에요.,刚从鸡舍里捡来的，新鲜着呢。,剛從雞舍撿來的，新鮮得很。
DESC_MILK,Fresh cow's milk.,Taze inek sütü.,Frische Kuhmilch.,Leche fresca de vaca.,Lait de vache frais.,Latte fresco di mucca.,Leite fresco de vaca.,Свежее коровье молоко.,Świeże krowie mleko.,しぼりたての牛乳。,갓 짠 신선한 우유예요.,新鲜的牛奶。,新鮮現擠的牛奶。
DESC_WOOL,Soft sheep's wool.,Yumuşacık koyun yünü.,Weiche Schafwolle.,Suave lana de oveja.,Douce laine de mouton.,Morbida lana di pecora.,Lã macia de ovelha.,Мягкая овечья шерсть.,Miękka owcza wełna.,ふんわりやわらかな羊毛。,부드러운 양털이에요.,柔软的绵羊毛。,柔軟的綿羊毛。
STAT_FULLNESS,Food,Tokluk,Futter,Comida,Nourriture,Cibo,Comida,Сытость,Sytość,満腹度,포만감,饱食度,飽食度
STAT_HYDRATION,Water,Su,Wasser,Agua,Eau,Acqua,Água,Вода,Woda,水分,수분,水分,水分
STAT_HAPPINESS,Happiness,Mutluluk,Stimmung,Felicidad,Bonheur,Felicità,Felicidade,Счастье,Zadowolenie,幸福度,행복도,心情,心情
STAT_HEALTH,Health,Sağlık,Gesundheit,Salud,Santé,Salute,Saúde,Здоровье,Zdrowie,健康,건강,健康,健康
ANIMAL_ADULT,Adult,Yetişkin,Ausgewachsen,Adulto,Adulte,Adulto,Adulto,Взрослая особь,Dorosły osobnik,大人,성체,成年,成年
ANIMAL_GROWING,Growing (%d/%d days),Büyüyor (%d/%d gün),Wächst (%d/%d Tage),Creciendo (%d/%d días),En croissance (%d/%d jours),In crescita (%d/%d giorni),Crescendo (%d/%d dias),Растёт (%d/%d дн.),Rośnie (%d/%d dni),成長中（%d/%d日）,성장 중 (%d/%d일),成长中（%d/%d 天）,成長中（%d/%d 天）
STATUS_SICK,Sick — give it Animal Medicine.,Hasta — Hayvan İlacı ver.,Krank – braucht Tierarznei.,Enfermo — dale Medicina para animales.,Malade — donne-lui un médicament pour animaux.,Sta male — usa la medicina per animali.,Doente — dê Remédio para animais.,Болеет — дай Лекарство для животных.,Choruje – podaj Lek dla zwierząt.,病気です。動物用の薬を与えてください。,아파요 — 동물용 약을 먹여 주세요.,生病了——给它喂兽药。,生病了——餵牠吃動物用藥。
STATUS_WET,Soaked by the rain. It needs shelter!,Yağmurdan sırılsıklam. Barınağa ihtiyacı var!,Vom Regen durchnässt. Braucht einen Unterstand!,Empapado por la lluvia. ¡Necesita refugio!,Trempé par la pluie. Il a besoin d'un abri !,Fradicio di pioggia. Ha bisogno di un riparo!,Encharcado pela chuva. Precisa de abrigo!,Мокнет под дождём. Нужно укрытие!,Moknie na deszczu. Potrzebuje schronienia!,雨でずぶぬれです。雨宿りできる場所が必要です！,비에 흠뻑 젖었어요. 비를 피할 곳이 필요해요!,被雨淋透了。它需要避雨的地方！,被雨淋得濕透了。牠需要地方躲雨！
STATUS_COLD,Freezing out in the cold!,Soğukta donuyor!,Friert draußen in der Kälte!,¡Se está congelando de frío!,Grelotte dehors dans le froid !,Trema di freddo là fuori!,Está congelando de frio!,Мёрзнет на холоде!,Marznie na zimnie!,寒さで凍えています！,밖에서 추위에 떨고 있어요!,在外面冻得瑟瑟发抖！,在外頭冷到發抖！
STATUS_HUNGRY,Hungry — fill the feeder.,Aç — yemliği doldur.,Hungrig – füll den Futtertrog.,Tiene hambre — llena el comedero.,A faim — remplis la mangeoire.,Ha fame — riempi la mangiatoia.,Com fome — encha o comedouro.,Хочет есть — наполни кормушку.,Chce jeść – napełnij karmidło.,おなかをすかせています。エサ桶にエサを入れてください。,배고파요 — 먹이통을 채워 주세요.,饿了——往食槽里添加饲料。,肚子餓了——往食槽裡添加飼料。
STATUS_THIRSTY,Thirsty — fill the water trough.,Susuz — suluğu doldur.,Durstig – füll den Wassertrog.,Tiene sed — llena el bebedero.,A soif — remplis l'abreuvoir.,Ha sete — riempi l'abbeveratoio.,Com sede — encha o bebedouro.,Хочет пить — наполни корыто для воды.,Chce pić – napełnij koryto na wodę.,のどが渇いています。水桶に水を入れてください。,목말라요 — 물통을 채워 주세요.,渴了——往水槽里加水。,口渴了——往水槽裡加水。
STATUS_NO_SHELTER,"Open pen: no shelter from rain, snow or cold nights.","Açık ağıl: yağmur, kar ve soğuk gecelerden korumaz.","Offenes Gehege: kein Schutz vor Regen, Schnee oder kalten Nächten.","Corral abierto: sin protección contra la lluvia, la nieve ni las noches frías.","Enclos ouvert : aucun abri contre la pluie, la neige ou les nuits froides.","Recinto aperto: nessun riparo da pioggia, neve o notti fredde.","Cercado aberto: sem proteção contra chuva, neve ou noites frias.","Открытый загон: нет защиты от дождя, снега и холодных ночей.","Otwarta zagroda: brak osłony przed deszczem, śniegiem i zimnymi nocami.",屋根なしの囲い：雨や雪、寒い夜をしのげません。,"야외 우리: 비, 눈, 추운 밤을 피할 곳이 없어요.",露天围栏：无法遮挡雨雪和寒冷的夜晚。,露天圍欄：擋不住雨雪和寒冷的夜晚。
STATUS_INDOORS,Sheltered inside.,"İçeride, korunuyor.",Drinnen geschützt.,"A resguardo, bajo techo.","À l'abri, à l'intérieur.","Al riparo, al chiuso.","Em segurança, lá dentro.","Под крышей, в укрытии.","Pod dachem, w schronieniu.",屋内で雨風をしのいでいます。,실내에서 비바람을 피하고 있어요.,在室内躲避风雨。,待在室內躲避風雨。
STATUS_MILK_READY,Milk is ready — use the Milk Pail.,Süt hazır — Süt Kovası ile sağ.,Bereit zum Melken – nimm den Melkeimer.,La leche está lista — usa el Balde de ordeño.,Le lait est prêt — utilise le seau à lait.,Il latte è pronto — usa il secchio per il latte.,O leite está pronto — use o Balde de leite.,Молоко готово — возьми Подойник.,Mleko gotowe – użyj Wiadra do dojenia.,乳がしぼれます。搾乳バケツを使ってください。,젖을 짤 수 있어요 — 우유통을 사용하세요.,可以挤奶了——使用挤奶桶。,可以擠奶了——使用擠奶桶。
STATUS_MILK_TOMORROW,Gives milk every morning when well fed.,İyi beslenirse her sabah süt verir.,"Gibt jeden Morgen Milch, wenn gut gefüttert.",Da leche cada mañana si come bien.,Donne du lait chaque matin avec une bonne alimentation.,"Con una buona alimentazione, dà latte ogni mattina.",Dá leite toda manhã se comer bem.,"Даёт молоко каждое утро, если хорошо кормить.","Daje mleko każdego ranka, jeśli ma dość jedzenia.",しっかりエサを食べていれば、毎朝乳を出します。,잘 먹으면 매일 아침 우유를 줘요.,喂饱的话，每天早上都会产奶。,吃飽的話，每天早上都會產奶。
STATUS_WOOL_READY,Wool is ready — use the Shears.,Yün hazır — Kırkma Makası kullan.,Bereit zur Schur – nimm die Schafschere.,La lana está lista — usa las Tijeras de esquilar.,La laine est prête — utilise les cisailles.,La lana è pronta — usa le cesoie.,A lã está pronta — use a Tesoura de tosquia.,Шерсть готова — возьми Ножницы.,Wełna gotowa – użyj Nożyc.,毛が刈れます。毛刈りバサミを使ってください。,털을 깎을 수 있어요 — 양털 가위를 사용하세요.,可以剪毛了——使用羊毛剪。,可以剪毛了——使用羊毛剪。
STATUS_WOOL,Wool growth: %d%%,Yün uzaması: %%%d,Wollwuchs: %d%%,Crecimiento de la lana: %d%%,Pousse de la laine : %d %%,Crescita della lana: %d%%,Crescimento da lã: %d%%,Рост шерсти: %d%%,Przyrost wełny: %d%%,毛の伸び：%d%%,양털 성장: %d%%,羊毛生长：%d%%,羊毛生長：%d%%
STATUS_EGGS,Lays an egg every morning when well fed.,İyi beslenirse her sabah yumurtlar.,"Legt jeden Morgen ein Ei, wenn gut gefüttert.",Pone un huevo cada mañana si come bien.,Pond un œuf chaque matin avec une bonne alimentation.,"Con una buona alimentazione, depone un uovo ogni mattina.",Bota um ovo toda manhã se comer bem.,"Несёт яйцо каждое утро, если хорошо кормить.","Znosi jajko każdego ranka, jeśli ma dość jedzenia.",しっかりエサを食べていれば、毎朝卵を産みます。,잘 먹으면 매일 아침 달걀을 낳아요.,喂饱的话，每天早上都会下一个蛋。,吃飽的話，每天早上都會下一顆蛋。
STATUS_RIDE,Press E to ride. Shift to gallop.,Binmek için E. Dörtnala için Shift.,"Drück E zum Reiten, Shift zum Galoppieren.",Presiona E para montar. Shift para galopar.,Appuie sur E pour monter. Maj pour galoper.,Premi E per cavalcare. Maiusc per galoppare.,Pressione E para montar. Shift para galopar.,"Нажми E, чтобы сесть верхом. Shift — галоп.","Naciśnij E, aby jechać wierzchem. Shift – galop.",Eで乗れます。Shiftで駆け足になります。,E를 눌러 타세요. Shift로 질주할 수 있어요.,按 E 骑乘，按 Shift 疾驰。,按 E 騎乘，按 Shift 疾馳。
STATUS_PETTED,Petted today ♥,Bugün sevildi ♥,Heute gestreichelt ♥,Acariciado hoy ♥,A reçu ses caresses du jour ♥,Ha ricevuto le carezze di oggi ♥,Recebeu carinho hoje ♥,Сегодня уже гладили ♥,Dziś już pogłaskano ♥,今日はなでました ♥,오늘 쓰다듬어 줬어요 ♥,今天已抚摸 ♥,今天已撫摸 ♥
STATUS_NOT_PETTED,Not petted today — press E to pet.,Bugün sevilmedi — sevmek için E.,Heute nicht gestreichelt – drück E zum Streicheln.,Sin caricias hoy — presiona E para acariciar.,Pas encore de caresses aujourd'hui — appuie sur E pour caresser.,Niente carezze oggi — premi E per accarezzare.,Sem carinho hoje — pressione E para acariciar.,"Сегодня ещё не гладили — нажми E, чтобы погладить.","Dziś jeszcze nie pogłaskano – naciśnij E, aby pogłaskać.",今日はまだなでていません。Eでなでましょう。,오늘 아직 안 쓰다듬었어요 — E를 눌러 쓰다듬어 주세요.,今天还没抚摸——按 E 抚摸。,今天還沒撫摸——按 E 撫摸牠。
STATUS_VALUE,Value: %s,Değeri: %s,Wert: %s,Valor: %s,Valeur : %s,Valore: %s,Valor: %s,Стоимость: %s,Wartość: %s,価値：%s,가치: %s,价值：%s,價值：%s
RANCHER_TAB_BUY,BUY ANIMALS,HAYVAN AL,TIERE KAUFEN,COMPRAR ANIMALES,ACHETER,ACQUISTA ANIMALI,COMPRAR ANIMAIS,ПОКУПКА ЖИВОТНЫХ,KUPNO ZWIERZĄT,動物を購入,동물 구매,购买动物,購買動物
RANCHER_TAB_SELL,SELL ANIMALS,HAYVAN SAT,TIERE VERKAUFEN,VENDER ANIMALES,VENDRE,VENDI ANIMALI,VENDER ANIMAIS,ПРОДАЖА ЖИВОТНЫХ,SPRZEDAŻ ZWIERZĄT,動物を売却,동물 판매,出售动物,出售動物
RANCHER_TAB_SUPPLIES,SUPPLIES,MALZEME,TIERBEDARF,SUMINISTROS,FOURNITURES,FORNITURE,SUPRIMENTOS,ПРИПАСЫ,ZAOPATRZENIE,飼育用品,용품,用品,用品
RANCHER_PRODUCT,Gives %s (%s).,Ürün: %s (%s).,Liefert %s (%s).,Producto: %s (%s).,Produit : %s (%s).,Produce: %s (%s).,Produto: %s (%s).,Даёт: %s (%s).,Daje: %s (%s).,%sがとれます（%s）。,생산: %s (%s),产出：%s（%s）。,產出：%s（%s）。
RANCHER_DAILY,daily,her gün,täglich,cada día,tous les jours,ogni giorno,todo dia,каждый день,codziennie,毎日,매일,每天,每天
RANCHER_EVERY_DAYS,every %d days,%d günde bir,alle %d Tage,cada %d días,tous les %d jours,ogni %d giorni,a cada %d dias,раз в %d дн.,co %d dni,%d日ごと,%d일마다,每 %d 天一次,每 %d 天一次
RANCHER_RIDEABLE,Rideable when grown — fast travel across the farm.,Büyüyünce binilebilir — çiftlikte hızlı ulaşım.,Ausgewachsen reitbar – schnell quer über den Hof.,Se puede montar de adulto — muévete rápido por la granja.,Peut être monté une fois adulte — pour traverser la ferme en vitesse.,Cavalcabile da adulto — per spostarti velocemente nella fattoria.,Pode ser montado quando adulto — circule rápido pela fazenda.,"Когда подрастёт, можно ездить верхом — быстрое передвижение по ферме.","Gdy dorośnie, można na nim jeździć – szybka podróż po gospodarstwie.",成長すると乗れます。農場内をすばやく移動できます。,다 자라면 탈 수 있어요 — 농장 곳곳을 빠르게 이동해요.,长大后可骑乘——在农场里快速移动。,長大後可以騎乘——在農場裡快速移動。
RANCHER_FOOD,Eats %d × %s a day (or grazes).,Günde %d × %s yer (ya da otlar).,Frisst %d × %s pro Tag (oder grast).,Come %d × %s al día (o sale a pastar).,Mange %d × %s par jour (ou broute).,Mangia %d × %s al giorno (o pascola).,Come %d × %s por dia (ou pasta no campo).,Ест %d × %s в день (или пасётся).,Zjada %d × %s dziennie (lub się pasie).,1日に%d個の%sを食べます（放牧でも可）。,먹이: 하루 %d × %s (방목 가능),每天吃 %d × %s（也会自己吃草）。,每天吃 %d × %s（或自己吃草）。
RANCHER_NO_ANIMALS,You don't have any animals yet.,Henüz hiç hayvanın yok.,Du hast noch keine Tiere.,Todavía no tienes animales.,Tu n'as encore aucun animal.,Non hai ancora nessun animale.,Você ainda não tem animais.,У тебя пока нет животных.,Nie masz jeszcze żadnych zwierząt.,まだ動物がいません。,아직 키우는 동물이 없어요.,你还没有任何动物。,你還沒有任何動物。
RANCHER_CONFIRM,SURE?,EMİN MİSİN?,SICHER?,¿CONFIRMAR?,CONFIRMER,SICURO?,CERTEZA?,ТОЧНО?,NA PEWNO?,本当に？,정말요?,确定吗？,確定嗎？
HOUSING_BARN,Barn,Ahır,Stall,Establo,Étable,Stalla,Estábulo,Хлев,Obora,家畜小屋,외양간,畜棚,畜舍
HOUSING_COOP,Coop,Kümes,Hühnerstall,Gallinero,Poulailler,Pollaio,Galinheiro,Курятник,Kurnik,鶏小屋,닭장,鸡舍,雞舍
STATUS_DRYING,Still damp — drying off.,Hâlâ ıslak — kuruyor.,Noch feucht – trocknet.,Todavía húmedo — se está secando.,Encore humide — en train de sécher.,Ancora umido — si sta asciugando.,Ainda úmido — secando.,Пока сыровато — обсыхает.,Jeszcze wilgotno – schnie.,まだ湿っています。だんだん乾いてきました。,아직 축축해요 — 마르는 중이에요.,还有点湿——正在晾干。,還有點濕——正在慢慢變乾。
UI_INV_HINT,Shift+click: quick move · Right click: split · Drag outside: drop,Shift+Tık: hızlı taşı · Sağ tık: böl · Dışarı sürükle: yere bırak,Shift+Klick: schnell verschieben · Rechtsklick: teilen · Hinausziehen: fallen lassen,Shift+clic: mover rápido · Clic derecho: dividir · Arrastrar fuera: soltar,Maj+clic : transfert rapide · Clic droit : diviser · Glisser à l'extérieur : lâcher,Maiusc+clic: spostamento rapido · Clic destro: dividi · Trascina fuori: getta,Shift+clique: mover rápido · Clique direito: dividir · Arrastar para fora: soltar,Shift+клик: быстрый перенос · Правый клик: разделить · Перетащить за окно: выбросить,Shift+klik: szybkie przeniesienie · Prawy klik: podziel · Przeciągnij poza okno: wyrzuć,Shift+クリック：すばやく移動 · 右クリック：分割 · 外へドラッグ：捨てる,Shift+클릭: 빠르게 옮기기 · 우클릭: 나누기 · 밖으로 드래그: 버리기,Shift+点击：快速移动 · 右键：拆分 · 拖到界面外：丢弃,Shift+點擊：快速移動 · 右鍵：拆分 · 拖曳到介面外：丟棄
UI_TAKE_ALL,Take all,Hepsini al,Alle nehmen,Sacar todo,Tout prendre,Prendi tutto,Pegar tudo,Взять всё,Weź wszystko,すべて取り出す,모두 가져오기,全部取出,全部取出
UI_STORE_ALL,Store all,Hepsini koy,Alle ablegen,Guardar todo,Tout ranger,Riponi tutto,Guardar tudo,Сложить всё,Odłóż wszystko,すべて収納,모두 넣기,全部存入,全部存入
UI_BAG,Bag,Çanta,Rucksack,Mochila,Sac,Zaino,Mochila,Сумка,Torba,持ち物,가방,背包,背包
UI_INV_EMPTY_DETAILS,Hover an item to see its details.,Ayrıntıları görmek için bir eşyanın üzerine gel.,"Zeig auf einen Gegenstand, um Details zu sehen.",Pasa el cursor sobre un objeto para ver sus detalles.,Survole un objet pour voir ses détails.,Passa il mouse su un oggetto per vederne i dettagli.,Passe o mouse sobre um item para ver os detalhes.,"Наведи курсор на предмет, чтобы увидеть подробности.","Najedź kursorem na przedmiot, aby zobaczyć szczegóły.",アイテムにカーソルを合わせると詳細が表示されます。,아이템에 마우스를 올리면 자세한 정보가 보여요.,将鼠标悬停在物品上即可查看详情。,將滑鼠移到物品上即可查看詳細資訊。
UI_DURABILITY_LABEL,Durability,Dayanıklılık,Haltbarkeit,Durabilidad,Durabilité,Durabilità,Durabilidade,Прочность,Wytrzymałość,耐久度,내구도,耐久度,耐久度
UI_WATER_LABEL,Water,Su,Wasser,Agua,Eau,Acqua,Água,Вода,Woda,水量,물,水量,水量
UI_SELLS_FOR,Sells for,Satış fiyatı,Verkaufspreis,Precio de venta,Prix de vente,Prezzo di vendita,Preço de venda,Цена продажи,Cena sprzedaży,売値,판매가,售价,售價
UI_BUILD_HINT,"Expand the farm: fields, animal housing and your home","Çiftliği büyüt: tarlalar, hayvan barınakları ve evin","Bau deinen Hof aus: Felder, Ställe und dein Zuhause","Amplía la granja: campos, instalaciones para animales y tu casa","Agrandis la ferme : champs, abris pour animaux et ta maison","Amplia la fattoria: campi, ricoveri per animali e la tua casa","Expanda a fazenda: lavouras, instalações para animais e sua casa","Расширяй ферму: поля, постройки для животных и твой дом","Rozbudowuj gospodarstwo: pola, budynki dla zwierząt i twój dom",農場を広げましょう：畑、動物小屋、そして自宅,"밭과 축사, 그리고 집까지 농장을 넓혀 보세요",扩建农场：农田、动物棚舍，还有你的家,擴建農場：農田、動物棚舍，還有你的家
BUILD_REQUIREMENTS,Requirements,Gereksinimler,Voraussetzungen,Requisitos,Prérequis,Requisiti,Requisitos,Требования,Wymagania,必要条件,필요 조건,前置条件,前置條件
UI_SHOP_HINT,Prices follow the market and change every day,Fiyatlar piyasaya göre her gün değişir,Die Preise folgen dem Markt und ändern sich täglich,Los precios siguen al mercado y cambian cada día,Les prix suivent le marché et changent chaque jour,I prezzi seguono il mercato e cambiano ogni giorno,Os preços seguem o mercado e mudam todo dia,Цены зависят от рынка и меняются каждый день,Ceny zależą od rynku i zmieniają się codziennie,価格は相場に合わせて毎日変わります,가격은 시세에 따라 매일 바뀌어요,价格随市场行情每日变动,價格隨市場行情每天變動
SHOP_UNIT,Unit price,Birim fiyat,Stückpreis,Precio unitario,Prix unitaire,Prezzo unitario,Preço unitário,Цена за единицу,Cena za sztukę,単価,개당 가격,单价,單價
SHOP_IN_BAG,In your bag,Çantanda,Im Rucksack,En tu mochila,Dans ton sac,Nel tuo zaino,Na sua mochila,В сумке,W torbie,所持数,가방 보유량,背包中,背包中
SHOP_TREND_UP,Price rising,Fiyat yükseliyor,Preis steigt,Precio al alza,Prix en hausse,Prezzo in aumento,Preço em alta,Цена растёт,Cena rośnie,値上がり中,가격 상승 중,价格上涨,價格上漲
SHOP_TREND_DOWN,Price falling,Fiyat düşüyor,Preis fällt,Precio a la baja,Prix en baisse,Prezzo in calo,Preço em queda,Цена падает,Cena spada,値下がり中,가격 하락 중,价格下跌,價格下跌
SHOP_QUANTITY,Quantity,Miktar,Menge,Cantidad,Quantité,Quantità,Quantidade,Количество,Ilość,数量,수량,数量,數量
SHOP_TOTAL_LABEL,Total,Toplam,Gesamt,Total,Total,Totale,Total,Итого,Razem,合計,합계,总价,總價
UI_RANCHER_HINT,"Buy young or grown animals, sell your own, stock up on supplies","Yavru ya da yetişkin hayvan al, hayvanlarını sat, malzeme edin","Kauf junge oder ausgewachsene Tiere, verkauf deine eigenen und deck dich mit Tierbedarf ein","Compra animales jóvenes o adultos, vende los tuyos y abastécete de suministros","Achète des animaux jeunes ou adultes, vends les tiens, fais le plein de fournitures","Compra animali giovani o adulti, vendi i tuoi, fai scorta di forniture","Compre filhotes ou animais adultos, venda os seus e estoque suprimentos","Покупай молодых или взрослых животных, продавай своих и закупай припасы","Kupuj młode lub dorosłe zwierzęta, sprzedawaj własne i rób zapasy",子どもや大人の動物を買ったり、手持ちの動物を売ったり、飼育用品をそろえたりできます,"새끼나 다 자란 동물을 사고, 키우던 동물을 팔고, 필요한 용품도 갖춰 보세요",购买幼年或成年动物，出售自家动物，补充各类用品,購買幼年或成年動物、出售自己的動物、補充各種用品
UI_ANIMAL,Animal,Hayvan,Tier,Animal,Animal,Animale,Animal,Животное,Zwierzę,動物,동물,动物,動物
ANIMAL_NEEDS,Needs,İhtiyaçlar,Bedürfnisse,Necesidades,Besoins,Bisogni,Necessidades,Потребности,Potrzeby,欲求,욕구,需求,需求
ANIMAL_CONDITION,Condition,Durum,Zustand,Estado,État,Condizioni,Estado,Состояние,Stan,状態,상태,状态,狀態
ANIMAL_VALUE,Market value,Piyasa değeri,Marktwert,Valor de mercado,Valeur marchande,Valore di mercato,Valor de mercado,Рыночная стоимость,Wartość rynkowa,市場価値,시장 가치,市价,市價
REPORT_WEATHER,Weather,Hava durumu,Wetter,Clima,Météo,Meteo,Clima,Погода,Pogoda,天気,날씨,天气,天氣
UI_TAGLINE,Farm life,Çiftlik hayatı,Landleben,Vida en la granja,La vie à la ferme,Vita in fattoria,Vida na fazenda,Жизнь на ферме,Życie na wsi,農場暮らし,농장 생활,田园生活,田園生活
UI_PAUSED,Paused,Oyun duraklatıldı,Pausiert,En pausa,En pause,In pausa,Pausado,Пауза,Pauza,一時停止中,일시 정지,已暂停,已暫停
UI_RESUME,Resume,Devam et,Fortsetzen,Reanudar,Reprendre,Riprendi,Retomar,Продолжить,Wznów,再開,계속하기,继续,繼續
UI_MAIN_MENU,Main menu,Ana menü,Hauptmenü,Menú principal,Menu principal,Menu principale,Menu principal,Главное меню,Menu główne,メインメニュー,메인 메뉴,主菜单,主選單
UI_QUIT,Quit game,Oyundan çık,Spiel beenden,Salir del juego,Quitter le jeu,Esci dal gioco,Sair do jogo,Выйти из игры,Wyjdź z gry,ゲームを終了,게임 종료,退出游戏,離開遊戲
UI_PLAY,Play,Oyna,Spielen,Jugar,Jouer,Gioca,Jogar,Играть,Graj,プレイ,플레이,开始游戏,開始遊戲
UI_FARM_TODAY,Your farm today,Çiftliğin bugün,Dein Hof heute,Tu granja hoy,Ta ferme aujourd'hui,La tua fattoria oggi,Sua fazenda hoje,Твоя ферма сегодня,Twoje gospodarstwo dziś,今日の農場,오늘의 농장,今日农场,今日農場
UI_ANIMAL_COUNT,%d animals,%d hayvan,%d Tiere,Animales: %d,%d animaux,%d animali,Animais: %d,Животных: %d,Zwierzęta: %d,動物 %d匹,동물 %d마리,%d 只动物,%d 隻動物
UI_CREDITS,"Animal models: kenchoo, henrysteve973, MAXDESIGN-3D · Pickup: Daniel Zhabotinsky · Hoe: EFX · Scythe: DrKryzel · Pitchfork: Multipainkiller Studio · Crops and produce: gilles.schaeck, KillTheSaint, zvanstone, Loïc Norgeot, Tayfun Özen, Meerschaum Digital · Goods: Bandit, Mikko Haapoja, epavlenko, m31odyr, Teilor Andersen, Zbrojmistrz (Sketchfab, CC BY 4.0) · Shears: Muzeum Narodowe w Szczecinie · Textures, tools and props: Poly Haven (CC0) · Sounds: Kenney (CC0), Mixkit · Radio music: Turku, Nomads of the Silk Road (CC BY 4.0), Kevin MacLeod, incompetech.com (CC BY 4.0), Musopen · Fonts: Barlow, Noto Sans (OFL)","Hayvan modelleri: kenchoo, henrysteve973, MAXDESIGN-3D · Pikap: Daniel Zhabotinsky · Çapa: EFX · Tırpan: DrKryzel · Yaba: Multipainkiller Studio · Ekinler ve ürünler: gilles.schaeck, KillTheSaint, zvanstone, Loïc Norgeot, Tayfun Özen, Meerschaum Digital · Eşyalar: Bandit, Mikko Haapoja, epavlenko, m31odyr, Teilor Andersen, Zbrojmistrz (Sketchfab, CC BY 4.0) · Kırkma makası: Muzeum Narodowe w Szczecinie · Dokular, aletler ve eşyalar: Poly Haven (CC0) · Sesler: Kenney (CC0), Mixkit · Radyo müzikleri: Turku, Nomads of the Silk Road (CC BY 4.0), Kevin MacLeod, incompetech.com (CC BY 4.0), Musopen · Yazı tipleri: Barlow, Noto Sans (OFL)","Tiermodelle: kenchoo, henrysteve973, MAXDESIGN-3D · Pick-up: Daniel Zhabotinsky · Hacke: EFX · Sense: DrKryzel · Mistgabel: Multipainkiller Studio · Pflanzen und Ernte: gilles.schaeck, KillTheSaint, zvanstone, Loïc Norgeot, Tayfun Özen, Meerschaum Digital · Waren: Bandit, Mikko Haapoja, epavlenko, m31odyr, Teilor Andersen, Zbrojmistrz (Sketchfab, CC BY 4.0) · Schafschere: Muzeum Narodowe w Szczecinie · Texturen, Werkzeuge und Requisiten: Poly Haven (CC0) · Sounds: Kenney (CC0), Mixkit · Radiomusik: Turku, Nomads of the Silk Road (CC BY 4.0), Kevin MacLeod, incompetech.com (CC BY 4.0), Musopen · Schriftarten: Barlow, Noto Sans (OFL)","Modelos de animales: kenchoo, henrysteve973, MAXDESIGN-3D · Camioneta: Daniel Zhabotinsky · Azada: EFX · Guadaña: DrKryzel · Horca: Multipainkiller Studio · Cultivos y productos: gilles.schaeck, KillTheSaint, zvanstone, Loïc Norgeot, Tayfun Özen, Meerschaum Digital · Mercancías: Bandit, Mikko Haapoja, epavlenko, m31odyr, Teilor Andersen, Zbrojmistrz (Sketchfab, CC BY 4.0) · Tijeras de esquilar: Muzeum Narodowe w Szczecinie · Texturas, herramientas y objetos: Poly Haven (CC0) · Sonidos: Kenney (CC0), Mixkit · Música de la radio: Turku, Nomads of the Silk Road (CC BY 4.0), Kevin MacLeod, incompetech.com (CC BY 4.0), Musopen · Fuentes: Barlow, Noto Sans (OFL)","Modèles d'animaux : kenchoo, henrysteve973, MAXDESIGN-3D · Pick-up : Daniel Zhabotinsky · Houe : EFX · Faux : DrKryzel · Fourche : Multipainkiller Studio · Cultures et récoltes : gilles.schaeck, KillTheSaint, zvanstone, Loïc Norgeot, Tayfun Özen, Meerschaum Digital · Marchandises : Bandit, Mikko Haapoja, epavlenko, m31odyr, Teilor Andersen, Zbrojmistrz (Sketchfab, CC BY 4.0) · Cisailles : Muzeum Narodowe w Szczecinie · Textures, outils et accessoires : Poly Haven (CC0) · Sons : Kenney (CC0), Mixkit · Musique de la radio : Turku, Nomads of the Silk Road (CC BY 4.0), Kevin MacLeod, incompetech.com (CC BY 4.0), Musopen · Polices : Barlow, Noto Sans (OFL)","Modelli degli animali: kenchoo, henrysteve973, MAXDESIGN-3D · Pick-up: Daniel Zhabotinsky · Zappa: EFX · Falce: DrKryzel · Forcone: Multipainkiller Studio · Colture e raccolto: gilles.schaeck, KillTheSaint, zvanstone, Loïc Norgeot, Tayfun Özen, Meerschaum Digital · Merci: Bandit, Mikko Haapoja, epavlenko, m31odyr, Teilor Andersen, Zbrojmistrz (Sketchfab, CC BY 4.0) · Cesoie: Muzeum Narodowe w Szczecinie · Texture, attrezzi e oggetti di scena: Poly Haven (CC0) · Suoni: Kenney (CC0), Mixkit · Musica della radio: Turku, Nomads of the Silk Road (CC BY 4.0), Kevin MacLeod, incompetech.com (CC BY 4.0), Musopen · Caratteri: Barlow, Noto Sans (OFL)","Modelos de animais: kenchoo, henrysteve973, MAXDESIGN-3D · Picape: Daniel Zhabotinsky · Enxada: EFX · Foice: DrKryzel · Forcado: Multipainkiller Studio · Plantações e produtos: gilles.schaeck, KillTheSaint, zvanstone, Loïc Norgeot, Tayfun Özen, Meerschaum Digital · Mercadorias: Bandit, Mikko Haapoja, epavlenko, m31odyr, Teilor Andersen, Zbrojmistrz (Sketchfab, CC BY 4.0) · Tesoura de tosquia: Muzeum Narodowe w Szczecinie · Texturas, ferramentas e objetos: Poly Haven (CC0) · Sons: Kenney (CC0), Mixkit · Músicas do rádio: Turku, Nomads of the Silk Road (CC BY 4.0), Kevin MacLeod, incompetech.com (CC BY 4.0), Musopen · Fontes: Barlow, Noto Sans (OFL)","Модели животных: kenchoo, henrysteve973, MAXDESIGN-3D · Пикап: Daniel Zhabotinsky · Мотыга: EFX · Коса: DrKryzel · Вилы: Multipainkiller Studio · Растения и урожай: gilles.schaeck, KillTheSaint, zvanstone, Loïc Norgeot, Tayfun Özen, Meerschaum Digital · Товары: Bandit, Mikko Haapoja, epavlenko, m31odyr, Teilor Andersen, Zbrojmistrz (Sketchfab, CC BY 4.0) · Ножницы: Muzeum Narodowe w Szczecinie · Текстуры, инструменты и предметы: Poly Haven (CC0) · Звуки: Kenney (CC0), Mixkit · Музыка на радио: Turku, Nomads of the Silk Road (CC BY 4.0), Kevin MacLeod, incompetech.com (CC BY 4.0), Musopen · Шрифты: Barlow, Noto Sans (OFL)","Modele zwierząt: kenchoo, henrysteve973, MAXDESIGN-3D · Pikap: Daniel Zhabotinsky · Motyka: EFX · Kosa: DrKryzel · Widły: Multipainkiller Studio · Uprawy i plony: gilles.schaeck, KillTheSaint, zvanstone, Loïc Norgeot, Tayfun Özen, Meerschaum Digital · Towary: Bandit, Mikko Haapoja, epavlenko, m31odyr, Teilor Andersen, Zbrojmistrz (Sketchfab, CC BY 4.0) · Nożyce: Muzeum Narodowe w Szczecinie · Tekstury, narzędzia i rekwizyty: Poly Haven (CC0) · Dźwięki: Kenney (CC0), Mixkit · Muzyka w radiu: Turku, Nomads of the Silk Road (CC BY 4.0), Kevin MacLeod, incompetech.com (CC BY 4.0), Musopen · Czcionki: Barlow, Noto Sans (OFL)","動物モデル：kenchoo, henrysteve973, MAXDESIGN-3D · ピックアップ：Daniel Zhabotinsky · クワ：EFX · 大鎌：DrKryzel · ピッチフォーク：Multipainkiller Studio · 作物と収穫物：gilles.schaeck, KillTheSaint, zvanstone, Loïc Norgeot, Tayfun Özen, Meerschaum Digital · 品物：Bandit, Mikko Haapoja, epavlenko, m31odyr, Teilor Andersen, Zbrojmistrz (Sketchfab, CC BY 4.0) · 毛刈りバサミ：Muzeum Narodowe w Szczecinie · テクスチャ、道具、小物：Poly Haven (CC0) · サウンド：Kenney (CC0), Mixkit · ラジオの音楽：Turku, Nomads of the Silk Road (CC BY 4.0), Kevin MacLeod, incompetech.com (CC BY 4.0), Musopen · フォント：Barlow, Noto Sans (OFL)","동물 모델: kenchoo, henrysteve973, MAXDESIGN-3D · 픽업트럭: Daniel Zhabotinsky · 괭이: EFX · 낫: DrKryzel · 쇠스랑: Multipainkiller Studio · 작물과 수확물: gilles.schaeck, KillTheSaint, zvanstone, Loïc Norgeot, Tayfun Özen, Meerschaum Digital · 물품: Bandit, Mikko Haapoja, epavlenko, m31odyr, Teilor Andersen, Zbrojmistrz (Sketchfab, CC BY 4.0) · 양털 가위: Muzeum Narodowe w Szczecinie · 텍스처, 도구 및 소품: Poly Haven (CC0) · 사운드: Kenney (CC0), Mixkit · 라디오 음악: Turku, Nomads of the Silk Road (CC BY 4.0), Kevin MacLeod, incompetech.com (CC BY 4.0), Musopen · 글꼴: Barlow, Noto Sans (OFL)","动物模型：kenchoo、henrysteve973、MAXDESIGN-3D · 皮卡：Daniel Zhabotinsky · 锄头：EFX · 镰刀：DrKryzel · 干草叉：Multipainkiller Studio · 作物与农产品：gilles.schaeck、KillTheSaint、zvanstone、Loïc Norgeot、Tayfun Özen、Meerschaum Digital · 物品：Bandit、Mikko Haapoja、epavlenko、m31odyr、Teilor Andersen、Zbrojmistrz (Sketchfab, CC BY 4.0) · 羊毛剪：Muzeum Narodowe w Szczecinie · 贴图、工具与道具：Poly Haven (CC0) · 音效：Kenney (CC0)、Mixkit · 电台音乐：Turku, Nomads of the Silk Road (CC BY 4.0)、Kevin MacLeod, incompetech.com (CC BY 4.0)、Musopen · 字体：Barlow、Noto Sans (OFL)","動物模型：kenchoo、henrysteve973、MAXDESIGN-3D · 貨卡：Daniel Zhabotinsky · 鋤頭：EFX · 鐮刀：DrKryzel · 乾草叉：Multipainkiller Studio · 作物與農產品：gilles.schaeck、KillTheSaint、zvanstone、Loïc Norgeot、Tayfun Özen、Meerschaum Digital · 物品：Bandit、Mikko Haapoja、epavlenko、m31odyr、Teilor Andersen、Zbrojmistrz (Sketchfab, CC BY 4.0) · 羊毛剪：Muzeum Narodowe w Szczecinie · 材質、工具與道具：Poly Haven (CC0) · 音效：Kenney (CC0)、Mixkit · 電台音樂：Turku, Nomads of the Silk Road (CC BY 4.0)、Kevin MacLeod, incompetech.com (CC BY 4.0)、Musopen · 字型：Barlow、Noto Sans (OFL)"
SETTINGS_TITLE,Settings,Ayarlar,Einstellungen,Ajustes,Paramètres,Impostazioni,Configurações,Настройки,Ustawienia,設定,설정,设置,設定
SETTINGS_HINT,Changes apply immediately,Değişiklikler anında uygulanır,Änderungen werden sofort übernommen,Los cambios se aplican al instante,Les modifications s'appliquent immédiatement,Le modifiche si applicano subito,As alterações são aplicadas imediatamente,Изменения применяются сразу,Zmiany są stosowane od razu,変更はすぐに反映されます,변경 사항은 바로 적용돼요,更改即时生效,變更會立即套用
SETTINGS_GENERAL,General,Genel,Allgemein,General,Général,Generale,Geral,Общие,Ogólne,一般,일반,常规,一般
SETTINGS_VIDEO,Graphics,Görüntü,Grafik,Gráficos,Graphismes,Grafica,Gráficos,Графика,Grafika,グラフィック,그래픽,画面,影像
SETTINGS_AUDIO,Audio,Ses,Audio,Audio,Audio,Audio,Áudio,Звук,Dźwięk,サウンド,오디오,声音,音效
SETTINGS_CONTROLS,Controls,Kontroller,Steuerung,Controles,Commandes,Comandi,Controles,Управление,Sterowanie,操作,조작,操作,操作
SETTINGS_DEFAULTS,Defaults,Varsayılanlar,Standardwerte,Restablecer,Par défaut,Predefiniti,Redefinir,По умолчанию,Domyślne,初期設定に戻す,기본값,恢复默认,還原預設
SETTINGS_DONE,Done,Tamam,Fertig,Listo,Terminé,Fatto,Concluído,Готово,Gotowe,完了,완료,完成,完成
SETTINGS_LANGUAGE,Language,Dil,Sprache,Idioma,Langue,Lingua,Idioma,Язык,Język,言語,언어,语言,語言
SETTINGS_LANGUAGE_DESC,The whole game switches right away; your game carries on.,Tüm oyun hemen değişir; oyunun kaldığı yerden sürer.,Das ganze Spiel wechselt sofort; dein Spiel läuft weiter.,Todo el juego cambia al instante; tu partida continúa.,Tout le jeu change aussitôt ; ta partie continue.,Tutto il gioco cambia subito; la tua partita continua.,O jogo inteiro muda na hora; sua partida continua.,"Язык меняется сразу во всей игре, прогресс сохраняется.","Cała gra zmienia się od razu, a rozgrywka trwa dalej.",ゲーム全体がすぐに切り替わり、プレイはそのまま続きます。,"게임 전체가 바로 바뀌고, 진행 중인 게임은 그대로 이어져요.",整个游戏立即切换，当前进度不受影响。,整個遊戲會立即切換，目前進度不受影響。
SETTINGS_DAY_LENGTH,Day length,Gün uzunluğu,Tageslänge,Duración del día,Durée d'une journée,Durata del giorno,Duração do dia,Длина дня,Długość dnia,1日の長さ,하루 길이,一天时长,一天長度
SETTINGS_DAY_LENGTH_DESC,Real minutes from 06:00 to 02:00.,06:00'dan 02:00'ye kadar geçen gerçek dakika.,Echte Minuten von 06:00 bis 02:00.,Minutos reales de las 06:00 a las 02:00.,"Durée réelle en minutes, de 06:00 à 02:00.","Durata reale in minuti, dalle 06:00 alle 02:00.",Minutos reais das 06:00 às 02:00.,Сколько реальных минут длится день (с 06:00 до 02:00).,Ile rzeczywistych minut trwa dzień (od 06:00 do 02:00).,06:00から02:00までにかかる実時間（分）。,06:00부터 02:00까지 걸리는 실제 시간(분)이에요.,游戏中 06:00 至 02:00 对应的现实分钟数。,遊戲中 06:00 到 02:00 所對應的真實分鐘數。
SETTINGS_MINUTES,%d min,%d dk,%d min,%d min,%d min,%d min,%d min,%d мин,%d min,%d分,%d분,%d 分钟,%d 分鐘
SETTINGS_QUALITY,Graphics quality,Grafik kalitesi,Grafikqualität,Calidad gráfica,Qualité graphique,Qualità grafica,Qualidade gráfica,Качество графики,Jakość grafiki,グラフィック品質,그래픽 품질,画质,畫質
SETTINGS_QUALITY_DESC,"Global illumination, shadows, fog and ambient occlusion.","Küresel aydınlatma, gölgeler, sis ve ortam gölgelemesi.","Globale Beleuchtung, Schatten, Nebel und Umgebungsverdeckung.","Iluminación global, sombras, niebla y oclusión ambiental.","Illumination globale, ombres, brouillard et occlusion ambiante.","Illuminazione globale, ombre, nebbia e occlusione ambientale.","Iluminação global, sombras, neblina e oclusão de ambiente.","Глобальное освещение, тени, туман и фоновое затенение.","Oświetlenie globalne, cienie, mgła i okluzja otoczenia.",グローバルイルミネーション、影、フォグ、アンビエントオクルージョン。,"전역 조명, 그림자, 안개, 앰비언트 오클루전에 영향을 줘요.",全局光照、阴影、雾效和环境光遮蔽。,全域光照、陰影、霧效和環境光遮蔽。
QUALITY_LOW,Low,Düşük,Niedrig,Baja,Basse,Bassa,Baixa,Низкое,Niska,低,낮음,低,低
QUALITY_MEDIUM,Medium,Orta,Mittel,Media,Moyenne,Media,Média,Среднее,Średnia,中,중간,中,中
QUALITY_HIGH,High,Yüksek,Hoch,Alta,Haute,Alta,Alta,Высокое,Wysoka,高,높음,高,高
QUALITY_ULTRA,Ultra,Ultra,Ultra,Ultra,Ultra,Ultra,Ultra,Ультра,Ultra,最高,최상,极高,極高
SETTINGS_FULLSCREEN,Fullscreen,Tam ekran,Vollbild,Pantalla completa,Plein écran,Schermo intero,Tela cheia,Полноэкранный режим,Pełny ekran,フルスクリーン,전체 화면,全屏,全螢幕
SETTINGS_VSYNC,V-Sync,Dikey senkronizasyon,V-Sync,Sincronización vertical,Synchronisation verticale,Sincronizzazione verticale,Sincronização vertical,Вертикальная синхронизация,Synchronizacja pionowa,垂直同期,수직 동기화,垂直同步,垂直同步
SETTINGS_VSYNC_DESC,Prevents tearing; caps the frame rate to the display.,Görüntü yırtılmasını önler; kare hızını ekrana sabitler.,Verhindert Tearing; begrenzt die Bildrate auf die des Monitors.,Evita los cortes de imagen; limita los FPS a la frecuencia de la pantalla.,Évite le déchirement de l'image ; limite les images par seconde à la fréquence de l'écran.,Evita gli strappi dell'immagine; limita i fotogrammi al secondo alla frequenza dello schermo.,Evita cortes na imagem; limita a taxa de quadros à frequência da tela.,Убирает разрывы изображения; ограничивает частоту кадров частотой обновления экрана.,Zapobiega rozrywaniu obrazu; ogranicza liczbę klatek do częstotliwości odświeżania ekranu.,ティアリングを防ぎ、フレームレートをディスプレイに合わせて制限します。,"화면 찢어짐을 막고, 프레임 레이트를 모니터 주사율로 제한해요.",防止画面撕裂；将帧率限制在显示器的刷新率。,防止畫面撕裂；將幀率限制在螢幕的更新率。
SETTINGS_RENDER_SCALE,Resolution scale,Çözünürlük ölçeği,Auflösungsskalierung,Escala de resolución,Échelle de résolution,Scala di risoluzione,Escala de resolução,Масштаб разрешения,Skala rozdzielczości,解像度スケール,해상도 배율,分辨率缩放,解析度縮放
SETTINGS_RENDER_SCALE_DESC,Below 100% the image is upscaled with FSR for more speed.,"%100'ün altında görüntü FSR ile büyütülür, oyun hızlanır.",Unter 100% wird das Bild per FSR hochskaliert – für mehr Leistung.,"Por debajo del 100%, la imagen se reescala con FSR para ganar rendimiento.","En dessous de 100 %, l'image est agrandie avec FSR pour gagner en fluidité.",Sotto il 100% l'immagine viene ingrandita con FSR per una maggiore fluidità.,"Abaixo de 100%, a imagem é ampliada com FSR para ganhar desempenho.",Ниже 100% изображение масштабируется через FSR — игра работает быстрее.,"Poniżej 100% obraz jest skalowany przez FSR, co przyspiesza grę.",100%未満では、FSRで画像をアップスケールして動作を軽くします。,100% 미만이면 FSR로 업스케일해서 더 빠르게 실행돼요.,低于 100% 时，画面会通过 FSR 放大，以提升性能。,低於 100% 時，畫面會透過 FSR 放大，以提升效能。
SETTINGS_FOV,Field of view,Görüş alanı,Sichtfeld,Campo de visión,Champ de vision,Campo visivo,Campo de visão,Поле зрения,Pole widzenia,視野角,시야각,视野,視野
SETTINGS_SHOW_FPS,Show FPS,FPS göster,FPS anzeigen,Mostrar FPS,Afficher les FPS,Mostra FPS,Mostrar FPS,Показывать FPS,Pokazuj FPS,FPSを表示,FPS 표시,显示 FPS,顯示 FPS
SETTINGS_MASTER_VOLUME,Master volume,Ana ses,Gesamtlautstärke,Volumen general,Volume général,Volume generale,Volume geral,Общая громкость,Głośność główna,マスター音量,전체 음량,主音量,主音量
SETTINGS_MOUSE,Mouse,Fare,Maus,Mouse,Souris,Mouse,Mouse,Мышь,Mysz,マウス,마우스,鼠标,滑鼠
SETTINGS_SENSITIVITY,Sensitivity,Hassasiyet,Empfindlichkeit,Sensibilidad,Sensibilité,Sensibilità,Sensibilidade,Чувствительность,Czułość,感度,감도,灵敏度,靈敏度
SETTINGS_INVERT_Y,Invert Y axis,Y eksenini ters çevir,Y-Achse umkehren,Invertir eje Y,Inverser l'axe Y,Inverti asse Y,Inverter eixo Y,Инвертировать ось Y,Odwróć oś Y,Y軸を反転,Y축 반전,反转 Y 轴,反轉 Y 軸
SETTINGS_KEYS,Key bindings,Tuş atamaları,Tastenbelegung,Asignación de teclas,Configuration des touches,Assegnazione tasti,Mapeamento de teclas,Назначение клавиш,Przypisanie klawiszy,キー割り当て,키 설정,键位设置,按鍵配置
BIND_MOVE,Move,Hareket,Bewegen,Moverse,Se déplacer,Movimento,Mover,Движение,Ruch,移動,이동,移动,移動
BIND_SPRINT,Sprint / gallop,Koş / dörtnala,Sprinten / Galoppieren,Correr / galopar,Courir / galoper,Scatto / galoppo,Correr / galopar,Бег / галоп,Sprint / galop,ダッシュ / 駆け足,달리기 / 질주,冲刺／疾驰,衝刺／疾馳
BIND_JUMP,Jump,Zıpla,Springen,Saltar,Sauter,Salto,Pular,Прыжок,Skok,ジャンプ,점프,跳跃,跳躍
BIND_USE,Use tool (hold),Alet kullan (basılı tut),Werkzeug benutzen (halten),Usar herramienta (mantener),Utiliser l'outil (maintenir),Usa attrezzo (tieni premuto),Usar ferramenta (segurar),Использовать инструмент (удерживать),Użyj narzędzia (przytrzymaj),道具を使う（長押し）,도구 사용 (길게 누르기),使用工具（按住）,使用工具（按住）
BIND_INTERACT,Interact,Etkileşim,Interagieren,Interactuar,Interagir,Interagisci,Interagir,Взаимодействие,Interakcja,アクション,상호작용,互动,互動
BIND_INFO,Animal info,Hayvan bilgisi,Tierinfo,Información del animal,Infos sur l'animal,Info animale,Informações do animal,Сведения о животном,Informacje o zwierzęciu,動物の情報,동물 정보,动物信息,動物資訊
BIND_INVENTORY,Inventory,Envanter,Inventar,Inventario,Inventaire,Inventario,Inventário,Инвентарь,Ekwipunek,持ち物,가방,背包,背包
BIND_DROP,Drop item,Eşyayı bırak,Gegenstand fallen lassen,Soltar objeto,Lâcher l'objet,Getta oggetto,Soltar item,Выбросить предмет,Wyrzuć przedmiot,アイテムを捨てる,아이템 버리기,丢弃物品,丟棄物品
BIND_HOTBAR,Hotbar slots,Hızlı erişim,Schnellzugriff,Barra de acceso rápido,Barre d'accès rapide,Slot della barra rapida,Barra de atalhos,Панель быстрого доступа,Pasek szybkiego dostępu,ホットバースロット,퀵슬롯,快捷栏,快捷欄
BIND_PAUSE,Menu,Menü,Menü,Menú,Menu,Menu,Menu,Меню,Menu,メニュー,메뉴,菜单,選單
UI_TOWN_MARKET,Yeşilova Market,Yeşilova Market,Yeşilova Market,Yeşilova Market,Yeşilova Market,Yeşilova Market,Yeşilova Market,Yeşilova Market,Yeşilova Market,Yeşilova Market,Yeşilova Market,Yeşilova Market,Yeşilova Market
ACTION_SHOP_MARKET,Shop,Alışveriş yap,Einkaufen,Comprar,Commercer,Commercia,Comprar,Торговать,Handluj,買い物する,거래,购物,購物
ACTION_SHOP_ANIMALS,Animal market,Hayvan pazarı,Tiermarkt,Mercado de animales,Marché aux bestiaux,Mercato del bestiame,Feira de animais,Скотный рынок,Targ zwierząt,家畜市場,가축 시장,牲畜市场,牲畜市場
ACTION_DEALER,Car dealer,Araç galerisi,Autohändler,Concesionario,Concessionnaire,Concessionario,Revenda de carros,Автосалон,Komis samochodowy,カーディーラー,자동차 매장,车行,車行
ACTION_REFUEL,Refuel: %d L · %s,Yakıt al: %d L · %s,Tanken: %d L · %s,Cargar combustible: %d L · %s,Faire le plein : %d L · %s,Fai rifornimento: %d L · %s,Abastecer: %d L · %s,Заправить: %d л · %s,Zatankuj: %d l · %s,給油：%d L · %s,주유: %d L · %s,加油：%d L · %s,加油：%d L · %s
ACTION_REFUEL_NO_VEHICLE,Park your vehicle at the pump,Aracını pompaya yanaştır,Park dein Fahrzeug an der Zapfsäule,Acerca tu vehículo al surtidor,Gare ton véhicule à la pompe,Parcheggia il veicolo alla pompa,Encoste seu veículo na bomba,Подгони машину к колонке,Podjedź pojazdem do dystrybutora,車を給油機の横に停めてください,주유기 옆에 차량을 세우세요,请把车停到加油机旁,請把車停到加油機旁
ACTION_BUY_VEHICLE,Buy · %s,Satın al · %s,Kaufen · %s,Comprar · %s,Acheter · %s,Acquista · %s,Comprar · %s,Купить · %s,Kup · %s,購入 · %s,구매 · %s,购买 · %s,購買 · %s
ACTION_DRIVE,Drive,Sür,Fahren,Conducir,Conduire,Guida,Dirigir,Сесть за руль,Prowadź,運転する,운전,驾驶,開車
ACTION_EXIT_VEHICLE,Get out,İn,Aussteigen,Salir,Descendre,Scendi,Sair,Выйти,Wysiądź,降りる,하차,下车,下車
ACTION_OPEN_BED,Truck bed,Kasa,Ladefläche,Caja de carga,Benne,Cassone,Caçamba,Кузов,Paka,荷台,짐칸,车斗,後斗
ACTION_OPEN_WAREHOUSE,Open the warehouse,Depoyu aç,Lager öffnen,Abrir el almacén,Ouvrir l'entrepôt,Apri il magazzino,Abrir o armazém,Открыть склад,Otwórz magazyn,倉庫を開く,창고 열기,打开仓库,打開倉庫
MSG_ENTERED_VEHICLE,"%s — W/S drive, A/D steer, E get out","%s — W/S sür, A/D direksiyon, E in","%s – W/S fahren, A/D lenken, E aussteigen","%s — W/S: conducir, A/D: girar, E: salir","%s — W/S : conduire, A/D : tourner, E : descendre","%s — W/S: guida, A/D: sterza, E: scendi","%s — W/S: dirigir, A/D: virar, E: sair","%s — W/S: ехать, A/D: руль, E: выйти","%s – W/S: jazda, A/D: skręt, E: wysiądź",%s — W/S：走行、A/D：ハンドル、E：降りる,"%s — W/S 주행, A/D 조향, E 하차",%s——W/S 行驶，A/D 转向，E 下车,%s——W/S 行駛，A/D 轉向，E 下車
MSG_OUT_OF_FUEL,Out of fuel! Fill up at the Ova Petrol station.,Yakıt bitti! Ova Petrol'de depoyu doldur.,Tank leer! Auftanken kannst du bei Ova Petrol.,¡Sin combustible! Llena el tanque en la gasolinera Ova Petrol.,Panne sèche ! Fais le plein à la station Ova Petrol.,Sei a secco! Fai il pieno alla stazione Ova Petrol.,Sem combustível! Abasteça no posto Ova Petrol.,Топливо закончилось! Заправься на станции Ova Petrol.,Skończyło się paliwo! Zatankuj na stacji Ova Petrol.,燃料切れです！　Ova Petrolのガソリンスタンドで給油してください。,연료가 떨어졌어요! Ova Petrol 주유소에서 주유하세요.,没油了！去 Ova Petrol 加油站加满吧。,沒油了！到 Ova Petrol 加油站加滿吧。
MSG_NO_VEHICLE_AT_PUMP,No vehicle of yours at this pump.,Bu pompada aracın yok.,An dieser Zapfsäule steht kein Fahrzeug von dir.,No tienes ningún vehículo en este surtidor.,Aucun de tes véhicules n'est à cette pompe.,Nessuno dei tuoi veicoli è a questa pompa.,Nenhum veículo seu nesta bomba.,У этой колонки нет твоей машины.,Przy tym dystrybutorze nie ma twojego pojazdu.,この給油機にあなたの車はありません。,이 주유기 앞에 내 차량이 없어요.,这台加油机旁没有你的车。,這台加油機旁沒有你的車。
MSG_TANK_FULL,The tank is already full.,Depo zaten dolu.,Der Tank ist schon voll.,El tanque ya está lleno.,Le réservoir est déjà plein.,Il serbatoio è già pieno.,O tanque já está cheio.,Бак уже полон.,Zbiornik jest już pełny.,タンクはすでに満タンです。,연료 탱크가 이미 가득 찼어요.,油箱已经满了。,油箱已經滿了。
MSG_NOT_ENOUGH_MONEY,Not enough money.,Yeterli paran yok.,Nicht genug Geld.,No tienes suficiente dinero.,Pas assez d'argent.,Soldi insufficienti.,Você não tem dinheiro suficiente.,Не хватает денег.,Za mało pieniędzy.,お金が足りません。,돈이 부족해요.,钱不够。,錢不夠。
MSG_REFUELED,Refuelled %d L for %s.,%d L yakıt alındı: %s.,%d L für %s getankt.,Combustible cargado: %d L por %s.,Plein effectué : %d L pour %s.,Rifornimento effettuato: %d L per %s.,Você abasteceu %d L por %s.,Заправлено %d л за %s.,Zatankowano %d l za %s.,%d Lを給油しました（%s）。,%d L 주유했어요 (%s).,已加油 %d L，花费 %s。,加了 %d L 的油，花費 %s。
MSG_VEHICLE_BOUGHT,%s is yours! The keys are in it — it's parked on the dealer's lot.,"%s artık senin! Anahtar kontakta, galeri önünde duruyor.",%s gehört dir! Der Schlüssel steckt – das Fahrzeug steht beim Autohändler.,¡Ya tienes tu %s! Tiene las llaves puestas y te espera frente al concesionario.,%s est à toi ! Les clés sont sur le contact — il t'attend sur le parking du concessionnaire.,%s è tuo! Le chiavi sono nel quadro — ti aspetta nel piazzale del concessionario.,Compra concluída: %s! A chave está na ignição e o veículo está no pátio da revenda.,"Теперь %s принадлежит тебе! Ключи в замке зажигания, машина стоит на площадке автосалона.","Teraz %s należy do ciebie! Kluczyki są w stacyjce, a pojazd stoi na placu komisu.",%sはあなたのものです！　キーは差したまま、カーディーラーの駐車場に停めてあります。,"%s의 주인이 됐어요! 키는 꽂혀 있고, 매장 주차장에 세워져 있어요.",%s归你了！钥匙就在车上——车停在车行的停车场。,%s是你的了！鑰匙就在車上——車子停在車行的停車場。
MSG_NO_ROOM,Not enough room.,Yer kalmadı.,Nicht genug Platz.,No hay suficiente espacio.,Pas assez de place.,Spazio insufficiente.,Espaço insuficiente.,Недостаточно места.,Za mało miejsca.,空きが足りません。,공간이 부족해요.,空间不足。,空間不足。
REPORT_FUEL,Fuel,Yakıt,Kraftstoff,Combustible,Carburant,Carburante,Combustível,Топливо,Paliwo,燃料,연료,油费,油錢
REPORT_VEHICLE,Vehicle purchase,Araç alımı,Fahrzeugkauf,Compra de vehículo,Achat de véhicule,Acquisto veicolo,Compra de veículo,Покупка машины,Zakup pojazdu,車の購入,차량 구매,购车,購車
UI_WAREHOUSE,Warehouse,Depo,Lagerhalle,Almacén,Entrepôt,Magazzino,Armazém,Склад,Magazyn,倉庫,창고,仓库,倉庫
UI_PICKUP_BED,Pickup bed,Pikap kasası,Ladefläche,Caja de carga,Benne du pick-up,Cassone del pick-up,Caçamba da picape,Кузов пикапа,Paka pikapa,ピックアップの荷台,픽업트럭 짐칸,皮卡车斗,貨卡後斗
UI_STORAGE,Storage,Depolama,Lager,Almacenamiento,Stockage,Deposito,Armazenamento,Хранилище,Magazynowanie,収納,창고,仓储,倉儲
UI_STORAGE_HINT,Arrows move one (Shift: ten); double arrows move all,Oklar bir tane taşır (Shift: on); çift ok hepsini taşır,"Pfeile verschieben ein Stück (Shift: zehn), Doppelpfeile alle",Las flechas mueven una unidad (Shift: diez); las flechas dobles mueven todo,Les flèches déplacent une unité (Maj : dix) ; les doubles flèches déplacent tout,Le frecce spostano un'unità (Maiusc: dieci); le frecce doppie spostano tutto,As setas movem uma unidade (Shift: dez); as setas duplas movem tudo,Стрелки переносят по одному (Shift: по десять); двойные стрелки — всё,Strzałki przenoszą po jednym (Shift: po dziesięć); podwójne strzałki – wszystko,矢印で1個移動（Shift：10個）、二重矢印ですべて移動,"화살표로 1개씩 (Shift: 10개씩), 겹화살표로 전부 옮겨요",单箭头移动 1 个（按住 Shift 移动 10 个）；双箭头移动全部,單箭頭一次移動 1 個（按住 Shift 可移動 10 個）；雙箭頭移動全部
UI_STORE_ALL_GOODS,Store all goods,Tüm ürünleri depola,Alles einlagern,Guardar productos,Tout entreposer,Immagazzina tutto,Guardar produtos,Весь товар на склад,Towary do magazynu,品物をすべて収納,모든 상품 보관,全部货物入库,所有貨物入庫
UI_LOAD_ALL,Load the pickup,Pikabı yükle,Pick-up beladen,Cargar camioneta,Charger le pick-up,Carica il pick-up,Carregar picape,Загрузить пикап,Załaduj pikapa,ピックアップに積み込む,픽업트럭에 싣기,装上皮卡,裝上貨卡
UI_EMPTY,Empty,Boş,Leer,Vacío,Vide,Vuoto,Vazio,Пусто,Pusto,空き,비어 있음,空,空
UI_MOVE_ALL,Move all,Hepsini taşı,Alle verschieben,Mover todo,Tout déplacer,Sposta tutto,Mover tudo,Перенести всё,Przenieś wszystko,すべて移動,모두 옮기기,全部移动,全部移動
UI_MOVE_ONE,Move one (Shift: ten),Bir tane taşı (Shift: on),Ein Stück verschieben (Shift: zehn),Mover uno (Shift: diez),Déplacer une unité (Maj : dix),Sposta un'unità (Maiusc: dieci),Mover um (Shift: dez),Перенести один (Shift: десять),Przenieś jeden (Shift: dziesięć),1個移動（Shift：10個）,1개 옮기기 (Shift: 10개),移动 1 个（按住 Shift 移动 10 个）,移動 1 個（按住 Shift 可移動 10 個）
UI_DEALER,Yeşilova Oto,Yeşilova Oto,Yeşilova Oto,Yeşilova Oto,Yeşilova Oto,Yeşilova Oto,Yeşilova Oto,Yeşilova Oto,Yeşilova Oto,Yeşilova Oto,Yeşilova Oto,Yeşilova Oto,Yeşilova Oto
UI_DEALER_HINT,Used vehicles with a handshake guarantee,"İkinci el araçlar, el sıkışma garantili",Gebrauchtwagen mit Handschlaggarantie,"Vehículos usados, garantizados con un apretón de manos",Véhicules d'occasion garantis par une poignée de main,Veicoli usati garantiti da una stretta di mano,Veículos usados com garantia no fio do bigode,Подержанные машины с гарантией на честном слове,Używane pojazdy z gwarancją na słowo honoru,握手が保証書代わりの中古車,악수로 보증하는 중고차,二手车辆，握手为凭,中古車，握手為憑
VEHICLE_PICKUP_90,Lightbody '90 Pickup,Lightbody '90 Pikap,Lightbody '90 Pick-up,Camioneta Lightbody '90,Pick-up Lightbody '90,Pick-up Lightbody '90,Picape Lightbody '90,Пикап Lightbody '90,Pikap Lightbody '90,Lightbody '90 ピックアップ,Lightbody '90 픽업트럭,Lightbody '90 皮卡,Lightbody '90 貨卡
VEHICLE_PICKUP_90_DESC,"A well-kept 1990 pickup, fresh from the dealer's workshop: a stronger engine, sure brakes, a clean body and a steel bed that takes a good load of crates and sacks to town.","Bakımlı bir 1990 pikap, galerinin atölyesinden yeni çıkmış: daha güçlü motor, sağlam frenler, temiz bir kaporta ve kasa kasa ürünü kasabaya taşıyan çelik bir kasa.","Ein gepflegter Pick-up von 1990, frisch aus der Werkstatt des Händlers: kräftigerer Motor, zuverlässige Bremsen, saubere Karosserie und eine stählerne Ladefläche, die reichlich Kisten und Säcke in die Stadt bringt.","Una camioneta de 1990 bien cuidada, recién salida del taller del concesionario: motor más potente, frenos fiables, carrocería limpia y una caja de acero que lleva al pueblo una buena carga de cajones y sacos.","Un pick-up de 1990 bien entretenu, tout juste sorti de l'atelier du concessionnaire : moteur plus vaillant, freins sûrs, carrosserie propre et benne en acier qui emporte en ville une bonne charge de caisses et de sacs.","Un pick-up del 1990 ben tenuto, appena uscito dall'officina del concessionario: motore più robusto, freni sicuri, carrozzeria pulita e un cassone d'acciaio che porta in paese un bel carico di casse e sacchi.","Uma picape 1990 bem cuidada, recém-saída da oficina da concessionária: motor mais forte, freios confiáveis, lataria limpa e uma caçamba de aço que leva uma boa carga de caixotes e sacos até a cidade.","Ухоженный пикап 1990 года прямо из мастерской автосалона: мотор мощнее, тормоза надёжнее, краска без единого пятна ржавчины, а в стальном кузове можно отвезти в город немало ящиков и мешков.","Zadbany pikap z 1990 roku, prosto z warsztatu dealera: mocniejszy silnik, pewne hamulce, czysta karoseria i stalowa paka, która zawiezie do miasta sporo skrzynek i worków.",販売店の工場で整備されたばかりの、手入れの行き届いた1990年式ピックアップ。力強いエンジンに確かなブレーキ、きれいなボディ、そして木箱や麻袋をたっぷり積んで町まで運べる鋼鉄の荷台。,"대리점 정비소에서 막 손본, 관리가 잘된 1990년식 픽업트럭이에요. 더 힘센 엔진과 믿음직한 브레이크, 깨끗한 차체, 그리고 나무 상자와 자루를 잔뜩 싣고 마을까지 갈 수 있는 강철 짐칸을 갖췄어요.",一辆保养得当的 1990 年皮卡，刚从车行的维修间出来：发动机更有劲，刹车可靠，车身干净，钢制车斗能装满一箱箱、一袋袋的货物运往镇上。,一台保養得當的 1990 年貨卡，剛從車行的保養廠出來：引擎更有力，煞車可靠，車身乾淨，鋼製後斗可以載滿一箱箱、一袋袋的貨物運到鎮上。
VEHICLE_USED,Used,İkinci el,Gebraucht,Usado,Occasion,Usato,Usado,С пробегом,Używany,中古,중고,二手,中古
VEHICLE_RWD,Rear-wheel drive,Arkadan itiş,Hinterradantrieb,Tracción trasera,Propulsion,Trazione posteriore,Tração traseira,Задний привод,Napęd na tylne koła,後輪駆動,후륜구동,后轮驱动,後輪驅動
VEHICLE_OWNED,Yours,Senin,Gehört dir,De tu propiedad,À toi,Tuo,Seu veículo,Твой,Twój,所有済み,보유 중,已拥有,已擁有
VEHICLE_OWNED_HINT,"Parked on the lot. Press E on it to drive, F for the bed.","Galeri önünde park halinde. Sürmek için E, kasası için F.","Steht beim Autohändler. Drück E zum Fahren, F für die Ladefläche.",Te espera frente al concesionario. Acércate y presiona E para conducir o F para abrir la caja de carga.,"Garé sur le parking. Appuie sur E pour le conduire, F pour la benne.","Parcheggiato nel piazzale. Premi E per guidarlo, F per il cassone.",Está no pátio da revenda. Chegue perto e pressione E para dirigir ou F para abrir a caçamba.,"Стоит на площадке. Подойди и нажми E, чтобы сесть за руль, или F, чтобы открыть кузов.","Stoi na placu. Podejdź i naciśnij E, aby prowadzić, lub F, aby otworzyć pakę.",駐車場に停めてあります。車に向かってEで運転、Fで荷台を開けます。,"매장 주차장에 세워져 있어요. 차 앞에서 E를 누르면 운전, F를 누르면 짐칸이 열려요.",停在车行的停车场。对着它按 E 驾驶，按 F 打开车斗。,停在車行的停車場。對著它按 E 開車，按 F 打開後斗。
VEHICLE_SPECS,Specifications,Özellikler,Technische Daten,Ficha técnica,Caractéristiques,Specifiche,Ficha técnica,Характеристики,Dane techniczne,スペック,사양,规格参数,車輛規格
VEHICLE_TOP_SPEED,Top speed,Azami hız,Höchsttempo,Velocidad máxima,Vitesse maximale,Velocità massima,Velocidade máxima,Макс. скорость,Prędkość maks.,最高速度,최고 속도,最高车速,極速
VEHICLE_TANK,Fuel tank,Yakıt deposu,Tankinhalt,Tanque de combustible,Réservoir,Serbatoio,Tanque de combustível,Топливный бак,Zbiornik paliwa,燃料タンク,연료 탱크,油箱容量,油箱容量
VEHICLE_BED,Bed capacity,Kasa kapasitesi,Ladekapazität,Capacidad de carga,Capacité de la benne,Capacità del cassone,Capacidade da caçamba,Вместимость кузова,Pojemność paki,荷台の容量,짐칸 용량,车斗容量,後斗容量
VEHICLE_UNITS,%d units,%d birim,%d Einheiten,%d unidades,%d unités,%d unità,%d unidades,%d ед.,%d szt.,%d個,%d개,%d 单位,%d 單位
VEHICLE_CONSUMPTION,Consumption,Tüketim,Verbrauch,Consumo,Consommation,Consumo,Consumo,Расход топлива,Spalanie,燃料消費量,연료 소비량,油耗,油耗
VEHICLE_PRICE,Price,Fiyat,Preis,Precio,Prix,Prezzo,Preço,Цена,Cena,価格,가격,价格,售價
VEHICLE_BUY,Buy the pickup,Pikabı satın al,Pick-up kaufen,Comprar la camioneta,Acheter le pick-up,Acquista il pick-up,Comprar a picape,Купить пикап,Kup pikapa,ピックアップを購入,픽업트럭 구매,买下这辆皮卡,買下這台貨卡
HINT_CAMERA,Camera,Kamera,Kamera,Cámara,Caméra,Visuale,Câmera,Камера,Kamera,カメラ,카메라,视角,視角
HINT_LIGHTS,Lights,Farlar,Licht,Luces,Phares,Fari,Faróis,Фары,Światła,ライト,전조등,车灯,車燈
HINT_HANDBRAKE,Handbrake,El freni,Handbremse,Freno de mano,Frein à main,Freno a mano,Freio de mão,Ручник,Hamulec ręczny,サイドブレーキ,핸드브레이크,手刹,手煞車
BUILD_GROUP_STORAGE,Storage,Depolama,Lager,Almacenamiento,Stockage,Deposito,Armazenamento,Хранилище,Magazynowanie,収納,창고,仓储,倉儲
PROJECT_WAREHOUSE_2,Bigger Warehouse,Büyük Depo,Größere Lagerhalle,Almacén ampliado,Entrepôt agrandi,Magazzino ampliato,Armazém ampliado,Большой склад,Większy magazyn,大型倉庫,큰 창고,大型仓库,大型倉庫
PROJECT_WAREHOUSE_2_DESC,"Extra racking and a loft: the warehouse holds 1,200 units instead of 400.",Ek raflar ve asma kat: depo 400 yerine 1.200 birim alır.,Zusätzliche Regale und ein Zwischenboden: Die Lagerhalle fasst 1.200 statt 400 Einheiten.,Estanterías adicionales y un altillo: el almacén guarda 1.200 unidades en lugar de 400.,Rayonnages supplémentaires et mezzanine : l'entrepôt contient 1 200 unités au lieu de 400.,Scaffalature extra e un soppalco: il magazzino contiene 1.200 unità invece di 400.,Prateleiras extras e um mezanino: o armazém comporta 1.200 unidades em vez de 400.,Дополнительные стеллажи и антресоль: склад вмещает 1200 единиц вместо 400.,Dodatkowe regały i antresola: magazyn mieści 1200 sztuk zamiast 400.,"棚の増設と中二階の追加で、倉庫の容量が400個から1,200個に増えます。","선반을 늘리고 다락을 올려요: 창고 용량이 400개에서 1,200개로 늘어나요.","增设货架和阁楼：仓库容量从 400 单位提升至 1,200 单位。","增設貨架和閣樓：倉庫容量從 400 單位提升到 1,200 單位。"
BIND_VEHICLE,Vehicle: camera / lights,Araç: kamera / farlar,Fahrzeug: Kamera / Licht,Vehículo: cámara / luces,Véhicule : caméra / phares,Veicolo: visuale / fari,Veículo: câmera / faróis,Машина: камера / фары,Pojazd: kamera / światła,車：カメラ / ライト,차량: 카메라 / 전조등,车辆：视角／车灯,車輛：視角／車燈
ACTION_LOAD_BED,Load into the bed: %s ×%d,Kasaya yükle: %s ×%d,Aufladen: %s ×%d,Cargar en la caja: %s ×%d,Charger dans la benne : %s ×%d,Carica nel cassone: %s ×%d,Carregar na caçamba: %s ×%d,Погрузить в кузов: %s ×%d,Załaduj na pakę: %s ×%d,荷台に積む：%s ×%d,짐칸에 싣기: %s ×%d,装入车斗：%s ×%d,裝上後斗：%s ×%d
ACTION_BED_FULL,Bed is full,Kasa dolu,Ladefläche voll,Caja llena,Benne pleine,Cassone pieno,Caçamba cheia,Кузов полон,Paka pełna,荷台がいっぱい,짐칸 가득 참,车斗已满,後斗已滿
ACTION_BED_INFO,Bed %d/%d,Kasa %d/%d,Ladefläche %d/%d,Caja %d/%d,Benne %d/%d,Cassone %d/%d,Caçamba %d/%d,Кузов %d/%d,Paka %d/%d,荷台 %d/%d,짐칸 %d/%d,车斗 %d/%d,後斗 %d/%d
MSG_LOADED_BED,Loaded into the bed: %s ×%d,Kasaya yüklendi: %s ×%d,Aufgeladen: %s ×%d,Cargado en la caja: %s ×%d,Chargé dans la benne : %s ×%d,Caricato nel cassone: %s ×%d,Carregado na caçamba: %s ×%d,Погружено в кузов: %s ×%d,Załadowano na pakę: %s ×%d,荷台に積みました：%s ×%d,짐칸에 실었어요: %s ×%d,已装入车斗：%s ×%d,已裝上後斗：%s ×%d
MSG_BED_FULL,The bed is full.,Kasa dolu.,Die Ladefläche ist voll.,La caja de carga está llena.,La benne est pleine.,Il cassone è pieno.,A caçamba está cheia.,Кузов заполнен.,Paka jest pełna.,荷台がいっぱいです。,짐칸이 가득 찼어요.,车斗已经满了。,後斗已經滿了。
UI_UNLOAD_BED,Unload the bed,Kasayı boşalt,Ladefläche leeren,Descargar la caja,Décharger la benne,Scarica il cassone,Descarregar caçamba,Разгрузить кузов,Rozładuj pakę,荷台から降ろす,짐칸 비우기,卸空车斗,卸空後斗
UI_CONTINUE,Continue,Kaldığın yerden devam et,Weiterspielen,Continuar,Continuer,Continua,Continuar,Продолжить,Kontynuuj,つづきから,이어하기,继续游戏,繼續遊戲
UI_BACK_TO_GAME,Back to the game,Oyuna dön,Zurück zum Spiel,Volver al juego,Retour au jeu,Torna al gioco,Voltar ao jogo,Вернуться в игру,Wróć do gry,ゲームに戻る,게임으로 돌아가기,返回游戏,返回遊戲
UI_NEW_GAME,New game,Yeni oyun,Neues Spiel,Nueva partida,Nouvelle partie,Nuova partita,Novo jogo,Новая игра,Nowa gra,はじめから,새 게임,新游戏,新遊戲
UI_SAVE_GAME,Save game,Oyunu kaydet,Spiel speichern,Guardar partida,Sauvegarder la partie,Salva partita,Salvar jogo,Сохранить игру,Zapisz grę,ゲームをセーブ,게임 저장,保存游戏,儲存遊戲
UI_LOAD_GAME,Load game,Kayıt yükle,Spiel laden,Cargar partida,Charger une partie,Carica partita,Carregar jogo,Загрузить игру,Wczytaj grę,ゲームをロード,게임 불러오기,读取存档,載入遊戲
UI_SAVE_HINT,Pick a slot for this game,Bu oyun için bir kayıt yuvası seç,Wähle einen Speicherplatz für dieses Spiel,Elige un espacio para esta partida,Choisis un emplacement pour cette partie,Scegli uno slot per questa partita,Escolha um espaço para este jogo,Выбери ячейку для этой игры,Wybierz slot dla tej gry,このゲームをセーブするスロットを選んでください,이 게임을 저장할 슬롯을 고르세요,为本局游戏选择一个存档位,為這場遊戲選擇一個存檔欄位
UI_LOAD_HINT,The farm picks up where the save left it,Çiftlik kaydedildiği andan devam eder,"Dein Hof geht genau dort weiter, wo du gespeichert hast",La granja continúa donde la dejaste,La ferme reprend là où la sauvegarde l'a laissée,La fattoria riprende da dove l'avevi salvata,A fazenda continua de onde você parou,Жизнь на ферме продолжится с момента сохранения,Gospodarstwo wróci do stanu z chwili zapisu,セーブした時点から農場の続きを遊べます,저장한 시점부터 농장 생활이 이어져요,农场将从存档时的状态继续,農場會從存檔當時的進度繼續
UI_SAVE,Save,Kaydet,Speichern,Guardar,Sauvegarder,Salva,Salvar,Сохранить,Zapisz,セーブ,저장,保存,儲存
UI_LOAD,Load,Yükle,Laden,Cargar,Charger,Carica,Carregar,Загрузить,Wczytaj,ロード,불러오기,读取,載入
UI_DELETE,Delete,Sil,Löschen,Eliminar,Supprimer,Elimina,Excluir,Удалить,Usuń,削除,삭제,删除,刪除
UI_CANCEL,Cancel,Vazgeç,Abbrechen,Cancelar,Annuler,Annulla,Cancelar,Отмена,Anuluj,キャンセル,취소,取消,取消
UI_SLOT,Slot %d,Kayıt %d,Speicherplatz %d,Espacio %d,Emplacement %d,Slot %d,Espaço %d,Ячейка %d,Slot %d,スロット%d,슬롯 %d,存档 %d,存檔 %d
UI_SLOT_AUTO,Autosave,Otomatik kayıt,Autospeicherung,Autoguardado,Sauvegarde auto,Salvataggio automatico,Salvamento automático,Автосохранение,Autozapis,オートセーブ,자동 저장,自动存档,自動存檔
UI_AUTOSAVE_NOTE,Saved as you play,Oynarken otomatik kaydedilir,Speichert beim Spielen,Se guarda mientras juegas,Sauvegardée pendant le jeu,Salvato mentre giochi,Salvo enquanto você joga,Сохраняется во время игры,Zapis podczas gry,プレイ中に自動セーブされます,플레이 중 자동 저장돼요,游戏中自动保存,遊戲中自動儲存
UI_PLAYTIME,%dh %02dm played,%d sa %02d dk oynandı,%d h %02d min gespielt,Tiempo de juego: %d h %02d min,%d h %02d min de jeu,%d h %02d min di gioco,Tempo de jogo: %d h %02d min,Время в игре: %d ч %02d мин,Czas gry: %d godz. %02d min,プレイ時間 %d時間%02d分,%d시간 %02d분 플레이,已游玩 %d 小时 %02d 分,已遊玩 %d 小時 %02d 分
UI_OVERWRITE_TITLE,Overwrite this save?,Bu kaydın üzerine yazılsın mı?,Diesen Spielstand überschreiben?,¿Sobrescribir esta partida?,Écraser cette sauvegarde ?,Sovrascrivere questo salvataggio?,Sobrescrever este jogo salvo?,Перезаписать сохранение?,Nadpisać ten zapis?,このセーブデータに上書きしますか？,이 저장 파일을 덮어쓸까요?,要覆盖这个存档吗？,要覆蓋這個存檔嗎？
UI_OVERWRITE_TEXT,The game saved in this slot will be replaced by the current one.,"Bu yuvadaki kayıt, şu anki oyunla değiştirilecek.",Der Spielstand auf diesem Speicherplatz wird durch das aktuelle Spiel ersetzt.,La partida guardada en este espacio se reemplazará por la actual.,La partie enregistrée dans cet emplacement sera remplacée par la partie en cours.,La partita salvata in questo slot verrà sostituita da quella in corso.,O jogo salvo neste espaço será substituído pelo atual.,Сохранение в этой ячейке будет заменено текущей игрой.,Zapis w tym slocie zostanie zastąpiony bieżącą grą.,このスロットのセーブデータは、現在のゲームで置き換えられます。,이 슬롯에 저장된 게임이 현재 게임으로 바뀌어요.,此存档位中的游戏将被当前游戏替换。,這個存檔欄位裡的遊戲將被目前的遊戲取代。
UI_DELETE_TITLE,Delete this save?,Bu kayıt silinsin mi?,Diesen Spielstand löschen?,¿Eliminar esta partida?,Supprimer cette sauvegarde ?,Eliminare questo salvataggio?,Excluir este jogo salvo?,Удалить это сохранение?,Usunąć ten zapis?,このセーブデータを削除しますか？,이 저장 파일을 삭제할까요?,要删除这个存档吗？,要刪除這個存檔嗎？
UI_DELETE_TEXT,This can't be undone.,Bu işlem geri alınamaz.,Das lässt sich nicht rückgängig machen.,Esta acción no se puede deshacer.,Cette action est irréversible.,Questa azione non si può annullare.,Esta ação não pode ser desfeita.,Это действие нельзя отменить.,Tej operacji nie można cofnąć.,この操作は取り消せません。,되돌릴 수 없어요.,此操作无法撤销。,此動作無法復原。
UI_UNSAVED_TEXT,Progress since your last save will be lost.,Son kayıttan bu yana yaptıkların kaybolacak.,Dein Fortschritt seit dem letzten Speichern geht verloren.,Se perderá el progreso desde tu último guardado.,Ta progression depuis la dernière sauvegarde sera perdue.,I progressi dall'ultimo salvataggio andranno persi.,Você vai perder o progresso feito desde o último salvamento.,Прогресс с момента последнего сохранения будет потерян.,Postęp od ostatniego zapisu zostanie utracony.,最後にセーブしてからの進行状況は失われます。,마지막으로 저장한 뒤의 진행 상황은 사라져요.,自上次保存以来的进度将会丢失。,上次存檔後的進度將會遺失。
UI_LOADING,Loading,Yükleniyor,Wird geladen,Cargando,Chargement,Caricamento,Carregando,Загрузка,Wczytywanie,ロード中,불러오는 중,加载中,載入中
MSG_SAVED,Game saved.,Oyun kaydedildi.,Spiel gespeichert.,Partida guardada.,Partie sauvegardée.,Partita salvata.,Jogo salvo.,Игра сохранена.,Gra zapisana.,セーブしました。,게임을 저장했어요.,游戏已保存。,遊戲已儲存。
MSG_AUTOSAVED,Autosaved.,Otomatik kaydedildi.,Automatisch gespeichert.,Partida guardada automáticamente.,Sauvegarde automatique effectuée.,Salvataggio automatico completato.,Jogo salvo automaticamente.,Автосохранение выполнено.,Zapisano automatycznie.,オートセーブしました。,자동 저장됐어요.,已自动保存。,已自動儲存。
MSG_SAVE_FAILED,The game could not be saved.,Oyun kaydedilemedi.,Das Spiel konnte nicht gespeichert werden.,No se pudo guardar la partida.,Impossible de sauvegarder la partie.,Impossibile salvare la partita.,Não foi possível salvar o jogo.,Не удалось сохранить игру.,Nie udało się zapisać gry.,セーブできませんでした。,게임을 저장하지 못했어요.,游戏保存失败。,無法儲存遊戲。
MSG_LOAD_FAILED,This save could not be read.,Bu kayıt okunamadı.,Dieser Spielstand konnte nicht gelesen werden.,No se pudo leer esta partida guardada.,Impossible de lire cette sauvegarde.,Impossibile leggere questo salvataggio.,Não foi possível ler este jogo salvo.,Не удалось прочитать это сохранение.,Nie udało się odczytać tego zapisu.,このセーブデータを読み込めませんでした。,이 저장 파일을 읽을 수 없어요.,无法读取此存档。,無法讀取這個存檔。
MSG_SAVE_TOO_NEW,This save is from a newer version of the game.,Bu kayıt oyunun daha yeni bir sürümüne ait.,Dieser Spielstand stammt aus einer neueren Spielversion.,Esta partida guardada es de una versión más reciente del juego.,Cette sauvegarde provient d'une version plus récente du jeu.,Questo salvataggio proviene da una versione più recente del gioco.,Este jogo salvo é de uma versão mais nova do FarmCraft.,Это сохранение создано в более новой версии игры.,Ten zapis pochodzi z nowszej wersji gry.,このセーブデータは、より新しいバージョンのゲームで作成されています。,더 최신 버전의 게임에서 만든 저장 파일이에요.,此存档来自较新版本的游戏。,這個存檔來自較新版本的遊戲。
SETTINGS_MUSIC_VOLUME,Music,Müzik,Musik,Música,Musique,Musica,Música,Музыка,Muzyka,BGM,배경음악,音乐,音樂
SETTINGS_EFFECTS_VOLUME,Sound effects,Ses efektleri,Soundeffekte,Efectos de sonido,Effets sonores,Effetti sonori,Efeitos sonoros,Звуковые эффекты,Efekty dźwiękowe,効果音,효과음,音效,音效
SETTINGS_AMBIENCE_VOLUME,Ambience,Ortam sesleri,Umgebungsgeräusche,Sonido ambiente,Sons d'ambiance,Suoni ambientali,Sons ambientes,Звуки окружения,Dźwięki otoczenia,環境音,환경음,环境音,環境音
SETTINGS_UI_VOLUME,Interface sounds,Arayüz sesleri,Menügeräusche,Sonidos de la interfaz,Sons de l'interface,Suoni dell'interfaccia,Sons da interface,Звуки интерфейса,Dźwięki interfejsu,システム音,UI 효과음,界面音效,介面音效
CAT_SUPPLY,Farm supply,Tarım malzemesi,Hofbedarf,Insumo agrícola,Fourniture agricole,Materiale agricolo,Insumo agrícola,Сельхозтовар,Artykuł rolniczy,農業資材,농자재,农用物资,農業資材
ITEM_FERTILIZER,Fertilizer,Gübre,Dünger,Fertilizante,Engrais,Concime,Fertilizante,Удобрение,Nawóz,肥料,비료,肥料,肥料
DESC_FERTILIZER,A bag of fertilizer. Spread it on a tilled bed: crops grow faster and more often come out silver or gold.,"Bir torba gübre. Sürülmüş bir yatağa serp: ürünler daha hızlı büyür, daha sık gümüş ya da altın kalite çıkar.",Ein Sack Dünger. Streu ihn auf ein gehacktes Beet: Die Pflanzen wachsen schneller und erreichen öfter Silber- oder Goldqualität.,Un saco de fertilizante. Espárcelo en una parcela labrada: los cultivos crecen más rápido y salen más a menudo con calidad plata u oro.,Un sac d'engrais. Épands-le sur une parcelle labourée : les cultures poussent plus vite et atteignent plus souvent la qualité argent ou or.,Un sacco di concime. Spargilo su un'aiuola zappata: le colture crescono più in fretta e raggiungono più spesso la qualità argento o oro.,Um saco de fertilizante. Espalhe em um canteiro arado: as plantações crescem mais rápido e saem mais vezes com qualidade prata ou ouro.,"Мешок удобрения. Рассыпь его по вскопанной грядке: растения растут быстрее, а урожай чаще бывает серебряного или золотого качества.",Worek nawozu. Rozsyp go na przekopanej grządce: uprawy rosną szybciej i częściej mają srebrną lub złotą jakość.,袋入りの肥料。耕した畑にまくと作物が早く育ち、銀品質や金品質のものがとれやすくなります。,"비료 한 포대예요. 갈아 둔 밭에 뿌리면 작물이 더 빨리 자라고, 은 등급이나 금 등급이 더 자주 나와요.",一袋肥料。撒在锄好的耕地上，作物会长得更快，也更容易达到白银或黄金品质。,一袋肥料。撒在鋤好的耕地上，作物會長得更快，也更容易達到白銀或黃金品質。
ITEM_MANURE,Manure,Hayvan gübresi,Dung,Estiércol,Fumier,Letame,Esterco,Навоз,Obornik,堆肥,거름,粪肥,糞肥
DESC_MANURE,"Mucked out from the manure heap by the barn. Spread it on a bed like fertilizer (a little weaker), or make fertilizer from it at the workbench.",Ahırın yanındaki gübre yığınından yabayla alınır. Yatağa gübre gibi serpilir (biraz daha zayıf) ya da tezgâhta gübreye çevrilir.,Mit der Mistgabel vom Misthaufen am Stall geholt. Streu ihn wie Dünger auf ein Beet (wirkt etwas schwächer) oder mach an der Werkbank Dünger daraus.,Sacado con la horca del montón de estiércol junto al establo. Espárcelo en una parcela como el fertilizante (es algo más débil) o conviértelo en fertilizante en el banco de trabajo.,Ramassé à la fourche sur le tas de fumier près de l'étable. Épands-le sur une parcelle comme de l'engrais (un peu moins efficace) ou transforme-le en engrais à l'établi.,Preso col forcone dal mucchio di letame vicino alla stalla. Spargilo su un'aiuola come il concime (è un po' meno efficace) oppure trasformalo in concime al banco da lavoro.,Retirado com o forcado do monte de esterco ao lado do estábulo. Espalhe em um canteiro como fertilizante (é um pouco mais fraco) ou transforme em fertilizante na bancada de trabalho.,"Берётся вилами из навозной кучи у хлева. Рассыпь его по грядке, как удобрение (действует чуть слабее), или сделай из него удобрение на верстаке.",Nabrany widłami z pryzmy obornika przy oborze. Rozsyp go na grządce jak nawóz (działa nieco słabiej) albo zrób z niego nawóz przy stole warsztatowym.,家畜小屋のそばにある堆肥の山からかき出したもの。肥料と同じく畑にまける（効き目はやや弱め）ほか、作業台で肥料に加工することもできます。,"외양간 옆 거름 더미에서 퍼 온 거름이에요. 비료처럼 밭에 뿌려도 되고(효과는 조금 약해요), 작업대에서 비료로 만들 수도 있어요.",从畜棚旁的粪肥堆里叉出来的。可以像肥料一样撒在耕地上（效果稍弱），也可以在工作台做成肥料。,從畜舍旁的糞肥堆裡叉出來的。可以像肥料一樣撒在耕地上（效果稍弱），也可以在工作台做成肥料。
ITEM_CHEESE,Cheese,Peynir,Käse,Queso,Fromage,Formaggio,Queijo,Сыр,Ser,チーズ,치즈,奶酪,起司
DESC_CHEESE,A wheel of farm cheese from the cheese press.,Peynir presinden çıkan bir teker çiftlik peyniri.,Ein Laib Hofkäse aus der Käsepresse.,"Una horma de queso de granja, hecha en la prensa de queso.",Une meule de fromage fermier sortie de la presse à fromage.,Una forma di formaggio contadino uscita dalla pressa.,"Uma peça de queijo da fazenda, feita na prensa de queijo.",Головка фермерского сыра прямо из-под пресса.,Krąg wiejskiego sera prosto z prasy.,チーズプレスで作った、農場産のホールチーズ。,치즈 압착기로 만든 농장 치즈 한 덩이예요.,奶酪压制机做出的一整轮农家奶酪。,起司壓製機做出的一整輪農家起司。
ITEM_YARN,Yarn,Yün iplik,Garn,Hilo de lana,Fil de laine,Filato,Fio de lã,Пряжа,Przędza,毛糸,털실,毛线,毛線
DESC_YARN,Wool spun into yarn on the spinning wheel.,Çıkrıkta eğrilmiş yün iplik.,"Wolle, am Spinnrad zu Garn gesponnen.",Lana hilada en la rueca.,De la laine filée au rouet.,Lana filata al filatoio.,Lã fiada na roda de fiar.,"Шерстяная пряжа, спрядённая на прялке.",Wełna zamieniona w przędzę na kołowrotku.,羊毛を糸車で紡いだ毛糸。,물레로 양털을 자아 만든 털실이에요.,在纺车上用羊毛纺成的毛线。,在紡車上用羊毛紡成的毛線。
ITEM_PICKLES,Pickles,Turşu,Eingelegtes Gemüse,Encurtidos,Légumes marinés,Sottaceti,Picles,Соленья,Kiszonki,ピクルス,피클,腌菜,醃菜
DESC_PICKLES,A jar of vegetables pickled in the barrel.,Fıçıda kurulmuş bir kavanoz turşu.,"Ein Glas Gemüse, im Fass eingelegt.",Un frasco de verduras encurtidas en el barril.,Un bocal de légumes mis à mariner dans le tonneau.,Un vasetto di verdure messe sottaceto nella botte.,"Um pote de legumes em conserva, curtidos no barril.","Банка овощей, засоленных в бочке.",Słoik warzyw zakiszonych w beczce.,樽で漬けた野菜を瓶に詰めたピクルス。,통에 절여 병에 담은 채소 피클이에요.,一罐在腌菜桶里腌好的蔬菜。,一罐在醃菜桶裡醃好的蔬菜。
ITEM_JAM,Strawberry jam,Çilek reçeli,Erdbeermarmelade,Mermelada de fresa,Confiture de fraises,Marmellata di fragole,Geleia de morango,Клубничное варенье,Dżem truskawkowy,イチゴジャム,딸기잼,草莓酱,草莓果醬
DESC_JAM,Strawberries cooked down in the kettle.,Kazanda kaynatılmış çilek reçeli.,Im Kessel eingekochte Erdbeeren.,Fresas cocidas a fuego lento en la olla.,Des fraises cuites longuement dans la bassine.,Fragole cotte a lungo nel paiolo.,Morangos cozidos no tacho até dar ponto.,"Клубника, уваренная в котле.",Truskawki wysmażone w kotle.,イチゴを鍋でじっくり煮詰めたジャム。,솥에서 딸기를 뭉근히 졸여 만든 잼이에요.,用果酱锅慢慢熬成的草莓酱。,用果醬鍋慢慢熬成的草莓果醬。
ITEM_TOMATO_PASTE,Tomato paste,Domates salçası,Tomatenmark,Pasta de tomate,Concentré de tomate,Concentrato di pomodoro,Extrato de tomate,Томатная паста,Koncentrat pomidorowy,トマトペースト,토마토 페이스트,番茄酱,番茄糊
DESC_TOMATO_PASTE,Tomatoes cooked into thick paste.,Kazanda koyulaştırılmış domates salçası.,"Tomaten, zu dickem Mark eingekocht.",Tomates cocidos hasta formar una pasta espesa.,Des tomates cuites jusqu'à former une pâte épaisse.,Pomodori cotti e ristretti fino a ottenere una pasta densa.,Tomates cozidos até virarem uma pasta espessa.,"Помидоры, уваренные до густой пасты.",Pomidory długo gotowane na gęstą pastę.,トマトを煮詰めて作った濃厚なペースト。,토마토를 걸쭉하게 졸여 만든 페이스트예요.,熬得浓稠的番茄酱。,熬得濃稠的番茄糊。
ITEM_FLOUR,Flour,Un,Mehl,Harina,Farine,Farina,Farinha,Мука,Mąka,小麦粉,밀가루,面粉,麵粉
DESC_FLOUR,Wheat ground between millstones.,Değirmen taşında öğütülmüş buğday unu.,Zwischen Mühlsteinen gemahlener Weizen.,Trigo molido entre piedras de molino.,Du blé moulu entre deux meules.,Grano macinato tra due macine.,Trigo moído entre pedras de moinho.,"Пшеница, смолотая на жерновах.",Pszenica zmielona w żarnach.,石臼でひいた小麦の粉。,맷돌에 곱게 간 밀가루예요.,用石磨把小麦磨成的面粉。,用石磨把小麥磨成的麵粉。
ITEM_WORKBENCH,Workbench,Çalışma Masası,Werkbank,Banco de trabajo,Établi,Banco da lavoro,Bancada de trabalho,Верстак,Stół warsztatowy,作業台,작업대,工作台,工作台
DESC_WORKBENCH,"A joiner's workbench as a kit. Hold it and set it up on open farm land near the house: it goes up in no time. Tools, a campfire, bait and machines are made at it.","Kit halinde bir marangoz masası. Eline al, evin yakınında boş bir yere kur; kısa sürede hazır olur. Aletler, kamp ateşi, yem ve makineler onda yapılır.","Eine Hobelbank als Bausatz. Nimm sie in die Hand und stell sie auf freiem Hofland nahe dem Haus auf: Im Nu steht sie. Daran entstehen Werkzeuge, ein Lagerfeuer, Köder und Maschinen.","Un banco de carpintero en kit. Tómalo y móntalo en terreno despejado cerca de la casa: está listo enseguida. En él se hacen herramientas, una hoguera, cebo y máquinas.","Un établi de menuisier en kit. Prends-le en main et monte-le sur un terrain dégagé près de la maison : il est prêt en un rien de temps. On y fait des outils, un feu de camp, des appâts et des machines.","Un banco da falegname in kit. Prendilo in mano e montalo su un terreno libero vicino a casa: è pronto in un attimo. Ci si fanno attrezzi, un falò, esche e macchine.","Uma bancada de marceneiro em kit. Pegue na mão e monte num terreno livre perto da casa: fica pronta rapidinho. Nela se fazem ferramentas, fogueira, isca e máquinas.","Столярный верстак в виде комплекта. Возьми в руки и поставь на свободной земле у дома: он собирается быстро. На нём делают инструменты, костёр, наживку и оборудование.","Stół stolarski w zestawie. Weź go do ręki i postaw na wolnym terenie przy domu: stanie w mig. Robi się przy nim narzędzia, ognisko, przynęty i maszyny.",キットになった木工用作業台。手に持って家の近くの空き地に建てると、すぐに完成。道具、たき火、餌、機械を作れる。,"키트로 된 목공 작업대. 손에 들고 집 근처 빈 땅에 세우면 금방 완성돼요. 도구, 모닥불, 미끼, 기계를 만들 수 있어요.",成套的木工工作台。拿在手上，在房子附近的空地上搭起来，很快就好。可以在上面做工具、篝火、鱼饵和机器。,成套的木工工作台。拿在手上，在房子附近的空地上搭起來，很快就好。可以在上面做工具、營火、魚餌和機器。
ITEM_CHEESE_PRESS,Cheese press,Peynir presi,Käsepresse,Prensa de queso,Presse à fromage,Pressa per formaggio,Prensa de queijo,Сырный пресс,Prasa do sera,チーズプレス,치즈 압착기,奶酪压制机,起司壓製機
DESC_CHEESE_PRESS,Turns milk into cheese.,Sütü peynire çevirir.,Macht aus Milch Käse.,Convierte la leche en queso.,Transforme le lait en fromage.,Trasforma il latte in formaggio.,Transforma leite em queijo.,Превращает молоко в сыр.,Zamienia mleko w ser.,牛乳からチーズを作ります。,우유로 치즈를 만들어요.,把牛奶做成奶酪。,把牛奶做成起司。
ITEM_SPINNING_WHEEL,Spinning wheel,Çıkrık,Spinnrad,Rueca,Rouet,Filatoio,Roda de fiar,Прялка,Kołowrotek,糸車,물레,纺车,紡車
DESC_SPINNING_WHEEL,Spins wool into yarn.,Yünü ipliğe çevirir.,Spinnt Wolle zu Garn.,Convierte la lana en hilo.,Transforme la laine en fil.,Trasforma la lana in filato.,Transforma lã em fio.,Прядёт пряжу из шерсти.,Zamienia wełnę w przędzę.,羊毛を紡いで毛糸にします。,양털을 자아 털실로 만들어요.,把羊毛纺成毛线。,把羊毛紡成毛線。
ITEM_PICKLE_BARREL,Pickle barrel,Turşu fıçısı,Einlegefass,Barril de encurtidos,Tonneau à saumure,Botte per sottaceti,Barril de picles,Бочка для солений,Beczka do kiszenia,ピクルス樽,피클 통,腌菜桶,醃菜桶
DESC_PICKLE_BARREL,Pickles carrots and eggplants.,Havuç ve patlıcandan turşu kurar.,Legt Karotten und Auberginen ein.,Encurte zanahorias y berenjenas.,Fait mariner les carottes et les aubergines.,Mette sottaceto carote e melanzane.,Faz picles de cenoura e de berinjela.,Засаливает морковь и баклажаны.,Kisi marchew i bakłażany.,ニンジンやナスをピクルスにします。,당근과 가지를 절여 피클로 만들어요.,用来腌制胡萝卜和茄子。,用來醃漬紅蘿蔔和茄子。
ITEM_JAM_KETTLE,Jam kettle,Reçel kazanı,Einkochkessel,Olla para mermelada,Bassine à confiture,Paiolo per conserve,Tacho de geleia,Котёл для варенья,Kocioł do dżemu,ジャム鍋,잼 솥,果酱锅,果醬鍋
DESC_JAM_KETTLE,Cooks strawberries into jam and tomatoes into paste.,"Çilekten reçel, domatesten salça yapar.",Kocht Erdbeeren zu Marmelade und Tomaten zu Tomatenmark ein.,Convierte las fresas en mermelada y los tomates en pasta.,Transforme les fraises en confiture et les tomates en concentré.,Trasforma le fragole in marmellata e i pomodori in concentrato.,Transforma morangos em geleia e tomates em extrato.,"Варит из клубники варенье, а из помидоров — томатную пасту.",Smaży dżem z truskawek i gotuje koncentrat z pomidorów.,イチゴはジャムに、トマトはペーストに煮詰めます。,"딸기는 잼으로, 토마토는 페이스트로 졸여요.",把草莓熬成果酱，把番茄熬成番茄酱。,把草莓熬成果醬，把番茄熬成番茄糊。
ITEM_QUERN,Millstone,Değirmen taşı,Mühlstein,Molino de piedra,Meule à grain,Macina,Moinho de pedra,Жернова,Żarna,石臼,맷돌,石磨,石磨
DESC_QUERN,Grinds wheat into flour.,Buğdayı una öğütür.,Mahlt Weizen zu Mehl.,Muele el trigo para hacer harina.,Moud le blé en farine.,Macina il grano in farina.,Mói trigo para fazer farinha.,Перемалывают пшеницу в муку.,Mielą pszenicę na mąkę.,小麦をひいて小麦粉にします。,밀을 갈아 밀가루로 만들어요.,把小麦磨成面粉。,把小麥磨成麵粉。
ITEM_SPRINKLER,Sprinkler,Fıskiye,Sprinkler,Aspersor,Arroseur,Irrigatore,Aspersor,Разбрызгиватель,Zraszacz,スプリンクラー,스프링클러,洒水器,灑水器
DESC_SPRINKLER,Waters the beds around it every morning.,Her sabah çevresindeki yatakları sular.,Bewässert jeden Morgen die Beete ringsum.,Riega cada mañana las parcelas que tiene alrededor.,Arrose chaque matin les parcelles alentour.,Ogni mattina annaffia le aiuole intorno.,Rega os canteiros ao redor toda manhã.,Каждое утро поливает грядки вокруг себя.,Każdego ranka podlewa grządki dookoła.,毎朝、周りの畑に水をまきます。,매일 아침 주변 밭에 물을 줘요.,每天早上为周围的耕地浇水。,每天早上替周圍的耕地澆水。
ACTION_FERTILIZE,Fertilize,Gübrele,Düngen,Fertilizar,Fertiliser,Concima,Fertilizar,Удобрить,Nawieź,肥料をまく,비료 주기,施肥,施肥
PROGRESS_FERTILIZING,Fertilizing...,Gübreleniyor...,Düngen...,Fertilizando...,Fertilisation...,Concimazione...,Fertilizando...,Подкормка...,Nawożenie...,肥料まき中...,비료 주는 중...,施肥中……,施肥中……
ACTION_MUCK,Take manure,Gübre al,Dung nehmen,Recoger estiércol,Prendre du fumier,Prendi il letame,Recolher esterco,Взять навоз,Nabierz obornika,堆肥を取る,거름 푸기,收集粪肥,收集糞肥
PROGRESS_MUCKING,Forking manure...,Gübre alınıyor...,Dung aufgabeln...,Recogiendo estiércol...,Ramassage du fumier...,Raccolta del letame...,Recolhendo esterco...,Сбор навоза...,Nabieranie obornika...,堆肥回収中...,거름 푸는 중...,收集粪肥中……,收集糞肥中……
INFO_MANURE_HEAP,Manure heap: %d,Gübre yığını: %d,Misthaufen: %d,Montón de estiércol: %d,Tas de fumier : %d,Mucchio di letame: %d,Monte de esterco: %d,Навозная куча: %d,Pryzma obornika: %d,堆肥の山：%d,거름 더미: %d,粪肥堆：%d,糞肥堆：%d
MSG_ANIMAL_BORN,"A new %s on the farm (mother: %s). Welcome, %s!",Çiftliğe yeni bir %s katıldı (anne: %s). Hoş geldin %s!,"Ein neues %s auf dem Hof (Mutter: %s). Willkommen, %s!","Nueva cría en la granja: %s (madre: %s). ¡Bienvenido, %s!","Naissance à la ferme : %s (mère : %s). Bienvenue, %s !",Lieto evento alla fattoria: %s (madre: %s). Diamo il benvenuto a %s!,"Novo filhote na fazenda: %s (mãe: %s). Boas-vindas, %s!","Пополнение на ферме: %s (мама: %s). Добро пожаловать, %s!","Narodziny w gospodarstwie: %s (matka: %s). Witaj, %s!",農場で%sが生まれました（母親：%s）。ようこそ、%s！,"새 식구가 태어났어요: %s (어미: %s). 환영해요, %s!",农场添了新成员：%s（妈妈：%s）。欢迎你，%s！,農場來了新成員：%s（媽媽：%s）。歡迎你，%s！
ACTION_PICK_UP,Pick up,Kaldır,Aufheben,Recoger,Récupérer,Recupera,Recolher,Подобрать,Podnieś,回収する,회수,收起,收起
ACTION_PLACE,Place,Yerleştir,Platzieren,Colocar,Placer,Posiziona,Posicionar,Поставить,Postaw,設置する,설치,放置,放置
ACTION_ROTATE,Rotate,Döndür,Drehen,Girar,Pivoter,Ruota,Girar,Повернуть,Obróć,回転する,회전,旋转,旋轉
ACTION_CRAFT,Workbench,Çalışma masası,Werkbank,Banco de trabajo,Établi,Banco da lavoro,Bancada de trabalho,Верстак,Stół warsztatowy,作業台,작업대,工作台,工作台
ACTION_MACHINE_PUT,Put in: %s ×%d,İçine koy: %s ×%d,Hineingeben: %s ×%d,Introducir: %s ×%d,Ajouter : %s ×%d,Inserisci: %s ×%d,Colocar: %s ×%d,Загрузить: %s ×%d,Włóż: %s ×%d,入れる：%s ×%d,넣기: %s ×%d,放入：%s ×%d,放入：%s ×%d
ACTION_MACHINE_TAKE,Take: %s,Al: %s,Entnehmen: %s,Sacar: %s,Prendre : %s,Prendi: %s,Retirar: %s,Забрать: %s,Wyjmij: %s,取り出す：%s,꺼내기: %s,取出：%s,取出：%s
INFO_MACHINE_WORKING,Making %s · %d h left,%s hazırlanıyor · %d sa kaldı,In Herstellung: %s · noch %d h,En proceso: %s · termina en %d h,Fabrication : %s · encore %d h,In lavorazione: %s · ancora %d h,Em produção: %s · termina em %d h,В работе: %s · осталось %d ч,W produkcji: %s · jeszcze %d godz.,%sを製作中 · あと%d時間,%s 제작 중 · %d시간 남음,正在制作%s · 还剩 %d 小时,正在製作%s · 還剩 %d 小時
MSG_MACHINE_TAKES,%s takes: %s,%s şunları alır: %s,%s verarbeitet: %s,%s: admite %s,%s : accepte %s,%s: accetta %s,%s: aceita %s,%s · сырьё: %s,%s – można włożyć: %s,%sに入れられる物：%s,%s에 넣을 수 있는 재료: %s,%s可放入：%s,%s可放入：%s
MSG_MACHINE_NEED_MORE,You need %s ×%d.,%s ×%d gerekiyor.,Du brauchst %s ×%d.,Necesitas %s ×%d.,Il te faut %s ×%d.,Ti servono %s ×%d.,Você precisa de %s ×%d.,Нужно: %s ×%d.,Potrzebujesz: %s ×%d.,%s ×%dが必要です。,%s %d개가 필요해요.,你需要%s ×%d。,你需要%s ×%d。
MSG_PLACE_FARM_ONLY,Machines go on open farm land.,Makineler çiftlikte açık araziye konur.,Maschinen gehören auf freies Hofgelände.,Las máquinas solo se pueden colocar en terreno abierto de la granja.,Les machines vont sur un terrain libre de la ferme.,Le macchine vanno sul terreno libero della fattoria.,As máquinas só podem ser posicionadas em terreno aberto da fazenda.,Оборудование можно ставить только на свободную землю фермы.,Maszyny można stawiać tylko na otwartym terenie gospodarstwa.,機械は農場の空き地にしか設置できません。,기계는 농장의 빈 땅에만 설치할 수 있어요.,机器只能放在农场的空地上。,機器只能放在農場的空地上。
MSG_PLACE_FLAT,The ground is too steep here.,Burası çok eğimli.,Der Boden ist hier zu steil.,Aquí el terreno es demasiado empinado.,Le terrain est trop en pente ici.,Qui il terreno è troppo ripido.,O terreno aqui é íngreme demais.,Здесь слишком крутой склон.,Teren jest tu zbyt stromy.,ここは傾斜が急すぎます。,여기는 경사가 너무 가팔라요.,这里的地面太陡了。,這裡的地面太陡了。
MSG_PLACE_BLOCKED,Something is in the way.,Önünde bir şey var.,Da ist etwas im Weg.,Hay algo en medio.,Il y a un obstacle.,C'è qualcosa in mezzo.,Há algo no caminho.,Что-то мешает.,Coś blokuje to miejsce.,何かがじゃまになっています。,무언가가 가로막고 있어요.,有东西挡住了。,有東西擋住了。
UI_WORKBENCH,Workbench,Çalışma masası,Werkbank,Banco de trabajo,Établi,Banco da lavoro,Bancada de trabalho,Верстак,Stół warsztatowy,作業台,작업대,工作台,工作台
UI_WORKBENCH_HINT,"Tools, a campfire, bait, farm supplies and machines from your materials","Malzemelerinden alet, kamp ateşi, yem, çiftlik malzemesi ve makine yap","Werkzeuge, Lagerfeuer, Köder, Hofbedarf und Maschinen aus deinen Materialien","Herramientas, hoguera, cebo, insumos y máquinas con tus materiales","Outils, feu de camp, appâts, fournitures et machines à partir de tes matériaux","Attrezzi, falò, esche, forniture e macchine dai tuoi materiali","Ferramentas, fogueira, isca, insumos e máquinas com seus materiais","Инструменты, костёр, наживка, товары для фермы и оборудование из твоих материалов","Narzędzia, ognisko, przynęty, zaopatrzenie i maszyny z własnych materiałów",手持ちの材料から道具、たき火、餌、農業資材、機械を作れます,"가진 재료로 도구, 모닥불, 미끼, 농자재, 기계를 만들어요",用你的材料制作工具、篝火、鱼饵、农用物资和机器,用你的材料製作工具、營火、魚餌、農業資材和機器
UI_MATERIALS,Materials,Malzemeler,Materialien,Materiales,Matériaux,Materiali,Materiais,Материалы,Materiały,材料,재료,材料,材料
UI_CRAFT,Make,Yap,Herstellen,Fabricar,Fabriquer,Crea,Fabricar,Сделать,Wytwórz,製作する,제작,制作,製作
UI_MAKES,Makes %d,%d adet yapar,Ergibt %d Stück,Produce %d unidades,Quantité produite : %d,Produce %d unità,Produz %d unidades,Даёт: %d шт.,Daje %d szt.,完成数：%d,완성품 %d개,每次产出 %d 个,每次產出 %d 個
UI_NEEDS_LEVEL,Needs farm level %d (you are %d),Çiftlik seviyesi %d gerekir (şu an %d),Benötigt Hofstufe %d (aktuell: %d),Requiere nivel de granja %d (tu nivel: %d),Nécessite une ferme de niveau %d (actuel : %d),Richiede una fattoria di livello %d (attuale: %d),Requer nível da fazenda %d (seu nível: %d),Нужен уровень фермы %d (сейчас %d),Wymagany poziom gospodarstwa: %d (obecny: %d),農場レベル%dが必要（現在%d）,농장 레벨 %d 필요 (현재 %d),需要农场达到 %d 级（当前 %d 级）,需要農場達到 %d 級（目前 %d 級）
UI_LEVEL_SHORT,Lv. %d,Sv. %d,Stufe %d,Nv. %d,Niv. %d,Liv. %d,Nv. %d,Ур. %d,Poz. %d,Lv.%d,Lv. %d,%d 级,%d 級
UI_NEEDS_MATERIALS,Materials missing,Malzeme eksik,Material fehlt,Faltan materiales,Matériaux manquants,Materiali mancanti,Faltam materiais,Нет материалов,Brak materiałów,材料不足,재료 부족,材料不足,材料不足
UI_CAN_MAKE,Ready,Yapılabilir,Herstellbar,Disponible,Réalisable,Realizzabile,Disponível,Доступно,Dostępne,製作可能,제작 가능,可制作,可製作
MSG_LEVEL_UP,Farm level %d! New workbench recipes and bigger orders.,Çiftlik seviyesi %d! Yeni tezgâh tarifleri ve daha büyük siparişler.,Hofstufe %d erreicht! Neue Rezepte an der Werkbank und größere Aufträge.,¡Nivel de granja %d! Nuevas recetas en el banco de trabajo y pedidos más grandes.,Ta ferme passe au niveau %d ! Nouvelles recettes à l'établi et commandes plus importantes.,La tua fattoria passa al livello %d! Nuove ricette al banco da lavoro e ordini più grandi.,Nível da fazenda %d! Novas receitas na bancada de trabalho e pedidos maiores.,Уровень фермы %d! Новые рецепты на верстаке и заказы покрупнее.,Poziom gospodarstwa %d! Nowe przepisy na stole warsztatowym i większe zamówienia.,農場レベル%d！　作業台の新しいレシピと、より大きな注文が解放されました。,농장 레벨 %d! 새 작업대 레시피와 더 큰 주문이 열렸어요.,农场升至 %d 级！工作台解锁新配方，订单规模也更大了。,農場升到 %d 級！工作台解鎖新配方，訂單規模也更大了。
UI_ORDERS,Orders,Siparişler,Aufträge,Pedidos,Commandes,Ordini,Pedidos,Заказы,Zamówienia,注文,주문,订单,訂單
UI_ORDERS_HINT,Townsfolk pay well for what they need. Deliver from your bag or a pickup parked nearby.,Kasabalılar ihtiyaçları için iyi para öder. Çantandan ya da yakına park ettiğin pikaptan teslim et.,"Die Leute in der Stadt zahlen gut für das, was sie brauchen. Liefere aus dem Rucksack oder von einem Pick-up, der in der Nähe parkt.",La gente del pueblo paga bien por lo que necesita. Entrega desde tu mochila o desde una camioneta estacionada cerca.,Les habitants de la ville paient bien pour ce qui leur manque. Livre depuis ton sac ou depuis un pick-up garé à proximité.,La gente del paese paga bene per ciò che le serve. Consegna dallo zaino o da un pick-up parcheggiato qui vicino.,Os moradores da cidade pagam bem pelo que precisam. Entregue da sua mochila ou de uma picape estacionada por perto.,"Горожане хорошо платят за то, что им нужно. Сдавай товар из сумки или из пикапа, припаркованного рядом.","Mieszkańcy miasta dobrze płacą za to, czego potrzebują. Towar możesz dostarczyć z torby lub z pikapa zaparkowanego w pobliżu.",町の人たちは、必要な品物に気前よくお金を払ってくれます。持ち物か、近くに停めたピックアップから納品しましょう。,마을 사람들이 필요한 물건에 값을 후하게 쳐 줘요. 가방이나 근처에 세워 둔 픽업트럭에서 바로 납품할 수 있어요.,镇上居民愿意为需要的东西出好价钱。可以从背包或停在附近的皮卡上交付。,鎮上居民願意為需要的東西出好價錢。可以從背包或停在附近的貨卡上交付。
UI_ORDERS_OPEN,%d open,%d açık,%d offen,Pendientes: %d,%d en attente,%d in attesa,Em aberto: %d,Активных: %d,Otwarte: %d,%d件 受付中,%d건 대기 중,%d 个待交付,%d 筆待交付
ACTION_ORDERS,Orders,Siparişler,Aufträge,Pedidos,Commandes,Ordini,Pedidos,Заказы,Zamówienia,注文,주문,订单,訂單
UI_NO_ORDERS,No orders right now. New ones come in every morning.,Şu an sipariş yok. Her sabah yenileri gelir.,Gerade gibt es keine Aufträge. Jeden Morgen kommen neue hinzu.,No hay pedidos por ahora. Cada mañana llegan nuevos.,Aucune commande pour le moment. De nouvelles arrivent chaque matin.,Nessun ordine al momento. Ne arrivano di nuovi ogni mattina.,Nenhum pedido no momento. Chegam novos toda manhã.,Сейчас заказов нет. Новые появляются каждое утро.,Na razie brak zamówień. Nowe pojawiają się każdego ranka.,今は注文がありません。毎朝、新しい注文が届きます。,지금은 주문이 없어요. 매일 아침 새 주문이 들어와요.,目前没有订单。每天早上都会有新订单。,目前沒有訂單。每天早上都會有新訂單。
UI_ORDER_TODAY,due today,bugün son gün,Heute fällig,vence hoy,À livrer aujourd'hui,Scade oggi,vence hoje,последний день,termin mija dziś,本日締め切り,오늘 마감,今天截止,今天截止
UI_ORDER_DAYS,%d days left,%d gün kaldı,Verbleibende Tage: %d,días restantes: %d,Jours restants : %d,Giorni rimasti: %d,dias restantes: %d,осталось дней: %d,pozostało dni: %d,あと%d日,%d일 남음,还剩 %d 天,還剩 %d 天
UI_ORDER_HAVE,%d / %d on hand,Elinde %d / %d,%d / %d vorhanden,Tienes %d / %d,Disponible : %d / %d,Disponibili: %d / %d,Você tem %d / %d,В наличии: %d / %d,Masz %d / %d,手持ち %d / %d,보유 %d / %d,现有 %d / %d,現有 %d / %d
UI_DELIVER,Deliver,Teslim et,Liefern,Entregar,Livrer,Consegna,Entregar,Сдать,Dostarcz,納品する,납품,交付,交付
MSG_ORDER_DONE,Order delivered: %s · +%s,Sipariş teslim edildi: %s · +%s,Auftrag erledigt: %s · +%s,Pedido entregado: %s · +%s,Commande livrée : %s · +%s,Ordine consegnato: %s · +%s,Pedido entregue: %s · +%s,Заказ выполнен: %s · +%s,Zamówienie dostarczone: %s · +%s,納品完了：%s · +%s,납품 완료: %s · +%s,订单已交付：%s · +%s,訂單已交付：%s · +%s
MSG_ORDERS_EXPIRED,%d order(s) on the board expired.,Panodaki %d sipariş süresi doldu.,Abgelaufene Aufträge an der Tafel: %d.,Pedidos vencidos en la pizarra: %d.,Commandes expirées au tableau : %d.,Ordini scaduti sulla bacheca: %d.,Pedidos vencidos no quadro: %d.,Просрочено заказов на доске: %d.,Wygasłe zamówienia z tablicy: %d.,掲示板の注文%d件が期限切れになりました。,게시판의 주문 %d건이 기한을 넘겼어요.,告示板上有 %d 个订单已过期。,布告欄上有 %d 筆訂單已過期。
REPORT_ORDERS,Orders,Siparişler,Aufträge,Pedidos,Commandes,Ordini,Pedidos,Заказы,Zamówienia,注文,주문,订单,訂單
REPORT_QUESTS,Goals,Görevler,Ziele,Objetivos,Objectifs,Obiettivi,Objetivos,Цели,Cele,目標,목표,目标,目標
HUD_FARM_LEVEL,Level %d,Seviye %d,Stufe %d,Nivel %d,Niveau %d,Livello %d,Nível %d,Уровень %d,Poziom %d,レベル%d,레벨 %d,等级 %d,等級 %d
HUD_GOAL,Goal,Görev,Ziel,Objetivo,Objectif,Obiettivo,Objetivo,Цель,Cel,目標,목표,目标,目標
MSG_QUEST_DONE,Goal done: %s,Görev tamam: %s,Ziel erreicht: %s,Objetivo cumplido: %s,Objectif atteint : %s,Obiettivo completato: %s,Objetivo concluído: %s,Цель выполнена: %s,Cel osiągnięty: %s,目標達成：%s,목표 달성: %s,目标达成：%s,目標達成：%s
MSG_TUTORIAL_DONE,Grandpa's farm is back on its feet! The rest is up to you.,Dedenin çiftliği yeniden ayakta! Gerisi senin elinde.,Opas Hof steht wieder! Der Rest liegt bei dir.,¡La granja del abuelo vuelve a estar en pie! El resto depende de ti.,La ferme de grand-père est de nouveau debout ! La suite ne dépend que de toi.,La fattoria del nonno è di nuovo in piedi! Il resto dipende da te.,A fazenda do vovô está de pé de novo! O resto é com você.,Дедушкина ферма снова на ногах! Дальше всё в твоих руках.,Gospodarstwo dziadka znów stoi na nogach! Reszta zależy od ciebie.,祖父の農場がよみがえった！ここから先はあなた次第。,할아버지의 농장이 다시 일어섰다! 이제부터는 네 몫이다.,爷爷的农场重新振作起来了！接下来就看你的了。,爺爺的農場重新振作起來了！接下來就看你的了。
QUEST_TILL,Till beds with the hoe,Çapayla yatak sür,Leg mit der Hacke Beete an,Labra parcelas con la azada,Laboure des parcelles avec la houe,Prepara delle aiuole con la zappa,Are canteiros com a enxada,Вскопай грядки мотыгой,Przekop grządki motyką,クワで畑を耕す,괭이로 밭 갈기,用锄头锄地,用鋤頭鋤地
QUEST_PLANT,Sow wheat in the tilled beds (ripe by tomorrow),Sürülmüş yataklara buğday ek (yarına olgunlaşır),Säe Weizen in die gehackten Beete (morgen reif),Siembra trigo en las parcelas labradas (madura para mañana),Sème du blé dans les parcelles labourées (mûr dès demain),Semina grano nelle aiuole zappate (maturo per domani),Plante trigo nos canteiros arados (fica maduro amanhã),Посей пшеницу на вскопанных грядках (к завтра созреет),Zasiej pszenicę na przekopanych grządkach (dojrzeje do jutra),耕した畑に小麦をまく（明日には実る）,갈아 둔 밭에 밀 심기 (내일이면 여문다),在锄好的耕地里种小麦（明天就熟）,在鋤好的耕地裡種小麥（明天就熟）
QUEST_WATER,Water the planted beds,Ekili yatakları sula,Gieß die bepflanzten Beete,Riega las parcelas sembradas,Arrose les parcelles semées,Annaffia le aiuole seminate,Regue os canteiros plantados,Полей засаженные грядки,Podlej obsiane grządki,種を植えた畑に水をやる,씨앗을 심은 밭에 물 주기,给已播种的耕地浇水,替已播種的耕地澆水
QUEST_HARVEST,Harvest the ripe beds Grandpa left at the far end of the field (scythe),Dedenin tarlanın dibinde bıraktığı olgun yatakları tırpanla hasat et,"Ernte mit der Sense die reifen Beete, die Opa hinten im Feld hinterlassen hat",Cosecha con la guadaña las parcelas maduras que el abuelo dejó al fondo del campo,Récolte à la faux les parcelles mûres que grand-père a laissées au fond du champ,Raccogli con la falce le aiuole mature che il nonno ha lasciato in fondo al campo,Colha com a foice os canteiros maduros que o vovô deixou no fundo do campo,"Собери косой спелые грядки, оставленные дедушкой в дальнем конце поля","Zbierz kosą dojrzałe grządki, które dziadek zostawił na końcu pola",祖父が畑の奥に残した実りの畑を大鎌で収穫する,할아버지가 밭 끝에 남겨 둔 다 익은 작물을 낫으로 수확하기,用镰刀收割爷爷在田地尽头留下的成熟作物,用鐮刀採收爺爺在田地盡頭留下的成熟作物
QUEST_STORE,Put some wood or stone in the warehouse (E at its ledger),"Odunun, taşın bir kısmını depoya koy (deftere E)",Leg etwas Holz oder Stein in die Lagerhalle (E am Lagerbuch),Guarda algo de madera o piedra en el almacén (E en el libro de registro),Range du bois ou de la pierre dans l'entrepôt (E au registre),Metti un po' di legno o pietra in magazzino (E sul registro),Guarde um pouco de madeira ou pedra no armazém (E no livro de registro),Сложи на склад немного древесины или камня (E у журнала учёта),Odłóż trochę drewna lub kamienia do magazynu (E przy księdze magazynowej),木材や石を倉庫にしまう（台帳の前でE）,목재나 돌을 창고에 넣기 (장부 앞에서 E),把一些木材或石头存进仓库（对着账本按 E）,把一些木材或石頭存進倉庫（對著帳本按 E）
QUEST_PICKUP,Buy the pickup at Yeşilova Oto in town,Kasabadaki Yeşilova Oto'dan pikabı al,Kaufe den Pick-up bei Yeşilova Oto in der Stadt,"Compra la camioneta en Yeşilova Oto, en el pueblo","Achète le pick-up chez Yeşilova Oto, en ville","Compra il pick-up da Yeşilova Oto, in paese","Compre a picape na Yeşilova Oto, na cidade",Купи пикап в городском автосалоне Yeşilova Oto,Kup pikapa w Yeşilova Oto w mieście,町のYeşilova Otoでピックアップを買う,마을의 Yeşilova Oto에서 픽업트럭 사기,在镇上的 Yeşilova Oto 买下皮卡,在鎮上的 Yeşilova Oto 買下貨卡
QUEST_SELL,Sell goods at the market,Markette ürün sat,Verkaufe Waren auf dem Markt,Vende productos en el mercado,Vends des produits au marché,Vendi dei prodotti al mercato,Venda produtos no mercado,Продай товары на рынке,Sprzedaj towary na targu,マーケットで品物を売る,시장에서 물건 팔기,在集市出售货物,在市集出售貨物
QUEST_WORKBENCH,Buy a workbench at the market and set it up on the farm,Marketten çalışma tezgâhı al ve çiftliğe kur,Kaufe auf dem Markt eine Werkbank und stell sie auf dem Hof auf,Compra un banco de trabajo en el mercado y colócalo en la granja,Achète un établi au marché et installe-le à la ferme,Compra un banco da lavoro al mercato e sistemalo in fattoria,Compre uma bancada de trabalho no mercado e monte na fazenda,Купи верстак на рынке и поставь его на ферме,Kup stół warsztatowy na targu i postaw go w gospodarstwie,マーケットで作業台を買い、農場に設置する,시장에서 작업대를 사서 농장에 설치하기,在集市买一张工作台，放到农场上,在市集買一張工作台，放到農場上
QUEST_CRAFT,"Make something at the workbench (a millstone, say)",Tezgâhta bir şey yap (örneğin değirmen taşı),Stell an der Werkbank etwas her (zum Beispiel einen Mühlstein),"Fabrica algo en el banco de trabajo (por ejemplo, un molino de piedra)","Fabrique quelque chose à l'établi (une meule à grain, par exemple)","Crea qualcosa al banco da lavoro (una macina, per esempio)","Fabrique algo na bancada de trabalho (um moinho de pedra, por exemplo)","Сделай что-нибудь на верстаке (например, жернова)",Wytwórz coś przy stole warsztatowym (np. żarna),作業台で何かを作る（石臼など）,작업대에서 무언가 만들기 (예: 맷돌),在工作台制作物品（比如石磨）,在工作台製作物品（例如石磨）
QUEST_ORDER,Deliver an order from the board by the market (the bakery wants wood),Marketin önündeki panodan bir sipariş teslim et (fırın odun bekliyor),Erledige einen Auftrag von der Tafel am Markt (die Bäckerei will Holz),Entrega un pedido de la pizarra junto al mercado (la panadería quiere madera),Livre une commande du tableau près du marché (la boulangerie veut du bois),Consegna un ordine della bacheca vicino al mercato (il forno vuole legno),Entregue um pedido do quadro ao lado do mercado (a padaria quer madeira),Выполни заказ с доски у рынка (пекарне нужна древесина),Dostarcz zamówienie z tablicy przy targu (piekarnia chce drewna),マーケット横の掲示板の注文を納品する（パン屋が木材を待っている）,시장 옆 게시판의 주문 납품하기 (빵집이 목재를 기다린다),交付集市旁告示板上的一个订单（面包房要木材）,交付市集旁布告欄上的一筆訂單（麵包店要木材）
UI_TAB_MAKE,Make,Yapım,Herstellen,Fabricar,Fabriquer,Crea,Fabricar,Изготовить,Wytwarzanie,作る,제작,制作,製作
UI_TAB_TOOLS,Tools,Aletler,Werkzeuge,Herramientas,Outils,Attrezzi,Ferramentas,Инструменты,Narzędzia,道具,도구,工具,工具
UI_NO_TOOLS,No tools in your bag.,Çantanda alet yok.,Keine Werkzeuge in der Tasche.,No hay herramientas en la mochila.,Aucun outil dans ton sac.,Nessun attrezzo nella borsa.,Nenhuma ferramenta na mochila.,В сумке нет инструментов.,Brak narzędzi w torbie.,持ち物に道具がありません。,가방에 도구가 없어요.,背包里没有工具。,背包裡沒有工具。
UI_UPGRADE,Upgrade,Yükselt,Verbessern,Mejorar,Améliorer,Migliora,Melhorar,Улучшить,Ulepsz,強化,강화,升级,升級
UI_UPGRADE_MAX,Max,En üst,Max.,Máx.,Max,Max,Máx.,Макс.,Maks.,最大,최대,满级,滿級
UI_UPGRADE_DONE,This tool is fully upgraded.,Bu alet en üst seviyede.,Dieses Werkzeug ist voll verbessert.,Esta herramienta ya está al máximo.,Cet outil est déjà au maximum.,Questo attrezzo è già al massimo.,Esta ferramenta já está no máximo.,Инструмент уже улучшен до предела.,To narzędzie jest już w pełni ulepszone.,この道具はもう最大まで強化済みです。,이 도구는 이미 최대로 강화됐어요.,这件工具已升到满级。,這件工具已升到滿級。
UI_UPGRADE_DESC,A reinforced head and handle: the tool works faster and lasts longer. Upgrading also repairs it.,"Güçlendirilmiş ağız ve sap: alet daha hızlı çalışır, daha uzun dayanır. Yükseltme aleti de onarır.",Verstärkter Kopf und Stiel: Das Werkzeug arbeitet schneller und hält länger. Die Verbesserung repariert es auch.,Cabeza y mango reforzados: la herramienta trabaja más rápido y dura más. Mejorarla también la repara.,Tête et manche renforcés : l'outil travaille plus vite et dure plus longtemps. L'amélioration le répare aussi.,Testa e manico rinforzati: l'attrezzo lavora più in fretta e dura di più. Migliorarlo lo ripara anche.,Cabeça e cabo reforçados: a ferramenta trabalha mais rápido e dura mais. Melhorar também a conserta.,Укреплённые рабочая часть и рукоять: инструмент работает быстрее и служит дольше. Улучшение заодно чинит его.,Wzmocniona głowica i trzonek: narzędzie pracuje szybciej i dłużej wytrzymuje. Ulepszenie także je naprawia.,頭と柄を補強すると、作業が速くなり長持ちします。強化すると修理もされます。,머리와 자루를 보강하면 작업이 빨라지고 더 오래 버텨요. 강화하면 수리도 돼요.,加固工具头和手柄：干活更快、更耐用。升级时也会顺便修好。,強化工具頭與握柄：做事更快、更耐用。升級時也會順便修好。
UI_UPGRADE_EFFECT,Effect,Etkisi,Wirkung,Efecto,Effet,Effetto,Efeito,Эффект,Efekt,効果,효과,效果,效果
UI_UPGRADE_SPEED,Work speed: +%d%% → +%d%%,Çalışma hızı: +%%%d → +%%%d,Arbeitstempo: +%d %% → +%d %%,Velocidad: +%d%% → +%d%%,Vitesse : +%d %% → +%d %%,Velocità: +%d%% → +%d%%,Velocidade: +%d%% → +%d%%,Скорость работы: +%d%% → +%d%%,Szybkość pracy: +%d%% → +%d%%,作業速度: +%d%% → +%d%%,작업 속도: +%d%% → +%d%%,工作速度：+%d%% → +%d%%,工作速度：+%d%% → +%d%%
UI_UPGRADE_DURABILITY,Durability: %d → %d,Dayanıklılık: %d → %d,Haltbarkeit: %d → %d,Durabilidad: %d → %d,Solidité : %d → %d,Durabilità: %d → %d,Durabilidade: %d → %d,Прочность: %d → %d,Wytrzymałość: %d → %d,耐久度: %d → %d,내구도: %d → %d,耐久度：%d → %d,耐久度：%d → %d
MSG_TOOL_UPGRADED,Upgraded: %s,Yükseltildi: %s,Verbessert: %s,Mejorado: %s,Amélioré : %s,Migliorato: %s,Melhorado: %s,Улучшено: %s,Ulepszono: %s,強化しました: %s,강화 완료: %s,已升级：%s,已升級：%s
REPORT_UPGRADES,Tool upgrades,Alet yükseltme,Werkzeug-Verbesserungen,Mejoras de herramientas,Améliorations d'outils,Migliorie agli attrezzi,Melhorias de ferramentas,Улучшение инструментов,Ulepszenia narzędzi,道具の強化,도구 강화,工具升级,工具升級
HUD_CHAPTER,Chapter %d,Bölüm %d,Kapitel %d,Capítulo %d,Chapitre %d,Capitolo %d,Capítulo %d,Глава %d,Rozdział %d,第%d章,%d장,第%d章,第%d章
CHAPTER_SOIL,The soil,Toprak,Der Boden,La tierra,La terre,La terra,A terra,Земля,Ziemia,土,흙,土地,土地
CHAPTER_TOWN,The town,Kasaba,Die Stadt,El pueblo,Le village,Il paese,A cidade,Городок,Miasteczko,町,마을,小镇,小鎮
CHAPTER_WORKSHOP,The workshop,Atölye,Die Werkstatt,El taller,L'atelier,Il laboratorio,A oficina,Мастерская,Warsztat,作業場,작업장,工坊,工坊
CHAPTER_COOP,The coop,Kümes,Der Hühnerstall,El gallinero,Le poulailler,Il pollaio,O galinheiro,Курятник,Kurnik,鶏小屋,닭장,鸡舍,雞舍
CHAPTER_BARN,The barn,Ahır,Der Stall,El establo,L'étable,La stalla,O estábulo,Хлев,Obora,家畜小屋,외양간,畜棚,畜舍
CHAPTER_DAIRY,The dairy,Süthane,Die Molkerei,La lechería,La laiterie,Il caseificio,A leiteria,Молочня,Mleczarnia,乳製品づくり,낙농,乳品,乳品
CHAPTER_LEGACY,Grandpa's house,Dedenin evi,Opas Haus,La casa del abuelo,La maison de grand-père,La casa del nonno,A casa do vovô,Дедушкин дом,Dom dziadka,祖父の家,할아버지의 집,爷爷的房子,爺爺的房子
CHAPTER_SOIL_NOTE,"Don't sow before you till, and water every morning: a crop left dry withers in two days.","Sürmeden tohum atma, her sabah sula: susuz kalan ekin iki günde kurur.","Säe nicht, bevor du gehackt hast, und gieß jeden Morgen: Was trocken bleibt, verdorrt in zwei Tagen.",No siembres sin labrar y riega cada mañana: un cultivo sin agua se marchita en dos días.,"Ne sème pas avant d'avoir labouré, et arrose chaque matin : une culture au sec se fane en deux jours.","Non seminare prima di aver zappato, e annaffia ogni mattina: un raccolto all'asciutto appassisce in due giorni.",Não semeie antes de arar e regue toda manhã: uma plantação sem água murcha em dois dias.,"Не сей, пока не вскопал, и поливай каждое утро: без воды урожай засохнет за два дня.",Nie siej przed spulchnieniem ziemi i podlewaj co rano: uprawa bez wody więdnie w dwa dni.,耕す前に種をまかないこと。毎朝水をやりなさい。水のない作物は二日で枯れる。,"갈기 전에 씨를 뿌리지 말고, 매일 아침 물을 주거라. 물이 없으면 작물은 이틀 만에 시든다.",不翻地别播种，每天早上都要浇水：缺水的庄稼两天就会枯萎。,不翻地別播種，每天早上都要澆水：缺水的莊稼兩天就會枯萎。
CHAPTER_TOWN_NOTE,"The key to my old pickup is in my desk drawer. She coughs in the mornings, but she still runs if you're gentle with her. Drive to Yeşilova and bring home two good hens: a farm wakes up with its hens.","Eski pikabımın anahtarı yazı masamın çekmecesinde. Sabahları biraz öksürür ama nazik davranırsan hâlâ yürür. Yeşilova'ya git, iki iyi tavuk getir: çiftlik, tavuklarıyla uyanır.","Der Schlüssel für meinen alten Pick-up liegt in der Schublade meines Schreibtischs. Morgens hustet er ein bisschen, aber wenn du sanft mit ihm umgehst, läuft er noch. Fahr nach Yeşilova und bring zwei gute Hühner mit: Mit seinen Hühnern wacht ein Hof auf.","La llave de mi vieja camioneta está en el cajón de mi escritorio. Por las mañanas tose un poco, pero si la tratas con cariño todavía anda. Ve a Yeşilova y trae dos buenas gallinas: una granja despierta con sus gallinas.","La clé de mon vieux pick-up est dans le tiroir de mon bureau. Il tousse un peu le matin, mais si tu le ménages, il roule encore. Va à Yeşilova et ramène deux bonnes poules : une ferme s'éveille avec ses poules.","La chiave del mio vecchio pick-up è nel cassetto della scrivania. La mattina tossisce un po', ma se lo tratti con garbo va ancora. Vai a Yeşilova e porta a casa due buone galline: una fattoria si sveglia con le sue galline.","A chave da minha picape velha está na gaveta da escrivaninha. De manhã ela tosse um pouco, mas, se você tiver jeito com ela, ainda anda. Vá a Yeşilova e traga duas boas galinhas: uma fazenda acorda com as suas galinhas.","Ключ от моего старого пикапа лежит в ящике письменного стола. По утрам он покашливает, но если обращаться с ним бережно, ещё ездит. Съезди в Yeşilova и привези пару хороших кур: ферма просыпается вместе с курами.","Kluczyk do mojego starego pikapa leży w szufladzie biurka. Rano trochę kaszle, ale jeśli obchodzisz się z nim delikatnie, wciąż jeździ. Jedź do Yeşilova i przywieź dwie dobre kury: gospodarstwo budzi się razem z kurami.",わしの古いピックアップの鍵は、書き物机の引き出しにある。朝は少し咳きこむが、やさしく扱えばまだ走る。Yeşilovaへ行って、いいニワトリを2羽連れて帰りなさい。農場はニワトリの声で目を覚ますものだ。,내 낡은 픽업트럭 열쇠는 책상 서랍에 있다. 아침엔 좀 콜록대도 살살 다루면 아직 잘 달린다. Yeşilova에 가서 좋은 닭 두 마리를 데려오거라. 농장은 닭 울음소리로 깨어나는 법이다.,我那辆旧皮卡的钥匙在书桌抽屉里。早上它会咳嗽几声，但你对它温柔点，它照样能跑。开到 Yeşilova 去，带两只好母鸡回来：农场是跟着鸡一起醒来的。,我那輛舊貨卡的鑰匙在書桌抽屜裡。早上它會咳幾聲，但你對它溫柔點，它照樣能跑。開到 Yeşilova 去，帶兩隻好母雞回來：農場是跟著雞一起醒來的。
CHAPTER_WORKSHOP_NOTE,Set up a workbench by the house and make yourself a knife. Wolves roam these hills at night; keep a knife on you. And don't forget to eat: an empty stomach can't swing an axe.,"Evin yanına bir çalışma masası kur, kendine bir bıçak yap. Geceleri kurtlar dolaşır, yanında bir bıçak bulunsun. Bir de yemeyi unutma: aç karın balta sallayamaz.",Stell eine Werkbank ans Haus und mach dir ein Messer. Nachts streifen Wölfe durch diese Hügel; trag ein Messer bei dir. Und vergiss das Essen nicht: Mit leerem Magen schwingt keiner die Axt.,Monta un banco de trabajo junto a la casa y hazte un cuchillo. Por la noche los lobos rondan estas colinas; lleva siempre un cuchillo encima. Y no te olvides de comer: con el estómago vacío no se maneja un hacha.,"Installe un établi près de la maison et fabrique-toi un couteau. La nuit, les loups rôdent dans ces collines ; garde un couteau sur toi. Et n'oublie pas de manger : le ventre vide, on ne manie pas la hache.",Monta un banco da lavoro vicino a casa e fatti un coltello. Di notte i lupi girano per queste colline; tieni sempre un coltello con te. E non dimenticare di mangiare: a stomaco vuoto non si brandisce un'ascia.,Monte uma bancada perto da casa e faça uma faca. À noite os lobos rondam estes morros; ande sempre com uma faca. E não se esqueça de comer: de barriga vazia ninguém maneja um machado.,Поставь у дома верстак и сделай себе нож. По ночам в этих холмах бродят волки — держи нож при себе. И не забудь поесть: на пустой желудок топором не помашешь.,Postaw przy domu stół warsztatowy i zrób sobie nóż. Nocą po tych wzgórzach krążą wilki; miej nóż przy sobie. I nie zapomnij zjeść: z pustym żołądkiem siekierą nie pomachasz.,家のそばに作業台を据えてナイフを作っておきなさい。夜になるとこの丘には狼がうろつく。ナイフは肌身離さずにな。それと食事を忘れるな。腹ぺこでは斧も振れん。,집 옆에 작업대를 세우고 칼을 하나 만들어 두거라. 밤이면 이 언덕에 늑대가 어슬렁거린단다. 칼은 늘 몸에 지니고 다녀라. 그리고 끼니도 거르지 마라. 빈속으론 도끼도 못 휘두른다.,在房子旁边搭个工作台，给自己做把小刀。夜里这片山上有狼出没，刀要随身带着。还有别忘了吃饭：空着肚子可抡不动斧头。,在房子旁邊搭個工作台，給自己做把小刀。夜裡這片山上有狼出沒，刀要隨身帶著。還有別忘了吃飯：空著肚子可掄不動斧頭。
CHAPTER_COOP_NOTE,"Hens ask for little and give a lot, but they need a roof over their heads. Fell a tree or two and put them up a coop; the warehouse will keep them dry till then.","Tavuk az ister, çok verir; ama başını sokacak bir dama ihtiyacı var. Bir iki ağaç kes, onlara bir kümes çat. O zamana kadar depo onları kuru tutar.","Hühner wollen wenig und geben viel, aber sie brauchen ein Dach über dem Kopf. Fäll ein, zwei Bäume und bau ihnen einen Stall; bis dahin hält die Lagerhalle sie trocken.","Las gallinas piden poco y dan mucho, pero necesitan un techo. Tala un árbol o dos y levántales un gallinero; hasta entonces, el almacén las tendrá a cubierto.","Les poules demandent peu et donnent beaucoup, mais il leur faut un toit. Abats un arbre ou deux et monte-leur un poulailler ; d'ici là, l'entrepôt les gardera au sec.","Le galline chiedono poco e danno molto, ma hanno bisogno di un tetto. Abbatti un albero o due e tira su un pollaio; fino ad allora il magazzino le terrà all'asciutto.","As galinhas pedem pouco e dão muito, mas precisam de um teto. Derrube uma ou duas árvores e levante um galinheiro para elas; até lá, o armazém as mantém secas.","Куры просят мало, а дают много, но им нужна крыша над головой. Сруби дерево-другое и поставь им курятник; до тех пор на складе им будет сухо.","Kury proszą o niewiele, a dają dużo, ale potrzebują dachu nad głową. Zetnij drzewo czy dwa i postaw im kurnik; do tego czasu w magazynie będzie im sucho.",鶏はわずかしか求めず、たくさん返してくれる。だが雨露をしのぐ屋根はいる。木を一、二本切って鶏小屋を建ててやりなさい。それまでは倉庫で濡れずに過ごせる。,"닭은 적게 바라고 많이 주지만, 비를 피할 지붕은 있어야 한다. 나무 한두 그루 베어 닭장을 지어 주거라. 그때까지는 창고가 비를 막아 줄 게다.",鸡要得少，给得多，可总得有个遮风挡雨的顶。砍一两棵树，给它们搭个鸡舍；在那之前，仓库能让它们待得干爽。,雞要得少，給得多，可總得有個遮風擋雨的頂。砍一兩棵樹，給牠們搭個雞舍；在那之前，倉庫能讓牠們待得乾爽。
CHAPTER_BARN_NOTE,"The barn's foundations are sound; the rest takes work. I left the stock trailer with Kemal for new tyres: fetch it and bring the sheep home in it. Come winter, their wool is worth its weight in gold.","Ahırın temeli sağlam, gerisi emek ister. Hayvan römorkunu lastik için Kemal'e bırakmıştım; al onu, koyunları onunla getir. Kışın yünleri altın değerindedir.","Das Fundament des Stalls ist solide, der Rest braucht Arbeit. Den Viehanhänger habe ich für neue Reifen bei Kemal gelassen: Hol ihn und bring die Schafe darin heim. Im Winter ist ihre Wolle Gold wert.",Los cimientos del establo están firmes; lo demás requiere trabajo. Dejé el remolque ganadero con Kemal para ponerle neumáticos: recógelo y trae en él las ovejas. En invierno su lana vale oro.,"Les fondations de l'étable sont solides ; le reste demande du travail. J'ai laissé la bétaillère chez Kemal pour des pneus neufs : va la chercher et ramène les moutons dedans. L'hiver venu, leur laine vaut de l'or.",Le fondamenta della stalla sono solide; il resto richiede lavoro. Ho lasciato il rimorchio del bestiame da Kemal per le gomme nuove: vai a prenderlo e portaci a casa le pecore. D'inverno la loro lana vale oro.,"Os alicerces do estábulo estão firmes; o resto dá trabalho. Deixei o reboque de gado com o Kemal para trocar os pneus: busque-o e traga as ovelhas nele. No inverno, a lã delas vale ouro.","Фундамент хлева крепкий, остальное потребует труда. Прицеп для скота я оставил у Кемаля ради новых шин: забери его и привези в нём овец. Зимой их шерсть на вес золота.","Fundamenty obory są mocne, reszta wymaga pracy. Przyczepę do zwierząt zostawiłem u Kemala na nowe opony: odbierz ją i przywieź w niej owce. Zimą ich wełna jest na wagę złota.",家畜小屋の土台はしっかりしている。あとは手間をかけるだけだ。家畜トレーラーはタイヤ交換でケマルに預けてある。引き取って、羊を乗せて連れて帰りなさい。冬になれば羊毛は金の値打ちだ。,"외양간 기초는 튼튼하단다. 나머지는 품이 들지. 가축 트레일러는 타이어를 갈려고 케말에게 맡겨 두었으니, 찾아와서 양들을 태워 오너라. 겨울이면 양털은 금값이란다.",畜棚的地基很结实，剩下的要花力气。牲畜拖车我留在凯末尔那儿换轮胎了：把它取回来，用它把羊拉回家。到了冬天，羊毛贵如金。,畜舍的地基很結實，剩下的要花力氣。牲畜拖車我留在凱末爾那兒換輪胎了：把它取回來，用它把羊載回家。到了冬天，羊毛貴如金。
CHAPTER_DAIRY_NOTE,A cow is a patient animal; be patient too. Milk her every morning and turn the milk into cheese.,"İnek sabırlı hayvandır, sen de sabırlı ol. Her sabah sağ, sütünü peynire çevir.",Eine Kuh ist ein geduldiges Tier; sei du es auch. Melk sie jeden Morgen und mach Käse aus der Milch.,La vaca es un animal paciente; ten paciencia tú también. Ordéñala cada mañana y convierte la leche en queso.,La vache est un animal patient ; sois-le aussi. Trais-la chaque matin et fais du fromage avec le lait.,La mucca è un animale paziente; abbi pazienza anche tu. Mungila ogni mattina e trasforma il latte in formaggio.,A vaca é um animal paciente; tenha paciência também. Ordenhe-a toda manhã e transforme o leite em queijo.,"Корова — животное терпеливое, наберись терпения и ты. Дои её каждое утро и делай из молока сыр.",Krowa to cierpliwe zwierzę; uzbrój się w cierpliwość. Dój ją co rano i rób z mleka ser.,牛は辛抱強い生き物だ。お前も辛抱強くあれ。毎朝乳を搾り、それをチーズにしなさい。,소는 참을성 있는 짐승이니 너도 참을성을 가지거라. 매일 아침 젖을 짜서 치즈로 만들거라.,奶牛是有耐心的动物，你也要有耐心。每天早上挤奶，把奶做成奶酪。,乳牛是有耐心的動物，你也要有耐心。每天早上擠奶，把奶做成起司。
CHAPTER_LEGACY_NOTE,"A house is like a farm: the more it grows, the more beautiful it gets. One more room, one more window...","Ev de çiftlik gibidir, büyüdükçe güzelleşir. Bir oda daha, bir pencere daha...","Ein Haus ist wie ein Hof: Je mehr es wächst, desto schöner wird es. Noch ein Zimmer, noch ein Fenster...","Una casa es como una granja: cuanto más crece, más bonita se vuelve. Una habitación más, una ventana más...","Une maison, c'est comme une ferme : plus elle grandit, plus elle est belle. Une pièce de plus, une fenêtre de plus...","Una casa è come una fattoria: più cresce, più diventa bella. Una stanza in più, una finestra in più...","Uma casa é como uma fazenda: quanto mais cresce, mais bonita fica. Mais um quarto, mais uma janela...","Дом — как ферма: чем больше растёт, тем краше. Ещё одна комната, ещё одно окно...","Dom jest jak gospodarstwo: im bardziej rośnie, tym piękniejszy. Jeszcze jeden pokój, jeszcze jedno okno...",家も農場と同じで、大きくなるほど美しくなる。もう一部屋、もう一つ窓を……,"집도 농장과 같아서 커질수록 아름다워진다. 방 하나 더, 창문 하나 더……",房子和农场一样，越扩建越好看。再添一间屋，再开一扇窗……,房子和農場一樣，越擴建越好看。再添一間屋，再開一扇窗……
QUEST_LEVEL,Raise the farm to level %d,Çiftliği %d. seviyeye çıkar,Bring den Hof auf Stufe %d,Sube la granja al nivel %d,Fais passer la ferme au niveau %d,Porta la fattoria al livello %d,Leve a fazenda ao nível %d,Подними ферму до уровня %d,Podnieś gospodarstwo na poziom %d,農場をレベル%dにする,농장을 레벨 %d로 올리기,把农场提升到 %d 级,把農場提升到 %d 級
QUEST_COOP,Put up a coop for your hens (a coop kit from the construction board),Tavukların için bir kümes kur (inşaat panosundan kümes kiti),"Bau deinen Hühnern einen Stall (Hühnerstall-Bausatz, Bauprojekte)","Levanta un gallinero para tus gallinas (kit de gallinero, construcción)","Monte un poulailler pour tes poules (kit de poulailler, construction)","Costruisci un pollaio per le tue galline (kit pollaio, costruzioni)","Monte um galinheiro para suas galinhas (kit de galinheiro, construção)","Поставь курятник для кур (комплект курятника, строительство)","Postaw kurnik dla kur (zestaw kurnika, budowa)",ニワトリのために鶏小屋を建てる（鶏小屋キット、建設）,"닭들을 위한 닭장 짓기 (닭장 키트, 건설)",给母鸡盖一座鸡舍（鸡舍套件，建造）,給母雞蓋一座雞舍（雞舍套件，建造）
QUEST_CHICKENS,Buy hens at the Animal Market in town and let them into the coop,"Kasabadaki Hayvan Pazarı'ndan tavuk al, kümese bırak",Kauf Hühner auf dem Tiermarkt in der Stadt und lass sie in den Stall,Compra gallinas en el mercado de animales del pueblo y suéltalas en el gallinero,Achète des poules au marché aux bestiaux du village et lâche-les dans le poulailler,Compra galline al mercato del bestiame in paese e liberale nel pollaio,Compre galinhas na feira de animais da cidade e solte-as no galinheiro,Купи кур на скотном рынке в городке и выпусти их в курятник,Kup kury na targu zwierząt w miasteczku i wpuść je do kurnika,町の家畜市場でニワトリを買い、鶏小屋に放す,마을 가축 시장에서 닭을 사서 닭장에 풀어 주기,在镇上的牲畜市场买母鸡，放进鸡舍,在鎮上的牲畜市場買母雞，放進雞舍
QUEST_EGGS,Collect eggs in the coop,Kümesten yumurta topla,Sammle Eier im Hühnerstall,Recoge huevos en el gallinero,Ramasse des œufs au poulailler,Raccogli le uova nel pollaio,Recolha ovos no galinheiro,Собери яйца в курятнике,Zbierz jajka w kurniku,鶏小屋で卵を集める,닭장에서 달걀 줍기,在鸡舍捡鸡蛋,在雞舍撿雞蛋
QUEST_BARN,Build the open barn (construction board),Açık ahırı kur (inşaat panosu),Bau den offenen Stall (Bauprojekte),Construye el establo abierto (construcción),Construis l'étable ouverte (construction),Costruisci la stalla aperta (costruzioni),Construa o estábulo aberto (construção),Построй открытый хлев (строительство),Zbuduj otwartą oborę (budowa),屋根なし家畜小屋を建てる（建設）,야외 외양간 짓기 (건설),盖开放式畜棚（建造）,蓋開放式畜舍（建造）
QUEST_SHEEP,Lead the sheep into the barn's pen,Koyunu ağıla götür,Führ das Schaf in den Pferch am Stall,Lleva la oveja al corral del establo,Mène le mouton dans l'enclos de l'étable,Porta la pecora nel recinto della stalla,Leve a ovelha ao curral do estábulo,Отведи овцу в загон у хлева,Zaprowadź owcę do zagrody przy oborze,羊を家畜小屋の囲いへ連れていく,양을 외양간 우리로 데려가기,把羊牵进畜棚的围栏,把羊牽進畜舍的圍欄
QUEST_SHEAR,Shear a sheep with the shears,Bir koyunu kırkma makasıyla kırk,Schere ein Schaf mit der Schafschere,Esquila una oveja con las tijeras de esquilar,Tonds un mouton avec les cisailles,Tosa una pecora con le cesoie,Tosquie uma ovelha com a tesoura de tosquia,Остриги овцу ножницами,Ostrzyż owcę nożycami,毛刈りバサミで羊の毛を刈る,양털 가위로 양털 깎기,用羊毛剪给羊剪毛,用羊毛剪幫羊剪毛
QUEST_COW,Buy a cow,Bir inek al,Kauf eine Kuh,Compra una vaca,Achète une vache,Compra una mucca,Compre uma vaca,Купи корову,Kup krowę,牛を買う,소 한 마리 사기,买一头奶牛,買一頭乳牛
QUEST_MILK,Milk a cow into the milk pail,Bir ineği süt kovasıyla sağ,Melk eine Kuh mit dem Melkeimer,Ordeña una vaca con el balde de ordeño,Trais une vache avec le seau à lait,Mungi una mucca con il secchio per il latte,Ordenhe uma vaca com o balde de leite,Подои корову в подойник,Wydój krowę do wiadra do dojenia,搾乳バケツで牛の乳を搾る,우유통으로 소젖 짜기,用挤奶桶给奶牛挤奶,用擠奶桶幫乳牛擠奶
QUEST_CHEESE,Make cheese with a cheese press,Peynir presiyle peynir yap,Mach Käse mit einer Käsepresse,Haz queso con una prensa de queso,Fais du fromage avec une presse à fromage,Fai il formaggio con una pressa per formaggio,Faça queijo com uma prensa de queijo,Сделай сыр на сырном прессе,Zrób ser w prasie do sera,チーズプレスでチーズを作る,치즈 압착기로 치즈 만들기,用奶酪压制机做奶酪,用起司壓製機做起司
QUEST_HOUSE,Extend the house (construction board),Evi büyüt (inşaat panosu),Bau das Haus aus (Bauprojekte),Amplía la casa (construcción),Agrandis la maison (construction),Amplia la casa (costruzioni),Amplie a casa (construção),Расширь дом (строительство),Rozbuduj dom (budowa),家を増築する（建設）,집 증축하기 (건설),扩建房子（建造）,擴建房子（建造）
UI_LEVEL_UP,Level %d!,Seviye %d!,Stufe %d!,¡Nivel %d!,Niveau %d !,Livello %d!,Nível %d!,Уровень %d!,Poziom %d!,レベル%d！,레벨 %d!,等级 %d！,等級 %d！
UI_LEVEL_UP_SUB,Your farm is growing,Çiftliğin büyüyor,Dein Hof wächst,Tu granja está creciendo,Ta ferme s'agrandit,La tua fattoria cresce,Sua fazenda está crescendo,Твоя ферма растёт,Twoje gospodarstwo rośnie,農場が成長している,농장이 커지고 있다,你的农场在成长,你的農場在成長
UI_UNLOCKED,Now open,Yeni açılanlar,Jetzt verfügbar,Ya disponible,Désormais disponible,Ora disponibile,Agora disponível,Теперь доступно,Teraz dostępne,新たに解放,새로 열림,新解锁,新解鎖
UI_NEXT_LEVEL,"Next, at level %d",Sırada: %d. seviye,Als Nächstes auf Stufe %d,"Próximamente, en el nivel %d","Ensuite, au niveau %d","Poi, al livello %d","Em seguida, no nível %d","Дальше, на уровне %d","Następnie, na poziomie %d",次はレベル%dで,다음은 레벨 %d,下一步：%d 级,下一步：%d 級
UI_LEVEL_UP_OK,Great!,Harika!,Super!,¡Genial!,Génial !,Fantastico!,Ótimo!,Отлично!,Świetnie!,やった！,좋아!,太好了！,太好了！
UNLOCK_UPGRADE,Tool upgrade +%d,Alet yükseltme +%d,Werkzeug-Upgrade +%d,Mejora de herramientas +%d,Amélioration d'outil +%d,Potenziamento attrezzi +%d,Melhoria de ferramenta +%d,Улучшение инструмента +%d,Ulepszenie narzędzi +%d,道具の強化 +%d,도구 강화 +%d,工具升级 +%d,工具升級 +%d
UNLOCK_ORDER_SLOT,A fourth order on the board,Panoda dördüncü sipariş,Ein vierter Auftrag an der Tafel,Un cuarto pedido en el tablón,Une quatrième commande au tableau,Un quarto ordine in bacheca,Um quarto pedido no quadro,Четвёртый заказ на доске,Czwarte zamówienie na tablicy,掲示板に4件目の注文,게시판에 네 번째 주문,告示板上第四个订单,告示板上第四個訂單
UNLOCK_ORDER_BONUS,Orders pay %d%% more,Siparişler %%%d daha fazla öder,Aufträge zahlen %d %% mehr,Los pedidos pagan un %d %% más,Les commandes paient %d %% de plus,Gli ordini pagano il %d%% in più,Os pedidos pagam %d%% a mais,Заказы оплачиваются на %d%% выше,Zamówienia płacą o %d%% więcej,注文の報酬が%d%%増える,주문 보상 %d%% 증가,订单报酬提高 %d%%,訂單報酬提高 %d%%
LETTER_INTRO_TITLE,A letter from Grandpa,Dedenin mektubu,Ein Brief von Opa,Una carta del abuelo,Une lettre de grand-père,Una lettera del nonno,Uma carta do vovô,Письмо от дедушки,List od dziadka,祖父からの手紙,할아버지의 편지,爷爷的信,爺爺的信
LETTER_FINAL_TITLE,Grandpa writes again,Dedenden yeni bir mektup,Opa schreibt wieder,El abuelo vuelve a escribir,Grand-père écrit de nouveau,Il nonno scrive ancora,O vovô escreve de novo,Снова письмо от дедушки,Dziadek znów pisze,祖父からまた手紙,할아버지의 새 편지,爷爷又来信了,爺爺又來信了
LETTER_SIGN,— Grandpa Osman,— Deden Osman,— Dein Opa Osman,— Tu abuelo Osman,— Ton grand-père Osman,— Tuo nonno Osman,— Seu avô Osman,— Твой дедушка Осман,— Twój dziadek Osman,— 祖父オスマンより,— 할아버지 오스만이,—— 爷爷 奥斯曼,—— 爺爺 奧斯曼
LETTER_INTRO_BUTTON,Get to work,İşe koyul,An die Arbeit,Manos a la obra,Au travail,Al lavoro,Mãos à obra,За работу,Do roboty,仕事を始める,일을 시작하자,开始干活,開始幹活
LETTER_FINAL_BUTTON,Back to the farm,Çiftliğe dön,Zurück auf den Hof,Volver a la granja,Retour à la ferme,Torna alla fattoria,Voltar à fazenda,Вернуться на ферму,Wróć do gospodarstwa,農場に戻る,농장으로 돌아가기,回到农场,回到農場
LETTER_INTRO_BODY,"My dear grandchild,|I'm getting on in years, and my hands aren't what they used to be. I'm moving in with my sister in town, and I'm leaving you the farm in Yeşilova.|I know it isn't much to look at: weeds have taken the fields, the house and the warehouse are falling apart, the coop has fallen down and the barn roof leaks. But this soil has fed our family for three generations, and it repays every bit of work.|You'll get here around midday, so make the most of the afternoon. The front door sticks, so put your shoulder into it; my tools and some seed are waiting on the table inside, and the pickup's key is in my desk drawer. Hoe a few beds, sow wheat and water it; then drive to town and bring home a couple of hens. They'll need a coop, and a coop needs wood. In time, patch up the house and the warehouse, rebuild the barn and bring the animals back. I've left you a little money to start with.|I've jotted down a few notes in my notebook; you'll come across them along the way. Bring the farm back to its old days, that's all I ask.","Sevgili torunum,|Yaşım ilerledi, ellerim eskisi gibi değil. Kasabadaki kız kardeşimin yanına taşınıyorum ve Yeşilova'daki çiftliği sana bırakıyorum.|Biliyorum, hâli pek iç açıcı değil: tarlaları ot bastı, evle depo dökülüyor, kümes çöktü, ahırın çatısı akıyor. Ama bu toprak üç kuşaktır ailemizi doyurdu; emeğini asla karşılıksız bırakmaz.|Oraya öğlene doğru varırsın; günün kalanını iyi değerlendir. Ön kapı biraz sıkışır, omzunla yüklen; aletlerim ve biraz tohum içerideki masanın üstünde seni bekliyor, pikabın anahtarı da yazı masamın çekmecesinde. Birkaç yatak çapala, buğday ek, sula; sonra kasabaya git, bir çift tavuk getir. Onlara bir kümes lazım, kümese de odun. Zamanla evi, depoyu onar, ahırı yeniden kur, hayvanları geri getir. Başlangıç için biraz da harçlık bıraktım.|Defterime birkaç not düştüm; yol boyunca karşına çıkacaklar. Çiftliği eski günlerine döndür, benim tek isteğim bu.","Mein liebes Enkelkind,|ich werde alt, und meine Hände sind nicht mehr, was sie einmal waren. Ich ziehe zu meiner Schwester in die Stadt und überlasse dir den Hof in Yeşilova.|Ich weiß, er ist kein schöner Anblick: Unkraut hat die Felder überwuchert, Haus und Lagerhalle verfallen, der Hühnerstall ist eingestürzt, und das Stalldach ist undicht. Aber dieser Boden hat unsere Familie drei Generationen lang ernährt, und er lohnt jede Mühe.|Du kommst gegen Mittag an, also nutz den Nachmittag gut. Die Haustür klemmt, also stemm dich dagegen; mein Werkzeug und etwas Saatgut warten drinnen auf dem Tisch, und der Schlüssel für den Pick-up liegt in der Schublade meines Schreibtischs. Hack ein paar Beete, säe Weizen und gieß ihn; dann fahr in die Stadt und bring ein paar Hühner mit. Sie brauchen einen Hühnerstall, und der braucht Holz. Mit der Zeit flick das Haus und die Lagerhalle, bau den Stall wieder auf und hol die Tiere zurück. Ein wenig Geld für den Anfang habe ich dir dagelassen.|Ein paar Notizen habe ich in mein Heft geschrieben; du wirst sie unterwegs finden. Bring den Hof zurück in seine alten Tage, mehr verlange ich nicht.","Mi querido nieto:|Me hago mayor y mis manos ya no son lo que eran. Me mudo con mi hermana al pueblo y te dejo la granja de Yeşilova.|Sé que no luce mucho: la maleza se ha comido los campos, la casa y el almacén se caen a pedazos, el gallinero se ha venido abajo y el tejado del establo tiene goteras. Pero esta tierra ha alimentado a nuestra familia durante tres generaciones, y recompensa cada esfuerzo.|Llegarás hacia el mediodía, así que aprovecha bien la tarde. La puerta de entrada se atasca, así que empújala con el hombro; mis herramientas y algo de semilla te esperan en la mesa de dentro, y la llave de la camioneta está en el cajón de mi escritorio. Labra unas parcelas, siembra trigo y riégalo; luego ve al pueblo y trae un par de gallinas. Necesitarán un gallinero, y un gallinero necesita madera. Con el tiempo, arregla la casa y el almacén, reconstruye el establo y trae de vuelta a los animales. Te he dejado algo de dinero para empezar.|He apuntado algunas notas en mi cuaderno; las irás encontrando por el camino. Devuelve a la granja sus buenos tiempos, es lo único que te pido.","Mon cher petit-enfant,|Je prends de l'âge et mes mains ne sont plus ce qu'elles étaient. Je pars vivre chez ma sœur, au village, et je te laisse la ferme de Yeşilova.|Je sais qu'elle ne paie pas de mine : les mauvaises herbes ont envahi les champs, la maison et l'entrepôt tombent en ruine, le poulailler s'est effondré et le toit de l'étable fuit. Mais cette terre a nourri notre famille pendant trois générations, et elle rend chaque effort.|Tu arriveras vers midi, alors profite bien de l'après-midi. La porte d'entrée coince, alors pousse-la d'un coup d'épaule ; mes outils et un peu de semence t'attendent sur la table à l'intérieur, et la clé du pick-up est dans le tiroir de mon bureau. Laboure quelques parcelles, sème du blé et arrose-le ; puis va au village et ramène deux poules. Il leur faudra un poulailler, et un poulailler demande du bois. Avec le temps, retape la maison et l'entrepôt, rebâtis l'étable et fais revenir les bêtes. Je t'ai laissé un peu d'argent pour démarrer.|J'ai griffonné quelques notes dans mon carnet ; tu les trouveras en chemin. Rends à la ferme ses beaux jours, c'est tout ce que je te demande.","Caro nipote,|mi faccio vecchio e le mie mani non sono più quelle di una volta. Vado a vivere da mia sorella in paese e ti lascio la fattoria di Yeşilova.|Lo so, non è un bello spettacolo: le erbacce hanno invaso i campi, la casa e il magazzino cadono a pezzi, il pollaio è crollato e il tetto della stalla perde. Ma questa terra ha sfamato la nostra famiglia per tre generazioni, e ripaga ogni fatica.|Arriverai verso mezzogiorno, quindi sfrutta bene il pomeriggio. La porta d'ingresso si incastra, quindi spingila con la spalla; i miei attrezzi e un po' di semi ti aspettano sul tavolo dentro casa, e la chiave del pick-up è nel cassetto della mia scrivania. Zappa qualche aiuola, semina il grano e annaffialo; poi vai in paese e porta a casa un paio di galline. Avranno bisogno di un pollaio, e un pollaio vuole legno. Col tempo, sistema la casa e il magazzino, ricostruisci la stalla e riporta gli animali. Ti ho lasciato un po' di soldi per cominciare.|Ho scritto qualche appunto nel mio quaderno; lo troverai strada facendo. Riporta la fattoria ai suoi giorni migliori, è tutto ciò che ti chiedo.","Meu querido neto,|Estou ficando velho, e minhas mãos já não são as mesmas. Vou morar com minha irmã na cidade e deixo para você a fazenda de Yeşilova.|Eu sei que ela não está grande coisa: o mato tomou conta dos campos, a casa e o armazém estão caindo aos pedaços, o galinheiro desabou e o telhado do estábulo tem goteiras. Mas esta terra alimentou nossa família por três gerações e recompensa cada esforço.|Você vai chegar por volta do meio-dia, então aproveite bem a tarde. A porta da frente emperra, então empurre com o ombro; minhas ferramentas e um pouco de semente esperam por você na mesa lá dentro, e a chave da picape está na gaveta da minha escrivaninha. Are alguns canteiros, plante trigo e regue; depois vá até a cidade e traga umas duas galinhas. Elas vão precisar de um galinheiro, e galinheiro pede madeira. Com o tempo, conserte a casa e o armazém, reconstrua o estábulo e traga os animais de volta. Deixei um pouco de dinheiro para você começar.|Anotei algumas coisas no meu caderno; você vai encontrá-las pelo caminho. Devolva à fazenda os seus bons tempos, é só o que eu peço.","Дорогой мой внук,|годы берут своё, и руки уже не те. Я переезжаю к сестре в городок и оставляю тебе ферму в Yeşilova.|Знаю, вид у неё неказистый: поля заросли сорняками, дом и склад разваливаются, курятник рухнул, крыша хлева протекает. Но эта земля три поколения кормила нашу семью и за любой труд отплатит сполна.|Ты приедешь к полудню, так что не трать остаток дня зря. Входная дверь заедает, так что налегай плечом; мои инструменты и немного семян ждут тебя на столе в доме, а ключ от пикапа — в ящике моего письменного стола. Вскопай несколько грядок, посей пшеницу и полей её; потом съезди в городок и привези пару кур. Им нужен курятник, а курятнику — древесина. Со временем подлатай дом и склад, отстрой хлев и верни на ферму животных. Немного денег на первое время я тебе оставил.|В тетради я записал несколько заметок — ты найдёшь их по пути. Верни ферме её былые дни, большего я не прошу.","Moje kochane wnuczę,|lata lecą, a ręce nie są już takie jak dawniej. Przeprowadzam się do siostry w miasteczku i zostawiam ci gospodarstwo w Yeşilova.|Wiem, że nie wygląda najlepiej: chwasty zarosły pola, dom i magazyn się sypią, kurnik się zawalił, a dach obory przecieka. Ale ta ziemia żywiła naszą rodzinę przez trzy pokolenia i odwdzięcza się za każdy trud.|Dotrzesz tu koło południa, więc dobrze wykorzystaj popołudnie. Drzwi wejściowe się zacinają, więc pchnij je barkiem; moje narzędzia i trochę nasion czekają na stole w środku, a kluczyk do pikapa leży w szufladzie mojego biurka. Spulchnij kilka grządek, zasiej pszenicę i podlej ją; potem jedź do miasteczka i przywieź parę kur. Będą potrzebowały kurnika, a kurnik wymaga drewna. Z czasem załataj dom i magazyn, odbuduj oborę i sprowadź z powrotem zwierzęta. Zostawiłem ci trochę pieniędzy na początek.|Zapisałem kilka uwag w notesie; natrafisz na nie po drodze. Przywróć gospodarstwu dawne czasy, o nic więcej nie proszę.",かわいい孫へ|わしも年を取り、手も昔のようには動かなくなった。町の妹のところへ移ることにして、Yeşilovaの農場をお前に譲る。|見てのとおり、ひどいありさまだ。畑は雑草だらけ、家も倉庫も傷みきって、鶏小屋は崩れ、家畜小屋の屋根は雨漏りしている。だがこの土は三代にわたって家族を養ってきた。手をかけた分だけ、必ず応えてくれる。|着くのは昼ごろだろう。午後の時間を大事に使いなさい。玄関の戸は引っかかるから、肩で押すこと。道具と少しの種は家の中の机の上で待っている。ピックアップの鍵は書き物机の引き出しだ。畑をいくつか耕して小麦をまき、水をやること。それから町へ行って、ニワトリを何羽か連れて帰りなさい。ニワトリには鶏小屋がいるし、鶏小屋には木材がいる。いずれ家と倉庫を直し、家畜小屋を建て直して、動物たちを呼び戻しておくれ。始めるための少しばかりのお金も置いていく。|手帳にいくつか覚え書きを残した。進むうちに目にするだろう。農場を昔の姿に戻してほしい。わしの願いはそれだけだ。,"사랑하는 손주에게|나도 이제 나이가 들어 손이 예전 같지 않구나. 읍내 누이 집으로 옮기기로 하고, Yeşilova의 농장을 너에게 물려주려 한다.|보기 좋지 않다는 건 안다. 밭은 잡초투성이고, 집과 창고는 허물어져 가고, 닭장은 무너졌고, 외양간 지붕은 샌다. 하지만 이 땅은 삼대에 걸쳐 우리 가족을 먹여 살렸고, 들인 품만큼은 꼭 돌려준다.|도착하면 한낮쯤 되겠구나. 오후 시간을 알차게 쓰거라. 현관문이 뻑뻑하니 어깨로 힘껏 밀거라. 내 연장과 씨앗 조금이 집 안 탁자 위에서 기다리고 있고, 픽업트럭 열쇠는 내 책상 서랍에 있다. 밭 몇 두둑을 갈아 밀을 뿌리고 물을 주거라. 그다음엔 읍내에 가서 닭 두어 마리를 데려오거라. 닭에겐 닭장이 필요하고, 닭장엔 목재가 필요하다. 차차 집과 창고를 고치고 외양간을 다시 지어 짐승들을 데려오거라. 시작할 약간의 돈도 남겨 두었다.|수첩에 몇 가지 적어 두었으니 가는 길에 보게 될 게다. 농장을 옛날처럼 되살려 다오. 내 바람은 그것뿐이다.",亲爱的孙儿：|我年纪大了，手脚不如从前。我要搬去镇上和妹妹同住，把 Yeşilova 的农场留给你。|我知道它现在不成样子：田里长满了杂草，房子和仓库都破败不堪，鸡舍塌了，畜棚的屋顶也漏雨。但这片土地养活了我们家三代人，你付出多少，它就回报多少。|你到的时候大概已是中午，下午的时间要好好利用。前门有点卡，用肩膀使劲顶开；我的工具和一些种子在屋里的桌上等着你，皮卡钥匙在我书桌的抽屉里。锄几块地，种上小麦，浇好水；然后开车去镇上，带几只母鸡回来。它们得有个鸡舍，盖鸡舍得有木材。以后再慢慢修好房子和仓库，重建畜棚，把牲口都接回来。我给你留了一点起步的钱。|我在本子上记了几条心得，路上你会看到。让农场重现当年的光景，我就只有这一个心愿。,親愛的孫兒：|我年紀大了，手腳不如從前。我要搬去鎮上和妹妹同住，把 Yeşilova 的農場留給你。|我知道它現在不成樣子：田裡長滿了雜草，房子和倉庫都破敗不堪，雞舍塌了，畜舍的屋頂也漏雨。但這片土地養活了我們家三代人，你付出多少，它就回報多少。|你到的時候大概已是中午，下午的時間要好好利用。前門有點卡，用肩膀使勁頂開；我的工具和一些種子在屋裡的桌上等著你，貨卡鑰匙在我書桌的抽屜裡。鋤幾塊地，種上小麥，澆好水；然後開車去鎮上，帶幾隻母雞回來。牠們得有個雞舍，蓋雞舍得有木材。以後再慢慢修好房子和倉庫，重建畜舍，把牲口都接回來。我給你留了一點起步的錢。|我在本子上記了幾條心得，路上你會看到。讓農場重現當年的光景，我就只有這一個心願。
LETTER_FINAL_BODY,"My dear grandchild,|News reaches me from Yeşilova: the fields are green again, there are chickens in the coop and cows in the barn. They even say you've extended the house.|When my father handed this farm down to me, he told me just one thing: look after the soil and it will look after you. You understood that better than I ever did.|From here on, the farm is truly yours. May you reap plenty of whatever you sow.|I'm proud of you.","Sevgili torunum,|Yeşilova'dan haberler geliyor: tarlalar yeniden yeşermiş, kümeste tavuklar, ahırda inekler varmış. Evi bile büyütmüşsün, öyle diyorlar.|Babam bu çiftliği bana devrederken tek bir şey söylemişti: toprağa iyi bakarsan o da sana bakar. Sen bunu benden de iyi anlamışsın.|Bundan sonrası tamamen senin. Ne ekersen bol bol biçesin.|Seninle gurur duyuyorum.","Mein liebes Enkelkind,|aus Yeşilova hört man Gutes: Die Felder sind wieder grün, im Hühnerstall gackern Hühner, im Stall stehen Kühe. Sogar das Haus hast du ausgebaut, erzählt man sich.|Als mein Vater mir diesen Hof übergab, sagte er mir nur eines: Kümmere dich um den Boden, dann kümmert er sich um dich. Du hast das besser verstanden als ich.|Von nun an gehört der Hof ganz dir. Mögest du reichlich ernten, was du säst.|Ich bin stolz auf dich.","Mi querido nieto:|Me llegan noticias de Yeşilova: los campos vuelven a estar verdes, hay gallinas en el gallinero y vacas en el establo. Dicen que hasta has ampliado la casa.|Cuando mi padre me dejó esta granja, solo me dijo una cosa: cuida la tierra y ella cuidará de ti. Tú lo has entendido mejor que yo.|De aquí en adelante, la granja es de verdad tuya. Que coseches en abundancia todo lo que siembres.|Estoy orgulloso de ti.","Mon cher petit-enfant,|Les nouvelles de Yeşilova me parviennent : les champs ont reverdi, il y a des poules au poulailler et des vaches à l'étable. On dit même que tu as agrandi la maison.|Quand mon père m'a transmis cette ferme, il ne m'a dit qu'une chose : prends soin de la terre et elle prendra soin de toi. Tu l'as mieux compris que moi.|Désormais, la ferme est vraiment à toi. Puisses-tu récolter en abondance tout ce que tu sèmes.|Je suis fier de toi.","Caro nipote,|mi arrivano notizie da Yeşilova: i campi sono di nuovo verdi, ci sono galline nel pollaio e mucche nella stalla. Dicono che hai perfino ampliato la casa.|Quando mio padre mi lasciò questa fattoria, mi disse una cosa sola: abbi cura della terra e lei avrà cura di te. Tu l'hai capito meglio di me.|D'ora in poi la fattoria è davvero tua. Che tu possa raccogliere in abbondanza tutto ciò che semini.|Sono fiero di te.","Meu querido neto,|Chegam notícias de Yeşilova: os campos estão verdes de novo, há galinhas no galinheiro e vacas no estábulo. Dizem até que você ampliou a casa.|Quando meu pai me passou esta fazenda, ele me disse uma só coisa: cuide da terra e ela cuidará de você. Você entendeu isso melhor do que eu.|De agora em diante, a fazenda é de fato sua. Que você colha em abundância tudo o que plantar.|Tenho orgulho de você.","Дорогой мой внук,|из Yeşilova приходят вести: поля снова зелёные, в курятнике куры, в хлеву коровы. Говорят, даже дом теперь стал больше.|Когда отец передавал мне эту ферму, он сказал лишь одно: береги землю, и она сбережёт тебя. Тебе это удалось понять лучше, чем мне.|Отныне ферма целиком твоя. Пусть всё, что посеешь, даёт щедрый урожай.|Я горжусь тобой.","Moje kochane wnuczę,|z Yeşilova dochodzą wieści: pola znów się zazieleniły, w kurniku są kury, a w oborze krowy. Podobno nawet dom został rozbudowany.|Kiedy ojciec przekazywał mi to gospodarstwo, powiedział tylko jedno: dbaj o ziemię, a ona zadba o ciebie. Tobie udało się to zrozumieć lepiej niż mnie.|Odtąd gospodarstwo jest naprawdę twoje. Niech wszystko, co zasiejesz, obficie obrodzi.|Jestem z ciebie dumny.",かわいい孫へ|Yeşilovaから便りが届いた。畑はまた緑になり、鶏小屋には鶏が、家畜小屋には牛がいるそうだな。家まで広げたと聞いた。|わしの父がこの農場を譲ってくれたとき、言ったのはただ一つ。土を大切にすれば、土がお前を大切にしてくれる、と。お前はそれをわし以上にわかっていたようだ。|これからは、この農場は本当にお前のものだ。まいた種が豊かに実りますように。|お前を誇りに思う。,"사랑하는 손주에게|Yeşilova에서 소식이 들려오는구나. 밭이 다시 푸르러지고, 닭장엔 닭이, 외양간엔 소가 있다지. 집까지 넓혔다고들 하더구나.|내 아버지가 이 농장을 물려주실 때 하신 말씀은 하나뿐이었다. 땅을 잘 돌보면 땅이 너를 돌봐 준다고. 너는 그걸 나보다 더 잘 알았구나.|이제부터 농장은 온전히 네 것이다. 뿌린 만큼 넉넉히 거두거라.|네가 자랑스럽다.",亲爱的孙儿：|Yeşilova 传来了消息：田地又绿了，鸡舍里有了鸡，畜棚里有了牛。听说你连房子都扩建了。|当年我父亲把农场交给我时，只说了一句话：你照顾好土地，土地就会照顾你。你比我更懂这个道理。|从今往后，农场完完全全是你的了。愿你种下的都能丰收。|我为你骄傲。,親愛的孫兒：|Yeşilova 傳來了消息：田地又綠了，雞舍裡有了雞，畜舍裡有了牛。聽說你連房子都擴建了。|當年我父親把農場交給我時，只說了一句話：你照顧好土地，土地就會照顧你。你比我更懂這個道理。|從今往後，農場完完全全是你的了。願你種下的都能豐收。|我為你驕傲。
CROP_STAGE_SPROUT,Sprout,Filiz,Keimling,Brote,Pousse,Germoglio,Broto,Росток,Kiełek,芽,새싹,幼芽,幼芽
CROP_STAGE_YOUNG,Seedling,Fide,Jungpflanze,Plántula,Jeune plant,Piantina,Muda,Всходы,Sadzonka,若苗,모종,幼苗,幼苗
CROP_STAGE_GROWING,Growing,Gelişiyor,Wächst,Creciendo,En croissance,In crescita,Crescendo,Растёт,Rośnie,成長中,자라는 중,生长中,生長中
CROP_STAGE_RIPE,Ripe,Olgun,Reif,Maduro,Mûr,Maturo,Maduro,Созрело,Dojrzałe,収穫期,다 자람,已成熟,已成熟
CROP_STAGE_REGROW,Regrowing,Yeniden büyüyor,Wächst nach,Rebrotando,Repousse,Ricresce,Rebrotando,Отрастает,Odrasta,再成長中,다시 자라는 중,再次生长,再次生長
CROP_STAGE_WITHERED,Withered,Kurumuş,Verdorrt,Marchito,Flétri,Appassito,Murcho,Засохло,Uschnięte,枯れている,말라 죽음,已枯萎,已枯萎
CROP_TIME_D,~%dd,~%d gün,~%d T.,~%d d,~%d j,~%d g,~%d d,~%d дн.,~%d dn.,約%d日,약 %d일,约 %d 天,約 %d 天
CROP_TIME_DH,~%dd %dh,~%d gün %d sa,~%d T. %d Std.,~%d d %d h,~%d j %d h,~%d g %d h,~%d d %d h,~%d дн. %d ч,~%d dn. %d godz.,約%d日%d時間,약 %d일 %d시간,约 %d 天 %d 小时,約 %d 天 %d 小時
CROP_TIME_H,~%dh,~%d sa,~%d Std.,~%d h,~%d h,~%d h,~%d h,~%d ч,~%d godz.,約%d時間,약 %d시간,约 %d 小时,約 %d 小時
CROP_TIME_HM,~%dh %dm,~%d sa %d dk,~%d Std. %d Min.,~%d h %d min,~%d h %d min,~%d h %d min,~%d h %d min,~%d ч %d мин,~%d godz. %d min,約%d時間%d分,약 %d시간 %d분,约 %d 小时 %d 分,約 %d 小時 %d 分
CROP_TIME_M,~%d min,~%d dk,~%d Min.,~%d min,~%d min,~%d min,~%d min,~%d мин,~%d min,約%d分,약 %d분,约 %d 分钟,約 %d 分鐘
CROP_TIME_LEFT,%s left,%s kaldı,noch %s,faltan %s,encore %s,ancora %s,faltam %s,осталось %s,zostało %s,あと%s,%s 남음,还剩%s,還剩%s
CROP_READY,Ready to harvest,Hasada hazır,Erntereif,Listo para cosechar,Prêt à récolter,Pronto da raccogliere,Pronto para colher,Можно собирать,Gotowe do zbioru,収穫できます,수확할 수 있어요,可以收获了,可以採收了
CROP_PAUSED,Growth paused,Büyüme durdu,Wachstum gestoppt,Crecimiento detenido,Croissance à l'arrêt,Crescita ferma,Crescimento parado,Рост остановился,Wzrost wstrzymany,成長が止まっている,성장이 멈췄어요,停止生长,停止生長
CROP_WET_FOR,Soil wet · %d h,Toprak ıslak · %d sa,Boden feucht · %d Std.,Tierra húmeda · %d h,Sol humide · %d h,Terreno umido · %d h,Solo úmido · %d h,Почва влажная · %d ч,Gleba wilgotna · %d godz.,土が湿っている · %d時間,흙이 촉촉해요 · %d시간,土壤湿润 · %d 小时,土壤濕潤 · %d 小時
CROP_WATER_AGAIN,Water again in %d h,%d sa sonra yine sula,In %d Std. wieder gießen,Vuelve a regar en %d h,Arrose à nouveau dans %d h,Annaffia di nuovo tra %d h,Regue de novo em %d h,Полей снова через %d ч,Podlej znowu za %d godz.,%d時間後にまた水やり,%d시간 뒤 다시 물 주기,%d 小时后需再次浇水,%d 小時後需再次澆水
CROP_NEEDS_WATER,Needs water · withers in %d h,Su istiyor · %d sa sonra kurur,Braucht Wasser · verdorrt in %d Std.,Necesita agua · se marchita en %d h,A besoin d'eau · flétrit dans %d h,Ha sete · appassisce tra %d h,Precisa de água · murcha em %d h,Нужна вода · засохнет через %d ч,Potrzebuje wody · uschnie za %d godz.,水が必要 · %d時間で枯れる,물이 필요해요 · %d시간 뒤 말라 죽어요,需要浇水 · %d 小时后枯萎,需要澆水 · %d 小時後枯萎
CROP_HARVEST_HINT,Harvest it with the scythe,Tırpanla hasat et,Mit der Sense ernten,Cosecha con la guadaña,Récolte-le à la faux,Raccogli con la falce,Colha com a foice,Собери урожай косой,Zbierz plon kosą,大鎌で収穫しよう,낫으로 수확하세요,用镰刀收获,用鐮刀採收
CROP_CLEAR_HINT,Clear it with the hoe or scythe,Çapa ya da tırpanla temizle,Mit Hacke oder Sense entfernen,Límpialo con la azada o la guadaña,Nettoie-le à la houe ou à la faux,Pulisci con la zappa o la falce,Limpe com a enxada ou a foice,Расчисти мотыгой или косой,Oczyść motyką lub kosą,クワか大鎌で片付けよう,괭이나 낫으로 치우세요,用锄头或镰刀清理,用鋤頭或鐮刀清理
CROP_FERTILIZED,Fertilized,Gübreli,Gedüngt,Abonado,Fertilisé,Concimato,Adubado,Удобрено,Nawożone,施肥済み,비료 줌,已施肥,已施肥
PROJECT_HOUSE_1,House Repair,Ev Onarımı,Hausreparatur,Reparación de la casa,Réparation de la maison,Riparazione della casa,Reforma da casa,Ремонт дома,Remont domu,家の修理,집 수리,修缮房屋,修繕房屋
PROJECT_HOUSE_1_DESC,"Fix up Grandpa's old house: sound boards on the walls, a patched roof, glass in the windows and a fire in the hearth again.","Dedenin eski evini elden geçir: duvarlara sağlam tahtalar, çatıya yama, pencerelere cam ve ocakta yeniden ateş.","Richte Opas altes Haus wieder her: feste Bretter an den Wänden, ein geflicktes Dach, Glas in den Fenstern und wieder Feuer im Kamin.","Arregla la vieja casa del abuelo: tablas firmes en las paredes, el tejado remendado, cristales en las ventanas y otra vez fuego en el hogar.","Remets en état la vieille maison de grand-père : des planches saines aux murs, un toit rapiécé, des vitres aux fenêtres et de nouveau du feu dans l'âtre.","Rimetti in sesto la vecchia casa del nonno: assi robuste alle pareti, il tetto rattoppato, i vetri alle finestre e di nuovo il fuoco nel camino.","Reforme a velha casa do vovô: tábuas firmes nas paredes, o telhado remendado, vidro nas janelas e fogo na lareira outra vez.","Приведи в порядок старый дедушкин дом: крепкие доски на стенах, залатанная крыша, стёкла в окнах и снова огонь в очаге.","Wyremontuj stary dom dziadka: solidne deski na ścianach, załatany dach, szyby w oknach i znów ogień w kominku.",おじいちゃんの古い家を直そう。壁には丈夫な板、屋根には補修、窓にはガラス。暖炉にもまた火が灯ります。,"할아버지의 낡은 집을 고쳐요. 벽에는 튼튼한 판자를 대고, 지붕을 때우고, 창문에 유리를 끼우면 벽난로에 다시 불이 지펴져요.",修缮爷爷的老房子：墙上换上结实的木板，补好屋顶，窗户装上玻璃，壁炉里重新生起火。,修繕爺爺的老房子：牆上換上結實的木板，補好屋頂，窗戶裝上玻璃，壁爐裡重新生起火。
PROJECT_WAREHOUSE_1,Warehouse Repair,Depo Onarımı,Lagerhallen-Reparatur,Reparación del almacén,Réparation de l'entrepôt,Riparazione del magazzino,Reforma do armazém,Ремонт склада,Remont magazynu,倉庫の修理,창고 수리,修缮仓库,修繕倉庫
PROJECT_WAREHOUSE_1_DESC,"Patch the leaking tin roof, replace the rotten boards and rehang the doors: the warehouse holds 400 units instead of 200.","Akan saç çatıyı yamala, çürük tahtaları değiştir, kapıları yerine tak: depo 200 yerine 400 birim alır.","Flicke das undichte Blechdach, ersetze die morschen Bretter und häng die Tore wieder ein: Die Lagerhalle fasst 400 statt 200 Einheiten.","Remienda el tejado de chapa que gotea, cambia las tablas podridas y vuelve a colgar las puertas: el almacén guarda 400 unidades en lugar de 200.","Rapièce le toit de tôle qui fuit, remplace les planches pourries et remets les portes sur leur rail : l'entrepôt contient 400 unités au lieu de 200.","Rattoppa il tetto di lamiera che perde, sostituisci le assi marce e rimonta le porte: il magazzino contiene 400 unità invece di 200.","Remende o telhado de zinco que goteja, troque as tábuas podres e recoloque as portas: o armazém comporta 400 unidades em vez de 200.","Залатай протекающую жестяную крышу, замени гнилые доски и навесь ворота: склад вмещает 400 единиц вместо 200.","Załataj cieknący blaszany dach, wymień spróchniałe deski i zawieś z powrotem wrota: magazyn mieści 400 sztuk zamiast 200.",雨漏りするトタン屋根を直し、腐った板を張り替え、扉を付け直そう。倉庫の容量が200個から400個に増えます。,"새는 양철 지붕을 때우고, 썩은 판자를 갈고, 문을 다시 달아요: 창고 용량이 200개에서 400개로 늘어나요.",补好漏雨的铁皮屋顶，换掉腐朽的木板，重新装好大门：仓库容量从 200 单位提升至 400 单位。,補好漏雨的鐵皮屋頂，換掉腐朽的木板，重新裝好大門：倉庫容量從 200 單位提升到 400 單位。
SIGN_REPAIR,NEEDS REPAIR,TAMİR BEKLİYOR,REPARATUR NÖTIG,NECESITA REPARACIÓN,À RÉPARER,DA RIPARARE,PRECISA DE REFORMA,ТРЕБУЕТ РЕМОНТА,DO REMONTU,要修理,수리 필요,待修缮,待修繕
VEHICLE_PICKUP_OLD,Grandpa's Pickup,Dedenin Pikabı,Opas Pick-up,La camioneta del abuelo,Le pick-up de grand-père,Il pick-up del nonno,A picape do vovô,Дедушкин пикап,Pikap dziadka,祖父のピックアップ,할아버지의 픽업트럭,爷爷的皮卡,爺爺的貨卡
VEHICLE_PICKUP_OLD_DESC,"Grandpa Osman's pickup, older than the barn roof. Rust has eaten the sills and the sun has chalked the paint, but the engine still turns over and the steel bed still hauls a good load to town.","Dede Osman'ın, ahırın çatısından bile yaşlı pikabı. Marşpiyellerini pas yemiş, boyası güneşten solmuş; ama motoru hâlâ çalışıyor, çelik kasası da kasabaya epey yük taşıyor.","Opa Osmans Pick-up, älter als das Stalldach. Der Rost hat die Schweller zerfressen und die Sonne den Lack ausgebleicht, aber der Motor springt noch an, und die stählerne Ladefläche bringt noch immer eine ordentliche Ladung in die Stadt.","La camioneta del abuelo Osman, más vieja que el tejado del establo. El óxido se ha comido los bajos y el sol ha apagado la pintura, pero el motor todavía arranca y la caja de acero aún lleva una buena carga al pueblo.","Le pick-up de grand-père Osman, plus vieux que le toit de l'étable. La rouille a rongé les bas de caisse et le soleil a terni la peinture, mais le moteur démarre encore et la benne en acier emporte toujours une bonne charge en ville.","Il pick-up di nonno Osman, più vecchio del tetto della stalla. La ruggine si è mangiata i sottoporta e il sole ha sbiadito la vernice, ma il motore parte ancora e il cassone d'acciaio porta sempre un bel carico in paese.","A picape do vovô Osman, mais velha que o telhado do estábulo. A ferrugem comeu as soleiras e o sol desbotou a pintura, mas o motor ainda pega e a caçamba de aço ainda leva uma boa carga até a cidade.","Пикап дедушки Османа, старше крыши хлева. Ржавчина съела пороги, солнце выбелило краску, но мотор ещё заводится, а стальной кузов по-прежнему возит в город приличный груз.","Pikap dziadka Osmana, starszy niż dach obory. Rdza zjadła progi, a słońce wypłowiło lakier, ale silnik wciąż zapala, a stalowa paka nadal zawiezie do miasta porządny ładunek.",祖父オスマンのピックアップ。家畜小屋の屋根より年季が入っている。サイドシルは錆に食われ、塗装は日に焼けて白っぽくなったが、エンジンはまだかかるし、鋼鉄の荷台は今でも町までたっぷり荷を運べる。,"오스만 할아버지의 픽업트럭이에요. 외양간 지붕보다도 오래됐죠. 녹이 사이드실을 갉아먹고 햇볕에 도장이 허옇게 바랬지만, 시동은 아직 걸리고 강철 짐칸은 여전히 마을까지 짐을 넉넉히 실어 날라요.",奥斯曼爷爷的皮卡，比畜棚的屋顶还老。门槛被锈穿了，漆面也被晒得发白，但发动机还能打着，钢制车斗照样能把满满一车货拉到镇上。,奧斯曼爺爺的貨卡，比畜舍的屋頂還老。門檻被鏽穿了，烤漆也被曬得發白，但引擎還發得動，鋼製後斗照樣能把滿滿一車貨載到鎮上。
SHOP_SELL_LOAD,Sell the pickup's load · %s,Pikaptaki yükün hepsini sat · %s,Ladung des Pick-ups verkaufen · %s,Vender la carga de la camioneta · %s,Vendre le chargement du pick-up · %s,Vendi il carico del pick-up · %s,Vender a carga da picape · %s,Продать груз из пикапа · %s,Sprzedaj ładunek z pikapa · %s,ピックアップの荷をすべて売る · %s,픽업트럭 짐 모두 팔기 · %s,卖掉皮卡上的全部货物 · %s,賣掉貨卡上的全部貨物 · %s
SHOP_IN_BED,In the pickup bed,Pikap kasasında,Auf der Ladefläche,En la caja de la camioneta,Dans la benne,Nel cassone,Na caçamba,В кузове,Na pace,荷台,짐칸 적재량,车斗中,後斗中
MSG_LOAD_SOLD,Sold the load: %d units for %s,"Yük satıldı: %d birim, %s",Ladung verkauft: %d Einheiten für %s,Carga vendida: %d unidades por %s,Chargement vendu : %d unités pour %s,Carico venduto: %d unità per %s,Carga vendida: %d unidades por %s,Груз продан: %d ед. за %s,Ładunek sprzedany: %d szt. za %s,荷を売りました：%d 個で %s,"짐을 팔았어요: %d개, %s",货物已售出：%d 件，%s,貨物已售出：%d 件，%s
MSG_PARKED_AT_MARKET,Parked at the Yeşilova Market: sell the load at the counter inside.,Yeşilova Market'in önüne park ettin: yükü içerideki tezgâhta satabilirsin.,Am Yeşilova Market geparkt: Verkauf die Ladung drinnen an der Theke.,Has aparcado en el Yeşilova Market: vende la carga en el mostrador de dentro.,"Garé devant le Yeşilova Market : vends le chargement au comptoir, à l'intérieur.","Parcheggiato davanti allo Yeşilova Market: vendi il carico al bancone, dentro.",Estacionado no Yeşilova Market: venda a carga no balcão lá dentro.,Ты припарковался у Yeşilova Market: продай груз у прилавка внутри.,Zaparkowano przy Yeşilova Market: sprzedaj ładunek przy ladzie w środku.,Yeşilova Marketの前に停めました。荷は店内のカウンターで売れます。,Yeşilova Market 앞에 차를 세웠어요. 짐은 안쪽 계산대에서 팔 수 있어요.,已停在 Yeşilova Market 门口：到店里的柜台卖掉货物吧。,已停在 Yeşilova Market 門口：到店裡的櫃檯賣掉貨物吧。
CHAPTER_YARD,The yard,Avlu,Der Hofplatz,El patio,La cour,L'aia,O terreiro,Двор,Podwórze,庭先,마당,院子,院子
CHAPTER_YARD_NOTE,Cut your wheat and sow again: an empty bed is a wasted bed. Then fix up that leaky old warehouse; a farmer with a leaky store loses half his harvest.,"Buğdayını biç, yeniden ek: boş yatak boşa giden yataktır. Sonra şu akan eski depoyu bir elden geçir; deposu akan çiftçi hasadının yarısını kaybeder.",Ernte deinen Weizen und säe neu: Ein leeres Beet ist ein verschenktes Beet. Dann flick die undichte alte Lagerhalle; ein Bauer mit undichtem Lager verliert die halbe Ernte.,Siega tu trigo y vuelve a sembrar: una parcela vacía es una parcela perdida. Luego arregla ese viejo almacén con goteras; un granjero con goteras en el almacén pierde media cosecha.,Récolte ton blé et ressème : une parcelle vide est une parcelle perdue. Puis retape ce vieil entrepôt qui fuit ; un fermier dont la réserve prend l'eau perd la moitié de sa récolte.,Raccogli il grano e semina di nuovo: un'aiuola vuota è un'aiuola sprecata. Poi sistema quel vecchio magazzino che perde; un contadino col magazzino che fa acqua perde metà del raccolto.,Colha seu trigo e plante de novo: canteiro vazio é canteiro desperdiçado. Depois conserte aquele armazém velho cheio de goteiras; fazendeiro com armazém furado perde metade da colheita.,"Собери пшеницу и посей снова: пустая грядка — пропащая грядка. Потом подлатай этот старый протекающий склад: у кого склад течёт, тот теряет пол-урожая.","Zbierz pszenicę i siej od nowa: pusta grządka to zmarnowana grządka. Potem załataj ten stary, przeciekający magazyn; rolnik z dziurawym magazynem traci połowę plonów.",小麦を刈ったら、またまきなさい。空いた畑はむだな畑だ。それから雨漏りする古い倉庫を直しておくれ。蔵が漏る農家は収穫の半分を失う。,밀을 거두면 다시 심거라. 빈 두둑은 버린 두둑이다. 그다음엔 새는 낡은 창고를 손보거라. 창고가 새는 농부는 수확의 절반을 잃는다.,把小麦收了再接着种：空着的地就是白费的地。然后把那间漏雨的旧仓库修一修；仓库漏雨的农夫，要丢掉一半收成。,把小麥收了再接著種：空著的地就是白費的地。然後把那間漏雨的舊倉庫修一修；倉庫漏雨的農夫，要丟掉一半收成。
CHAPTER_HOME,Home,Yuva,Das Zuhause,El hogar,Le foyer,Il focolare,O lar,Родной дом,Własny kąt,わが家,보금자리,安家,安家
CHAPTER_HOME_NOTE,"A dry roof, flour in the bin and eggs on the table: that's a home. Patch up the old house, and keep your hens fed; a well-fed hen lays every morning.","Kuru bir dam, ambarda un, sofrada yumurta: işte yuva budur. Eski evi onar, tavuklarını da doyur; karnı tok tavuk her sabah yumurtlar.","Ein trockenes Dach, Mehl im Kasten und Eier auf dem Tisch: Das ist ein Zuhause. Flick das alte Haus und halt deine Hühner satt; ein gut gefüttertes Huhn legt jeden Morgen.","Un techo seco, harina en la despensa y huevos en la mesa: eso es un hogar. Arregla la vieja casa y ten a tus gallinas bien comidas; una gallina bien alimentada pone cada mañana.","Un toit sec, de la farine dans le coffre et des œufs sur la table : voilà un foyer. Retape la vieille maison et nourris bien tes poules ; une poule bien nourrie pond chaque matin.","Un tetto asciutto, farina nella madia e uova in tavola: ecco una casa. Sistema la vecchia casa e tieni ben nutrite le galline; una gallina sazia fa l'uovo ogni mattina.","Um teto seco, farinha na despensa e ovos na mesa: isso é um lar. Conserte a casa velha e mantenha suas galinhas bem alimentadas; galinha bem tratada bota todo dia de manhã.","Сухая крыша, мука в ларе и яйца на столе — вот это дом. Подлатай старый дом и корми кур досыта: сытая курица несётся каждое утро.","Suchy dach, mąka w skrzyni i jajka na stole: to jest dom. Załataj stary dom i dbaj, by kury były syte; najedzona kura znosi jajko każdego ranka.",乾いた屋根、粉びつの小麦粉、食卓の卵。それが家というものだ。古い家を直して、鶏にはしっかり餌をやりなさい。腹いっぱいの鶏は毎朝卵を産む。,"마른 지붕, 뒤주의 밀가루, 밥상 위의 달걀. 그게 바로 집이다. 낡은 집을 고치고 닭들도 배불리 먹이거라. 배부른 닭은 아침마다 알을 낳는다.",干爽的屋顶、面缸里的面粉、桌上的鸡蛋：这才叫家。把老房子修好，把鸡喂饱；吃饱的母鸡天天早上下蛋。,乾爽的屋頂、麵缸裡的麵粉、桌上的雞蛋：這才叫家。把老房子修好，把雞餵飽；吃飽的母雞天天早上下蛋。
QUEST_REFILL,Refill the watering can at the well,Sulama kabını kuyudan doldur,Füll die Gießkanne am Brunnen auf,Rellena la regadera en el pozo,Remplis l'arrosoir au puits,Riempi l'annaffiatoio al pozzo,Encha o regador no poço,Набери воды в лейку у колодца,Napełnij konewkę przy studni,井戸でジョウロに水をくむ,우물에서 물뿌리개 채우기,在水井给洒水壶打满水,在水井把澆水壺裝滿水
QUEST_WOOD,Fell trees with the axe and gather the wood,"Baltayla ağaç kes, odunları topla",Fäll Bäume mit der Axt und sammle das Holz,Tala árboles con el hacha y recoge la madera,Abats des arbres à la hache et ramasse le bois,Abbatti alberi con l'ascia e raccogli il legno,Derrube árvores com o machado e recolha a madeira,Сруби деревья топором и собери древесину,Zetnij drzewa siekierą i zbierz drewno,オノで木を切り倒し、木材を拾う,도끼로 나무를 베고 목재 줍기,用斧头砍树，捡起木材,用斧頭砍樹，撿起木材
QUEST_STONE,Break rocks with the pickaxe for stone (quarry up the north path),Kazmayla kaya kırıp taş topla (taş ocağı kuzey patikasında),Brich mit der Spitzhacke Felsen für Stein (Steinbruch am Nordpfad),Rompe rocas con el pico para sacar piedra (cantera por el camino del norte),Casse des rochers à la pioche pour la pierre (carrière par le sentier nord),Spacca rocce col piccone per la pietra (cava lungo il sentiero nord),Quebre rochas com a picareta para pegar pedra (pedreira na trilha norte),Разбей камни киркой (каменоломня на северной тропе),"Rozbij skały kilofem, by zdobyć kamień (kamieniołom przy północnej ścieżce)",ツルハシで岩を砕いて石を集める（石切り場は北の小道の先）,곡괭이로 바위를 깨서 돌 모으기 (채석장은 북쪽 오솔길 끝),用十字镐敲碎岩石采石（采石场在北边小路尽头）,用十字鎬敲碎岩石採石（採石場在北邊小路盡頭）
QUEST_REPAIR_WAREHOUSE,Repair the warehouse (E at the repair sign beside it),Depoyu onar (yanındaki tamir tabelasına E),Repariere die Lagerhalle (E am Reparaturschild daneben),Repara el almacén (E en el cartel de reparación de al lado),Répare l'entrepôt (E au panneau de réparation à côté),Ripara il magazzino (E sul cartello di riparazione accanto),Conserte o armazém (E na placa de reparo ao lado),Почини склад (E у таблички о ремонте рядом),Napraw magazyn (E przy tabliczce remontowej obok),倉庫を修理する（そばの修理看板でE）,창고 수리하기 (옆의 수리 표지판에서 E),修好仓库（对着旁边的维修告示牌按 E）,修好倉庫（對著旁邊的維修告示牌按 E）
QUEST_HAY,Cut the tall meadow grass with the scythe for hay,"Çayırdaki uzun otları tırpanla biç, saman yap",Mäh das hohe Wiesengras mit der Sense für Heu,Siega la hierba alta del prado con la guadaña para hacer heno,Fauche les hautes herbes du pré pour faire du foin,Falcia l'erba alta del prato per fare fieno,Corte o capim alto do pasto com a foice para fazer feno,Скоси высокую луговую траву на сено,Skoś kosą wysoką trawę na łące na siano,大鎌で草地の長い草を刈って干し草を作る,낫으로 풀밭의 긴 풀을 베어 건초 만들기,用镰刀割草地上的高草，做成干草,用鐮刀割草地上的高草，做成乾草
QUEST_TRUCK,"Get into Grandpa's old pickup (by the warehouse, E)","Dedenin eski pikabına bin (deponun yanında, E)","Steig in Opas alten Pick-up (bei der Lagerhalle, E)","Súbete a la vieja camioneta del abuelo (junto al almacén, E)","Monte dans le vieux pick-up de grand-père (près de l'entrepôt, E)","Sali sul vecchio pick-up del nonno (accanto al magazzino, E)","Entre na picape velha do vovô (ao lado do armazém, E)","Сядь в старый дедушкин пикап (у склада, E)","Wsiądź do starego pikapa dziadka (przy magazynie, E)",祖父の古いピックアップに乗る（倉庫のそば、E）,"할아버지의 낡은 픽업트럭에 타기 (창고 옆, E)",坐进爷爷的旧皮卡（在仓库旁，按 E）,坐進爺爺的舊貨卡（在倉庫旁，按 E）
QUEST_LOAD,Park the pickup by the warehouse and load its bed (E at the ledger),"Pikabı deponun önüne çek, kasasını yükle (deftere E)",Park den Pick-up an der Lagerhalle und belade die Ladefläche (E am Lagerbuch),Aparca la camioneta junto al almacén y carga la caja (E en el libro de registro),Gare le pick-up devant l'entrepôt et charge la benne (E au registre),Parcheggia il pick-up davanti al magazzino e carica il cassone (E sul registro),Estacione a picape no armazém e carregue a caçamba (E no livro de registro),Поставь пикап у склада и загрузи кузов (E у журнала учёта),Zaparkuj pikapa przy magazynie i załaduj pakę (E przy księdze magazynowej),ピックアップを倉庫の前に停めて荷台に荷を積む（台帳の前でE）,픽업트럭을 창고 앞에 세우고 짐칸에 짐 싣기 (장부 앞에서 E),把皮卡停到仓库前，往车斗里装货（对着账本按 E）,把貨卡停到倉庫前，往後斗裡裝貨（對著帳本按 E）
QUEST_VISIT,Drive east to the town of Yeşilova,Pikapla doğudaki Yeşilova kasabasına git,Fahr nach Osten in die Stadt Yeşilova,Conduce hacia el este hasta el pueblo de Yeşilova,Roule vers l'est jusqu'au village de Yeşilova,Guida verso est fino al paese di Yeşilova,Dirija para o leste até a cidade de Yeşilova,"Езжай на восток, в городок Yeşilova",Jedź na wschód do miasteczka Yeşilova,東のYeşilovaの町まで車で行く,동쪽의 Yeşilova 마을까지 차로 가기,开车向东去 Yeşilova 小镇,開車向東去 Yeşilova 小鎮
QUEST_REPAIR_HOUSE,Repair Grandpa's house (E at the repair sign out front),Dedenin evini onar (önündeki tamir tabelasına E),Repariere Opas Haus (E am Reparaturschild davor),Repara la casa del abuelo (E en el cartel de reparación de delante),Répare la maison de grand-père (E au panneau de réparation devant),Ripara la casa del nonno (E sul cartello di riparazione davanti),Conserte a casa do vovô (E na placa de reparo na frente),Почини дедушкин дом (E у таблички о ремонте перед ним),Napraw dom dziadka (E przy tabliczce remontowej przed nim),祖父の家を修理する（家の前の修理看板でE）,할아버지 집 수리하기 (집 앞 수리 표지판에서 E),修好爷爷的房子（对着门前的维修告示牌按 E）,修好爺爺的房子（對著門前的維修告示牌按 E）
QUEST_SLEEP,Evening's here: go to bed in the farmhouse (the bin is sold overnight),Akşam oldu: evdeki yatağına git (satış kutusu gece satılır),Es ist Abend: Geh im Bauernhaus ins Bett (die Versandkiste wird über Nacht verkauft),Ya ha anochecido: ve a la cama de la casa (el cajón de envíos se vende durante la noche),Le soir est là : va te coucher dans la maison (le bac d'expédition est vendu pendant la nuit),È sera: vai a letto in casa (la cassa di spedizione viene venduta di notte),Anoiteceu: vá para a cama da casa (a caixa de envios é vendida durante a noite),Наступил вечер: ложись спать в доме (всё из ящика для продажи продадут ночью),Nastał wieczór: idź spać w domu (skrzynia wysyłkowa zostanie sprzedana w nocy),夕方になった：家のベッドで眠る（出荷箱の中身は夜のうちに売れる）,저녁이다: 집 침대에서 자기 (출하 상자는 밤사이 팔림),天黑了：回屋里睡觉（出货箱会在夜里卖掉）,天黑了：回屋裡睡覺（出貨箱會在夜裡賣掉）
QUEST_REPLANT,Sow the empty beds again,Boşalan yataklara yeniden tohum ek,Bestell die leeren Beete neu,Vuelve a sembrar las parcelas vacías,Ressème les parcelles vides,Risemina le aiuole vuote,Plante de novo nos canteiros vazios,Снова засей опустевшие грядки,Obsiej ponownie puste grządki,空いた畑にもう一度種をまく,빈 밭에 다시 씨앗 심기,在空出来的耕地里重新播种,在空出來的耕地裡重新播種
QUEST_FLOUR,Set the millstone down on the farm and grind wheat into flour,"Değirmen taşını çiftliğe kur, buğdayı una çevir",Stell den Mühlstein auf dem Hof auf und mahl Weizen zu Mehl,Coloca el molino de piedra en la granja y muele trigo para hacer harina,Installe la meule à grain à la ferme et mouds du blé pour faire de la farine,Sistema la macina in fattoria e trasforma il grano in farina,Monte o moinho de pedra na fazenda e moa trigo para fazer farinha,Поставь жернова на ферме и смели пшеницу в муку,Postaw żarna w gospodarstwie i zmiel pszenicę na mąkę,石臼を農場に置き、小麦をひいて小麦粉にする,맷돌을 농장에 놓고 밀을 빻아 밀가루 만들기,把石磨放到农场上，把小麦磨成面粉,把石磨放到農場上，把小麥磨成麵粉
SETTINGS_CAMERA_SHAKE,Camera shake,Kamera sarsıntısı,Kamerawackeln,Vibración de cámara,Tremblement de la caméra,Scuotimento della telecamera,Tremor da câmera,Тряска камеры,Wstrząsy kamery,カメラの揺れ,카메라 흔들림,镜头晃动,鏡頭晃動
SETTINGS_CAMERA_SHAKE_DESC,How much the view jolts when a tool strikes or a tree comes down.,Bir alet vurduğunda ya da bir ağaç devrildiğinde görüntünün ne kadar sarsılacağı.,"Wie stark das Bild ruckt, wenn ein Werkzeug trifft oder ein Baum fällt.",Cuánto se sacude la vista cuando una herramienta golpea o cae un árbol.,Intensité de la secousse de la vue quand un outil frappe ou qu'un arbre tombe.,Quanto sobbalza la visuale quando un attrezzo colpisce o cade un albero.,O quanto a visão treme quando uma ferramenta acerta ou uma árvore cai.,"Насколько сильно встряхивает вид, когда инструмент бьёт или падает дерево.","Jak mocno trzęsie się obraz, gdy narzędzie uderza albo przewraca się drzewo.",道具が当たったときや木が倒れたときに、視点がどれだけ揺れるかを決めます。,도구로 내리치거나 나무가 쓰러질 때 화면이 얼마나 흔들릴지 정해요.,工具击中或树木倒下时画面的晃动程度。,工具擊中或樹木倒下時畫面的晃動程度。
ITEM_COOP_KIT,Coop Kit,Kümes Kiti,Hühnerstall-Bausatz,Kit de gallinero,Kit de poulailler,Kit pollaio,Kit de galinheiro,Комплект курятника,Zestaw kurnika,鶏小屋キット,닭장 키트,鸡舍套件,雞舍套件
DESC_COOP_KIT,"Timber, wire and nails cut to size for a chicken coop. Hold it and pick a spot on open farm land.","Bir kümes için ölçüsünde kesilmiş kereste, tel ve çivi. Eline al, çiftlikte boş bir yer seç.","Zugeschnittenes Holz, Draht und Nägel für einen Hühnerstall. Nimm ihn in die Hand und such dir einen freien Platz auf dem Hof.","Madera, alambre y clavos cortados a medida para un gallinero. Tómalo en la mano y elige un sitio libre en la granja.","Du bois, du grillage et des clous coupés sur mesure pour un poulailler. Prends-le en main et choisis un terrain libre de la ferme.","Legname, rete e chiodi già tagliati per un pollaio. Prendilo in mano e scegli un punto libero della fattoria.","Madeira, tela e pregos cortados sob medida para um galinheiro. Segure-o e escolha um lugar livre na fazenda.","Доски, сетка и гвозди, нарезанные под курятник. Возьми его в руки и выбери свободное место на ферме.","Przycięte na wymiar drewno, siatka i gwoździe na kurnik. Weź go do ręki i wybierz wolne miejsce w gospodarstwie.",鶏小屋用に寸法どおり切りそろえた木材、金網、釘。手に持って、農場の空き地に場所を決めましょう。,"닭장을 짓도록 치수에 맞게 자른 목재, 철망, 못. 손에 들고 농장의 빈 땅에 자리를 정하세요.",按尺寸切好的木料、铁丝网和钉子，用来搭一座鸡舍。拿在手上，在农场空地上选个位置。,按尺寸切好的木料、鐵絲網和釘子，用來搭一座雞舍。拿在手上，在農場空地上選個位置。
PROJECT_COOP_KIT,Chicken Coop,Kümes,Hühnerstall,Gallinero,Poulailler,Pollaio,Galinheiro,Курятник,Kurnik,鶏小屋,닭장,鸡舍,雞舍
PROJECT_COOP_KIT_DESC,"A snug coop for 8 hens with nest boxes, a roost, a feeder and a waterer, and a door you can shut at night. You get it as a kit and put it up wherever you like.","8 tavuk için folluklu, tünekli, yemlikli ve suluklu sıcacık bir kümes; kapısını geceleri kapatabilirsin. Kit olarak alırsın, istediğin yere kurarsın.","Ein gemütlicher Stall für 8 Hühner mit Legenestern, Sitzstange, Futter- und Wassertrog und einer Tür, die du nachts schließen kannst. Du bekommst ihn als Bausatz und stellst ihn auf, wo du willst.","Un gallinero acogedor para 8 gallinas con nidales, aseladero, comedero y bebedero, y una puerta que puedes cerrar por la noche. Lo recibes como kit y lo montas donde quieras.","Un poulailler douillet pour 8 poules avec pondoirs, perchoir, mangeoire et abreuvoir, et une porte à fermer la nuit. Tu le reçois en kit et tu le montes où tu veux.","Un pollaio accogliente per 8 galline con nidi, posatoio, mangiatoia e abbeveratoio, e una porta da chiudere di notte. Lo ricevi in kit e lo monti dove vuoi.","Um galinheiro aconchegante para 8 galinhas, com ninhos, poleiro, comedouro e bebedouro, e uma porta para fechar à noite. Você o recebe como kit e o monta onde quiser.","Уютный курятник на 8 кур с гнёздами, насестом, кормушкой, поилкой и дверью, которую можно закрыть на ночь. Ты получаешь его комплектом и ставишь где захочешь.","Przytulny kurnik dla 8 kur z gniazdami, grzędą, karmnikiem i poidłem oraz drzwiami, które zamkniesz na noc. Dostajesz go jako zestaw i stawiasz, gdzie chcesz.",産卵箱、止まり木、餌箱、水飲みを備えた8羽用の居心地のいい鶏小屋。夜は扉を閉められます。キットで受け取り、好きな場所に建てられます。,"산란상, 횃대, 모이통, 물통을 갖춘 8마리용 아늑한 닭장이에요. 밤에는 문을 닫을 수 있어요. 키트로 받아서 원하는 곳에 지으세요.",一座可容纳 8 只母鸡的温暖鸡舍，带产蛋箱、栖木、食槽和水槽，夜里还能关上门。它以套件形式交给你，想搭在哪儿都行。,一座可容納 8 隻母雞的溫暖雞舍，附產蛋箱、棲木、食槽和水槽，夜裡還能關上門。它以套件形式交給你，想搭在哪裡都行。
BUILD_MAKE_KIT,PREPARE KIT,KİTİ HAZIRLA,BAUSATZ ZUSCHNEIDEN,PREPARAR KIT,PRÉPARER LE KIT,PREPARA IL KIT,PREPARAR KIT,ПОДГОТОВИТЬ КОМПЛЕКТ,PRZYGOTUJ ZESTAW,キットを用意する,키트 준비,备好套件,備好套件
BUILD_IN_BAG,In your bag,Çantanda,In deiner Tasche,En tu mochila,Dans ton sac,Nello zaino,Na sua mochila,В сумке,W plecaku,かばんの中,가방 안,在背包里,在背包裡
BUILD_TIME_MIN,Construction takes about %d min,İnşaat yaklaşık %d dakika sürer,Der Bau dauert etwa %d Min.,La obra dura unos %d min,La construction prend environ %d min,La costruzione richiede circa %d min,A obra leva cerca de %d min,Стройка займёт около %d мин,Budowa trwa około %d min,建設には約%d分かかります,공사는 약 %d분 걸려요,建造大约需要 %d 分钟,建造大約需要 %d 分鐘
BUILD_KIT_HINT,"The kit goes into your bag. Hold it, look at open ground and click to put it up: green means it fits.","Kit çantana gelir. Eline al, boş bir araziye bak ve tıkla: yeşil görünüyorsa oraya sığıyor demektir.","Der Bausatz kommt in deine Tasche. Nimm ihn in die Hand, schau auf freien Boden und klick zum Aufstellen: Grün heißt, er passt.","El kit va a tu mochila. Tómalo, mira un terreno libre y haz clic para levantarlo: verde significa que cabe.","Le kit va dans ton sac. Prends-le en main, regarde un terrain libre et clique pour le monter : vert, il y a la place.","Il kit finisce nello zaino. Prendilo in mano, guarda un terreno libero e clicca per montarlo: verde vuol dire che ci sta.","O kit vai para a sua mochila. Segure-o, olhe para um terreno livre e clique para montá-lo: verde quer dizer que cabe.","Комплект попадёт в сумку. Возьми его в руки, посмотри на свободную землю и нажми, чтобы начать стройку: зелёный — значит, место подходит.","Zestaw trafi do plecaka. Weź go do ręki, spójrz na wolny teren i kliknij, by zacząć budowę: zielony oznacza, że się zmieści.",キットはかばんに入ります。手に持って空き地を見て、クリックで建て始めます。緑なら置けます。,키트는 가방에 들어가요. 손에 들고 빈 땅을 바라본 뒤 클릭하면 공사가 시작돼요. 초록색이면 자리가 맞아요.,套件会放进你的背包。拿在手上，看向空地并点击即可开工：显示绿色就说明放得下。,套件會放進你的背包。拿在手上，看向空地並點擊即可開工：顯示綠色就表示放得下。
MSG_KIT_READY,%s is in your bag: hold it to pick a spot.,%s çantanda: eline al ve yerini seç.,%s ist in deiner Tasche: Nimm ihn in die Hand und such einen Platz.,%s está en tu mochila: tómalo para elegir el sitio.,%s est dans ton sac : prends-le en main pour choisir l'endroit.,%s è nello zaino: prendilo in mano per scegliere il posto.,%s está na sua mochila: segure-o para escolher o lugar.,%s в сумке: возьми в руки и выбери место.,%s jest w plecaku: weź go do ręki i wybierz miejsce.,%sがかばんに入りました。手に持って場所を決めましょう。,%s이(가) 가방에 들어왔어요. 손에 들고 자리를 정하세요.,%s已放进背包：拿在手上选个位置吧。,%s已放進背包：拿在手上選個位置吧。
MSG_CANT_BUILD_HERE,Can't build here.,Buraya inşa edilemez.,Hier kann nicht gebaut werden.,No se puede construir aquí.,Impossible de construire ici.,Qui non si può costruire.,Não dá para construir aqui.,Здесь строить нельзя.,Tu nie można budować.,ここには建てられません。,여기에는 지을 수 없어요.,这里无法建造。,這裡無法建造。
MSG_PLACE_RESERVED,"This ground is kept for fields, tracks and the farm's buildings.","Bu alan tarlalara, yollara ve çiftlik binalarına ayrılmış.","Dieser Boden ist für Felder, Wege und die Hofgebäude reserviert.","Este terreno está reservado para campos, caminos y los edificios de la granja.","Ce terrain est réservé aux champs, aux chemins et aux bâtiments de la ferme.","Questo terreno è riservato a campi, sentieri ed edifici della fattoria.","Este terreno é reservado para plantações, caminhos e as construções da fazenda.","Эта земля отведена под поля, дороги и постройки фермы.","Ten teren jest przeznaczony na pola, drogi i budynki gospodarstwa.",ここは畑や道、農場の建物のための土地です。,"이 땅은 밭과 길, 농장 건물 자리로 남겨 둔 곳이에요.",这片地留给农田、小路和农场建筑。,這片地留給農田、小路和農場建築。
MSG_BUILD_FARM_ONLY,"Buildings go on open farm land, away from the road and the town.","Binalar yoldan ve kasabadan uzakta, çiftliğin açık arazisine kurulur.","Gebäude gehören auf freies Hofgelände, weg von der Straße und vom Dorf.","Los edificios van en terreno libre de la granja, lejos de la carretera y del pueblo.","Les bâtiments se construisent sur un terrain libre de la ferme, loin de la route et du village.","Gli edifici vanno sul terreno libero della fattoria, lontano dalla strada e dal paese.","As construções ficam em terreno livre da fazenda, longe da estrada e da cidade.","Постройки ставят на свободной земле фермы, подальше от дороги и городка.","Budynki stawia się na wolnym terenie gospodarstwa, z dala od drogi i miasteczka.",建物は道路や町から離れた、農場の空き地に建てます。,건물은 도로와 마을에서 떨어진 농장의 빈 땅에 지어요.,建筑要建在农场的空地上，远离公路和小镇。,建築要蓋在農場的空地上，遠離公路和小鎮。
MSG_PLACE_WATER,Too close to the water.,Suya çok yakın.,Zu nah am Wasser.,Demasiado cerca del agua.,Trop près de l'eau.,Troppo vicino all'acqua.,Perto demais da água.,Слишком близко к воде.,Za blisko wody.,水辺に近すぎます。,물에 너무 가까워요.,离水太近了。,離水太近了。
MSG_PLACE_TOO_CLOSE,Step back: you're standing on the plot.,Biraz geri çekil: arsanın üstünde duruyorsun.,Tritt zurück: Du stehst auf dem Bauplatz.,Retrocede: estás dentro de la parcela.,Recule : tu es sur l'emplacement.,Fatti indietro: sei sul lotto.,Dê um passo atrás: você está em cima do terreno.,Отойди: ты стоишь на участке.,Cofnij się: stoisz na placu budowy.,少し下がってください。建てる場所の上に立っています。,조금 물러서세요. 공사 자리 위에 서 있어요.,往后退一点：你正站在地块上。,往後退一點：你正站在地塊上。
MSG_CONSTRUCTION_STARTED,Work has started: %s ready in about %d min.,İnşaat başladı: %s yaklaşık %d dakikada hazır olacak.,Der Bau hat begonnen: %s ist in etwa %d Min. fertig.,Empezó la obra: %s estará listo en unos %d min.,Le chantier a commencé : %s prêt dans environ %d min.,Lavori iniziati: %s pronto tra circa %d min.,A obra começou: %s fica pronto em cerca de %d min.,Стройка началась: %s будет готов примерно через %d мин.,Budowa ruszyła: %s będzie gotowy za około %d min.,工事が始まりました。%sは約%d分で完成します。,공사가 시작됐어요. %s은(는) 약 %d분 뒤에 완성돼요.,开工了：%s大约 %d 分钟后建好。,開工了：%s大約 %d 分鐘後蓋好。
SIGN_CONSTRUCTION,UNDER CONSTRUCTION,İNŞAAT,BAUSTELLE,EN OBRAS,CHANTIER,CANTIERE,EM OBRAS,СТРОЙКА,BUDOWA,工事中,공사 중,施工中,施工中
ACTION_COOP_DOOR_OPEN,OPEN THE DOOR,KAPIYI AÇ,TÜR ÖFFNEN,ABRIR LA PUERTA,OUVRIR LA PORTE,APRI LA PORTA,ABRIR A PORTA,ОТКРЫТЬ ДВЕРЬ,OTWÓRZ DRZWI,扉を開ける,문 열기,开门,開門
ACTION_COOP_DOOR_CLOSE,CLOSE THE DOOR,KAPIYI KAPAT,TÜR SCHLIESSEN,CERRAR LA PUERTA,FERMER LA PORTE,CHIUDI LA PORTA,FECHAR A PORTA,ЗАКРЫТЬ ДВЕРЬ,ZAMKNIJ DRZWI,扉を閉める,문 닫기,关门,關門
ACTION_RELEASE_HEN,LET THE HEN IN,TAVUĞU SAL,HENNE HINEINLASSEN,SOLTAR LA GALLINA,LÂCHER LA POULE,LIBERA LA GALLINA,SOLTAR A GALINHA,ВЫПУСТИТЬ КУРИЦУ,WYPUŚĆ KURĘ,めんどりを放す,암탉 풀어 주기,放出母鸡,放出母雞
MSG_COOP_DOOR_SHUT,The coop door is shut: hens outside can't get in.,Kümesin kapısı kapalı: dışarıdaki tavuklar içeri giremez.,Die Stalltür ist zu: Hühner draußen kommen nicht hinein.,La puerta del gallinero está cerrada: las gallinas de fuera no pueden entrar.,La porte du poulailler est fermée : les poules dehors ne peuvent pas rentrer.,La porta del pollaio è chiusa: le galline fuori non possono entrare.,A porta do galinheiro está fechada: as galinhas lá fora não conseguem entrar.,Дверь курятника закрыта: куры снаружи не смогут зайти.,Drzwi kurnika są zamknięte: kury na zewnątrz nie wejdą do środka.,鶏小屋の扉が閉まっています。外のめんどりは中に入れません。,닭장 문이 닫혀 있어요. 밖에 있는 닭은 들어갈 수 없어요.,鸡舍门关着：外面的母鸡进不去。,雞舍門關著：外面的母雞進不去。
MSG_FIRST_EGG,Cluck! A hen has laid an egg somewhere around the coop.,Gıt gıdak! Bir tavuk kümesin oralarda bir yere yumurtladı.,Gack! Eine Henne hat irgendwo beim Stall ein Ei gelegt.,¡Cloc! Una gallina ha puesto un huevo cerca del gallinero.,Cot cot ! Une poule a pondu un œuf quelque part près du poulailler.,Coccodè! Una gallina ha deposto un uovo da qualche parte vicino al pollaio.,Có-có! Uma galinha botou um ovo em algum lugar perto do galinheiro.,Ко-ко! Курица снесла яйцо где-то возле курятника.,Ko-ko! Kura zniosła jajko gdzieś przy kurniku.,コッコッ！めんどりが鶏小屋のまわりのどこかに卵を産みました。,꼬꼬댁! 암탉이 닭장 근처 어딘가에 알을 낳았어요.,咯咯哒！有只母鸡在鸡舍附近下了个蛋。,咯咯噠！有隻母雞在雞舍附近下了顆蛋。
MSG_EGG_BROKEN,The egg broke! A hen will lay another one soon.,Yumurta kırıldı! Bir tavuk birazdan yenisini yumurtlayacak.,Das Ei ist zerbrochen! Eine Henne legt gleich ein neues.,¡El huevo se rompió! Una gallina pondrá otro pronto.,L'œuf s'est cassé ! Une poule va bientôt en pondre un autre.,L'uovo si è rotto! Una gallina ne deporrà presto un altro.,O ovo quebrou! Uma galinha vai botar outro logo.,Яйцо разбилось! Курица скоро снесёт новое.,Jajko się rozbiło! Kura zaraz zniesie następne.,卵が割れてしまった！めんどりがすぐに次の卵を産みます。,달걀이 깨졌어요! 암탉이 곧 새 알을 낳을 거예요.,蛋碎了！母鸡很快会再下一个。,蛋破了！母雞很快會再下一顆。
MSG_COOP_FULL,This coop is full: it houses %d hens.,Bu kümes dolu: en fazla %d tavuk alır.,Dieser Stall ist voll: Er bietet Platz für %d Hühner.,Este gallinero está lleno: caben %d gallinas.,Ce poulailler est plein : il accueille %d poules.,Questo pollaio è pieno: ospita %d galline.,Este galinheiro está cheio: cabem %d galinhas.,Этот курятник полон: в нём помещается %d кур.,Ten kurnik jest pełny: mieści %d kur.,この鶏小屋は満員です（%d羽まで）。,이 닭장은 꽉 찼어요. %d마리까지 들어가요.,这座鸡舍满了：最多住 %d 只母鸡。,這座雞舍滿了：最多住 %d 隻母雞。
ACTION_CLOSE,CLOSE,KAPAT,SCHLIESSEN,CERRAR,FERMER,CHIUDI,FECHAR,ЗАКРЫТЬ,ZAMKNIJ,閉める,닫기,关上,關上
ACTION_TAKE_ITEM,Take: %s,Al: %s,Nehmen: %s,Coger: %s,Prendre : %s,Prendi: %s,Pegar: %s,Взять: %s,Weź: %s,取る：%s,집기: %s,拿取：%s,拿取：%s
MSG_DOOR_BLOCKED,Step out of the doorway first.,Önce kapının önünden bir çekil.,Geh erst aus der Tür.,Primero apártate de la puerta.,Écarte-toi d'abord de l'embrasure.,Prima spostati dalla soglia.,Primeiro saia da porta.,Сначала отойди от двери.,Najpierw zejdź z progu.,まずは戸口から離れよう。,먼저 문간에서 비켜 서세요.,先从门口让开。,先從門口讓開。
ITEM_TRUCK_KEY,Pickup Key,Pikap Anahtarı,Pick-up-Schlüssel,Llave de la camioneta,Clé du pick-up,Chiave del pick-up,Chave da picape,Ключ от пикапа,Kluczyk do pikapa,ピックアップの鍵,픽업트럭 열쇠,皮卡钥匙,貨卡鑰匙
DESC_TRUCK_KEY,"The key to Grandpa's old pickup, on a worn leather fob. He always kept it in his desk drawer.","Dedenin eski pikabının anahtarı, yıpranmış deri bir anahtarlıkta. Hep masasının çekmecesinde saklardı.","Der Schlüssel zu Opas altem Pick-up, an einem abgewetzten Lederanhänger. Er lag immer in seiner Schreibtischschublade.","La llave de la vieja camioneta del abuelo, con un llavero de cuero gastado. Siempre la guardaba en el cajón de su escritorio.","La clé du vieux pick-up de grand-père, sur un porte-clés en cuir usé. Il la rangeait toujours dans le tiroir de son bureau.","La chiave del vecchio pick-up del nonno, con un portachiavi di cuoio consumato. La teneva sempre nel cassetto della scrivania.","A chave da velha picape do vovô, num chaveiro de couro gasto. Ele sempre a guardava na gaveta da escrivaninha.",Ключ от старого дедушкиного пикапа на потёртом кожаном брелоке. Дед всегда держал его в ящике стола.,"Kluczyk do starego pikapa dziadka, na wytartym skórzanym breloku. Zawsze trzymał go w szufladzie biurka.",祖父の古いピックアップの鍵。すり切れた革のキーホルダーつき。いつも机の引き出しにしまってあった。,할아버지의 낡은 픽업트럭 열쇠. 닳은 가죽 열쇠고리에 달려 있다. 늘 책상 서랍에 넣어 두셨다.,爷爷那辆旧皮卡的钥匙，挂在磨旧的皮质钥匙扣上。他总把它放在书桌抽屉里。,爺爺那輛舊貨卡的鑰匙，掛在磨舊的皮革鑰匙圈上。他總把它放在書桌抽屜裡。
ITEM_CHICKEN_CRATE,Crated Hen,Kafesli Tavuk,Huhn in der Kiste,Gallina en jaula,Poule en caisse,Gallina in cassetta,Galinha na caixa,Курица в ящике,Kura w skrzynce,箱入りのニワトリ,상자 속 닭,笼装母鸡,籠裝母雞
DESC_CHICKEN_CRATE,A live hen in a wooden transport crate. She can wait in the truck bed or the warehouse until you let her out at a coop.,Tahta taşıma kafesinde canlı bir tavuk. Kümese salana kadar kasada ya da depoda bekleyebilir.,"Ein lebendes Huhn in einer Transportkiste aus Holz. Es kann auf der Ladefläche oder im Lager warten, bis du es im Hühnerstall freilässt.",Una gallina viva en una jaula de transporte de madera. Puede esperar en la caja de la camioneta o en el almacén hasta que la sueltes en un gallinero.,Une poule vivante dans une caisse de transport en bois. Elle peut attendre dans la benne ou l'entrepôt jusqu'à ce que tu la lâches dans un poulailler.,Una gallina viva in una cassetta di legno da trasporto. Può aspettare nel cassone o nel magazzino finché non la liberi in un pollaio.,Uma galinha viva numa caixa de transporte de madeira. Ela pode esperar na caçamba ou no depósito até você soltá-la num galinheiro.,"Живая курица в деревянном транспортном ящике. Может подождать в кузове или на складе, пока ты не выпустишь её в курятник.","Żywa kura w drewnianej skrzynce transportowej. Może poczekać na pace lub w magazynie, aż wypuścisz ją w kurniku.",木の運搬箱に入った生きたニワトリ。鶏小屋に放すまで、荷台や倉庫で待っていられます。,나무 운반 상자에 든 살아 있는 닭. 닭장에 풀어 줄 때까지 짐칸이나 창고에서 기다릴 수 있어요.,装在木制运输笼里的活母鸡。放进鸡舍之前，可以先放在车斗或仓库里。,裝在木製運輸籠裡的活母雞。放進雞舍之前，可以先待在後斗或倉庫裡。
CAT_KEY,Key,Anahtar,Schlüssel,Llave,Clé,Chiave,Chave,Ключ,Klucz,鍵,열쇠,钥匙,鑰匙
CAT_ANIMAL,Live Animal,Canlı Hayvan,Lebendes Tier,Animal vivo,Animal vivant,Animale vivo,Animal vivo,Живое животное,Żywe zwierzę,生きた動物,살아 있는 동물,活体动物,活體動物
UI_LIVE_ANIMAL,Live animal,Canlı hayvan,Lebendes Tier,Animal vivo,Animal vivant,Animale vivo,Animal vivo,Живое животное,Żywe zwierzę,生きた動物,살아 있는 동물,活体动物,活體動物
ACTION_UNLOCK_VEHICLE,Unlock with the key and get in,Anahtarla aç ve bin,Aufschließen und einsteigen,Abrir con la llave y subir,Déverrouiller et monter,Apri con la chiave e sali,Destrancar e entrar,Открыть ключом и сесть,Otwórz kluczykiem i wsiądź,鍵で開けて乗る,열쇠로 열고 타기,用钥匙开门上车,用鑰匙開門上車
HINT_KEY_NEEDED,Key needed,Anahtar gerekli,Schlüssel nötig,Necesitas la llave,Clé nécessaire,Serve la chiave,Precisa da chave,Нужен ключ,Potrzebny kluczyk,鍵が必要,열쇠가 필요해요,需要钥匙,需要鑰匙
MSG_VEHICLE_LOCKED,It's locked. Grandpa's key must be somewhere in the house.,Kapı kilitli. Dedenin anahtarı evde bir yerlerde olmalı.,Abgeschlossen. Opas Schlüssel muss irgendwo im Haus sein.,Está cerrada con llave. La llave del abuelo tiene que estar en algún lugar de la casa.,C'est verrouillé. La clé de grand-père doit être quelque part dans la maison.,È chiuso a chiave. La chiave del nonno dev'essere da qualche parte in casa.,Está trancada. A chave do vovô deve estar em algum lugar da casa.,Заперто. Дедушкин ключ должен быть где-то в доме.,Zamknięte. Kluczyk dziadka musi być gdzieś w domu.,鍵がかかっている。おじいちゃんの鍵は家のどこかにあるはず。,잠겨 있어요. 할아버지의 열쇠가 집 안 어딘가에 있을 거예요.,车锁着。爷爷的钥匙应该就在屋里某处。,車鎖著。爺爺的鑰匙應該就在屋裡某處。
MSG_VEHICLE_UNLOCKED,%s is unlocked. The key stays in the ignition.,%s açıldı. Anahtar artık kontakta duruyor.,%s ist offen. Der Schlüssel bleibt im Zündschloss.,%s está abierta. La llave se queda en el contacto.,%s est déverrouillé. La clé reste sur le contact.,%s è aperto. La chiave resta nel quadro.,%s está destrancada. A chave fica na ignição.,%s открыт. Ключ остаётся в замке зажигания.,%s otwarty. Kluczyk zostaje w stacyjce.,%sの鍵を開けた。鍵はイグニッションに挿したままにしておこう。,%s의 문을 열었어요. 열쇠는 시동 장치에 꽂아 둘게요.,%s已解锁，钥匙就插在点火开关上。,%s已解鎖，鑰匙就插在點火開關上。
ACTION_BUY_CHICKENS,Buy hens,Tavuk al,Hühner kaufen,Comprar gallinas,Acheter des poules,Compra galline,Comprar galinhas,Купить кур,Kup kury,ニワトリを買う,닭 사기,买母鸡,買母雞
ACTION_TAKE_CRATE,Take: %s (%d),Al: %s (%d),Nehmen: %s (%d),Coger: %s (%d),Prendre : %s (%d),Prendi: %s (%d),Pegar: %s (%d),Взять: %s (%d),Weź: %s (%d),取る：%s（%d）,들기: %s (%d),拿起：%s（%d）,拿起：%s（%d）
ACTION_SET_DOWN_CRATES,Set the crates down (%d),Kafesleri bırak (%d),Kisten abstellen (%d),Dejar las jaulas (%d),Poser les caisses (%d),Posa le cassette (%d),Deixar as caixas (%d),Поставить ящики (%d),Odstaw skrzynki (%d),箱を置く（%d）,상자 내려놓기 (%d),放下笼子（%d）,放下籠子（%d）
MSG_CRATES_NO_ROOM,No room for that many crates: park the pickup closer or make room in your bag.,Bu kadar kafese yer yok: pikabı yakına çek ya da çantanda yer aç.,Kein Platz für so viele Kisten: Park den Pickup näher oder mach Platz in deiner Tasche.,No hay sitio para tantas jaulas: aparca la camioneta más cerca o haz sitio en la mochila.,Pas de place pour autant de caisses : gare le pick-up plus près ou fais de la place dans ton sac.,Non c'è posto per tante cassette: parcheggia il pick-up più vicino o fai spazio nella borsa.,Não cabem tantas caixas: estacione a caminhonete mais perto ou abra espaço na mochila.,Столько ящиков некуда поставить: подгони пикап ближе или освободи место в сумке.,Nie ma miejsca na tyle skrzynek: podjedź pikapem bliżej albo zrób miejsce w torbie.,そんなに多くの箱は置けません。ピックアップを近くに停めるか、バッグを空けましょう。,상자를 그만큼 둘 자리가 없어요. 픽업트럭을 가까이 대거나 가방을 비워 주세요.,放不下这么多笼子：把皮卡停近一点，或腾出背包空间。,放不下這麼多籠子：把皮卡停近一點，或騰出背包空間。
MSG_CRATES_IN_BED,%s ×%d loaded into the bed of %s.,"%s ×%d, %s kasasına yüklendi.",%s ×%d auf die Ladefläche von %s geladen.,"%s ×%d, cargado en la caja de %s.",%s ×%d chargé dans la benne de %s.,%s ×%d caricato nel cassone di %s.,%s ×%d carregado na caçamba de %s.,%s ×%d: погружено в кузов (%s).,%s ×%d załadowano na pakę: %s.,%s ×%dを%sの荷台に積みました。,"%s ×%d, %s 짐칸에 실었어요.",%s ×%d已装上%s的车斗。,%s ×%d已裝上%s的後斗。
MSG_CRATES_IN_BAG,%s ×%d in your bag: no vehicle parked nearby.,%s ×%d çantanda: yakında park etmiş aracın yok.,%s ×%d in deiner Tasche: kein Fahrzeug in der Nähe.,%s ×%d en tu mochila: no hay ningún vehículo aparcado cerca.,%s ×%d dans ton sac : aucun véhicule garé à proximité.,%s ×%d nella borsa: nessun veicolo parcheggiato qui vicino.,%s ×%d na mochila: nenhum veículo estacionado perto.,%s ×%d в сумке: рядом нет твоей машины.,%s ×%d w torbie: w pobliżu nie stoi żaden twój pojazd.,%s ×%dをバッグに入れました（近くに車がありません）。,%s ×%d 가방에 넣었어요. 근처에 세워 둔 차가 없어요.,%s ×%d已放进背包：附近没有停着的车。,%s ×%d已放進背包：附近沒有停著的車。
UI_POULTRY,ANIMAL MARKET,HAYVAN PAZARI,TIERMARKT,MERCADO DE ANIMALES,MARCHÉ AUX BESTIAUX,MERCATO DEL BESTIAME,FEIRA DE ANIMAIS,СКОТНЫЙ РЫНОК,TARG ZWIERZĄT,家畜市場,가축 시장,牲畜市场,牲畜市場
UI_POULTRY_HINT,"Laying hens in transport crates: no coop needed yet, they wait in their crates","Taşıma kafesinde yumurtacı tavuklar: kümesin henüz yoksa da olur, kafeslerinde beklerler","Legehennen in Transportkisten: noch kein Hühnerstall nötig, sie warten in ihren Kisten","Gallinas ponedoras en jaulas de transporte: aún no necesitas gallinero, esperan en sus jaulas","Des pondeuses en caisses de transport : pas besoin de poulailler tout de suite, elles attendent dans leurs caisses","Galline ovaiole in cassette da trasporto: il pollaio può aspettare, loro aspettano nelle cassette","Galinhas poedeiras em caixas de transporte: ainda não precisa de galinheiro, elas esperam nas caixas","Несушки в транспортных ящиках: курятник пока не нужен, они подождут в ящиках","Nioski w skrzynkach transportowych: kurnik jeszcze niepotrzebny, poczekają w skrzynkach",運搬箱入りの産卵鶏。鶏小屋がまだなくても、箱の中で待ってくれます,운반 상자에 든 산란계. 아직 닭장이 없어도 상자 안에서 기다려요,装在运输笼里的蛋鸡：还没有鸡舍也没关系，它们会在笼里等着,裝在運輸籠裡的蛋雞：還沒有雞舍也沒關係，牠們會在籠裡等著
UI_POULTRY_ORDER,Your order,Siparişin,Deine Bestellung,Tu pedido,Ta commande,Il tuo ordine,Seu pedido,Твой заказ,Twoje zamówienie,注文,주문,你的订单,你的訂單
UI_POULTRY_EACH,%s each,Tanesi %s,%s pro Stück,%s cada una,%s pièce,%s l'una,%s cada,%s за штуку,%s za sztukę,1羽 %s,마리당 %s,每只 %s,每隻 %s
UI_TOTAL,Total,Toplam,Gesamt,Total,Total,Totale,Total,Итого,Razem,合計,합계,合计,合計
RANCHER_CRATE_HINT,No coop yet? No trouble: she waits in her crate until you have one.,"Kümesin yok mu? Dert etme: tavuk, kümes olana kadar kafesinde bekler.","Noch kein Hühnerstall? Kein Problem: Sie wartet in ihrer Kiste, bis du einen hast.",¿Aún no tienes gallinero? No pasa nada: espera en su jaula hasta que lo tengas.,Pas encore de poulailler ? Pas de souci : elle attend dans sa caisse.,Niente pollaio? Nessun problema: aspetta nella sua cassetta finché non ce l'hai.,Ainda sem galinheiro? Sem problema: ela espera na caixa até você ter um.,"Курятника ещё нет? Не беда: курица подождёт в ящике, пока он не появится.",Nie masz jeszcze kurnika? Nic nie szkodzi: kura poczeka w skrzynce.,鶏小屋がまだない？大丈夫、できるまで箱の中で待っています。,아직 닭장이 없나요? 괜찮아요. 닭장이 생길 때까지 상자에서 기다려요.,还没有鸡舍？没关系，母鸡会在笼里等到鸡舍建好。,還沒有雞舍？沒關係，母雞會在籠裡等到雞舍蓋好。
RANCHER_CRATE_TO_BED,The crates go into the bed of %s (room for %d).,Kafesler %s kasasına yüklenecek (%d kafeslik yer var).,Die Kisten kommen auf die Ladefläche von %s (Platz für %d).,Las jaulas van a la caja de %s (caben %d).,Les caisses vont dans la benne de %s (place pour %d).,Le cassette vanno nel cassone di %s (posto per %d).,As caixas vão para a caçamba de %s (cabem %d).,Ящики поедут в кузове: %s (места на %d).,Skrzynki trafią na pakę: %s (miejsca na %d).,箱は%sの荷台に積まれます（空き %d）。,상자는 %s 짐칸에 실려요 (%d칸 남음).,笼子会装上%s的车斗（还能放 %d 个）。,籠子會裝上%s的後斗（還能放 %d 個）。
RANCHER_CRATE_TO_BAG,No vehicle of yours parked nearby: you carry the crates in your bag.,Yakında park etmiş aracın yok: kafesleri çantanda taşırsın.,Kein eigenes Fahrzeug in der Nähe: Du trägst die Kisten in deiner Tasche.,No tienes ningún vehículo aparcado cerca: llevarás las jaulas en la mochila.,Aucun de tes véhicules n'est garé à proximité : tu portes les caisses dans ton sac.,Nessun tuo veicolo parcheggiato qui vicino: porti le cassette nella borsa.,Nenhum veículo seu estacionado perto: você leva as caixas na mochila.,Рядом нет твоей машины: ящики понесёшь в сумке.,W pobliżu nie stoi twój pojazd: poniesiesz skrzynki w torbie.,近くに自分の車がありません。箱はバッグに入れて運びます。,근처에 세워 둔 내 차가 없어요. 상자는 가방에 넣어 옮겨요.,附近没有你的车：笼子只能放进背包带走。,附近沒有你的車：籠子只能放進背包帶走。
RANCHER_BUY_CRATES,Buy %d × %s  ·  %s,%d %s al  ·  %s,%d × %s kaufen  ·  %s,Comprar %d × %s  ·  %s,Acheter %d × %s  ·  %s,Compra %d × %s  ·  %s,Comprar %d × %s  ·  %s,Купить %d × %s  ·  %s,Kup %d × %s  ·  %s,%d羽の%sを買う  ·  %s,%d마리 %s 사기  ·  %s,购买 %d 只%s  ·  %s,購買 %d 隻%s  ·  %s
RANCHER_POULTRY_STALL_HINT,"Hens also come in crates at the Animal Market, coop or not.",Kümesin olmasa da olur: Hayvan Pazarı kafeste tavuk satıyor.,"Hühner gibt es auf dem Tiermarkt auch in Kisten, mit oder ohne Hühnerstall.","En el mercado de animales también hay gallinas en jaulas, tengas gallinero o no.","Le marché aux bestiaux vend aussi des poules en caisse, poulailler ou pas.","Al mercato del bestiame trovi galline in cassetta, pollaio o no.","A feira de animais vende galinhas na caixa, com ou sem galinheiro.","На скотном рынке кур продают и в ящиках, даже если курятника ещё нет.","Na targu zwierząt kury kupisz też w skrzynkach, nawet bez kurnika.",家畜市場なら、鶏小屋がなくても箱入りのニワトリを買えます。,가축 시장에서는 닭장이 없어도 상자에 든 닭을 살 수 있어요.,牲畜市场也卖笼装母鸡，没有鸡舍也能买。,牲畜市場也賣籠裝母雞，沒有雞舍也能買。
CHAPTER_ARRIVAL,Homecoming,Eve dönüş,Heimkehr,El regreso,Le retour,Il ritorno,A volta para casa,Возвращение,Powrót,帰郷,귀향,归乡,歸鄉
CHAPTER_ARRIVAL_NOTE,"The front door sticks; put your shoulder into it. My tools are on the table inside, right where I left them. Forty years they served me; now they're yours. The old name board at the entrance has lost its paint; what the farm is called now is up to you.","Ön kapı biraz sıkışır, omzunla bir yüklen. Aletlerim içerideki masanın üstünde, bıraktığım yerde duruyor. Kırk yıl bana hizmet ettiler; artık senin. Girişteki eski tabelanın boyası dökülmüş; çiftliğin adını artık sen koyacaksın.","Die Haustür klemmt ein wenig, stemm dich mit der Schulter dagegen. Mein Werkzeug liegt drinnen auf dem Tisch, genau da, wo ich es gelassen habe. Vierzig Jahre hat es mir gedient; jetzt gehört es dir. Das alte Schild an der Einfahrt hat seine Farbe verloren; wie der Hof nun heißt, liegt bei dir.","La puerta de entrada se atasca un poco; empújala con el hombro. Mis herramientas están en la mesa de dentro, justo donde las dejé. Cuarenta años me sirvieron; ahora son tuyas. El viejo letrero de la entrada ha perdido la pintura; cómo se llama ahora la granja lo decides tú.","La porte d'entrée coince un peu ; pousse-la d'un coup d'épaule. Mes outils sont sur la table à l'intérieur, là où je les ai laissés. Ils m'ont servi quarante ans ; maintenant, ils sont à toi. La vieille enseigne à l'entrée a perdu sa peinture ; le nom de la ferme, c'est à toi de le choisir maintenant.","La porta d'ingresso si incastra un po'; spingila con la spalla. I miei attrezzi sono sul tavolo dentro casa, proprio dove li ho lasciati. Mi hanno servito per quarant'anni; ora sono tuoi. La vecchia insegna all'ingresso ha perso la vernice; come si chiama ora la fattoria lo decidi tu.","A porta da frente emperra um pouco; empurre com o ombro. Minhas ferramentas estão na mesa lá dentro, bem onde deixei. Elas me serviram por quarenta anos; agora são suas. A velha placa da entrada perdeu a tinta; o nome da fazenda agora é com você.","Входная дверь немного заедает — толкни её плечом. Мои инструменты лежат на столе в доме, там, где я их оставил. Сорок лет они мне служили, теперь они твои. Старая вывеска у въезда облупилась; как теперь назвать ферму, решать тебе.","Drzwi wejściowe trochę się zacinają, pchnij je barkiem. Moje narzędzia leżą na stole w środku, tam, gdzie je zostawiłem. Służyły mi czterdzieści lat, teraz są twoje. Stary szyld przy wjeździe stracił farbę; jak teraz nazwać farmę, to już twoja sprawa.",玄関の戸は少し引っかかる。肩で押してみなさい。道具は中の机の上、わしが置いたままになっている。四十年わしに仕えてくれた道具だ。今日からはお前のものだ。入口の古い看板はペンキがはげてしまった。農場の名前は、もうお前が決めるんだ。,"현관문이 좀 뻑뻑하니 어깨로 밀어 보거라. 내 연장은 안쪽 탁자 위에, 내가 두고 간 그대로 있다. 사십 년 동안 나를 도와준 것들이니 이제 네가 쓰거라. 입구의 낡은 간판은 페인트가 다 벗겨졌단다. 이제 농장 이름은 네가 정하렴.",前门有点卡，用肩膀顶一下就开。我的工具在屋里的桌子上，就在我放下的地方。它们跟了我四十年，现在归你了。入口那块旧招牌的漆都掉光了；农场叫什么名字，现在由你说了算。,前門有點卡，用肩膀頂一下就開。我的工具在屋裡的桌子上，就在我放下的地方。它們跟了我四十年，現在歸你了。入口那塊舊招牌的漆都掉光了；農場叫什麼名字，現在由你說了算。
CHAPTER_HARVEST,The first harvest,İlk hasat,Die erste Ernte,La primera cosecha,La première récolte,Il primo raccolto,A primeira colheita,Первый урожай,Pierwsze zbiory,初めての収穫,첫 수확,第一次收获,第一次收穫
CHAPTER_HARVEST_NOTE,"Before I left I sowed a few beds at the far end of the field; they should be ripe by now. Whatever you leave in the bin in front of the house, the courier fetches at night and pays for in the morning. He keeps a quarter for his trouble, mind you.","Gitmeden önce tarlanın dip tarafına birkaç yatak ekmiştim, şimdiye olgunlaşmışlardır. Evin önündeki satış kutusuna ne bırakırsan kurye gece gelip alır, parasını sabah öder. Zahmeti için dörtte birini kendine ayırır, bilesin.","Bevor ich ging, habe ich hinten im Feld ein paar Beete bestellt; die sollten inzwischen reif sein. Was du in die Versandkiste vor dem Haus legst, holt der Kurier nachts ab und bezahlt es am Morgen. Ein Viertel behält er für seine Mühe, nur dass du es weißt.","Antes de irme sembré unas parcelas al fondo del campo; a estas alturas ya estarán maduras. Lo que dejes en el cajón de envíos delante de la casa, el mensajero lo recoge de noche y lo paga por la mañana. Eso sí, se queda con una cuarta parte por la molestia.","Avant de partir, j'ai semé quelques parcelles au fond du champ ; elles doivent être mûres à présent. Tout ce que tu laisses dans le bac d'expédition devant la maison, le coursier le prend la nuit et le paie au matin. Il en garde un quart pour sa peine, sache-le.","Prima di partire ho seminato qualche aiuola in fondo al campo; ormai dovrebbe essere matura. Quello che lasci nella cassa di spedizione davanti a casa, il corriere lo ritira di notte e lo paga al mattino. Si tiene un quarto per il disturbo, sappilo.","Antes de ir embora, plantei alguns canteiros no fundo do campo; a essa altura já devem estar maduros. O que você deixar na caixa de envios na frente da casa, o entregador busca à noite e paga de manhã. Ele fica com um quarto pelo trabalho, fique sabendo.","Перед отъездом я засеял несколько грядок в дальнем конце поля — они уже должны поспеть. Что оставишь в ящике для продажи перед домом, курьер заберёт ночью и заплатит утром. Четверть он берёт себе за труды, имей в виду.","Zanim wyjechałem, obsiałem kilka grządek na końcu pola; pewnie już dojrzały. Co zostawisz w skrzyni wysyłkowej przed domem, kurier zabierze w nocy i zapłaci rano. Ćwierć zatrzymuje dla siebie za fatygę, pamiętaj.",出ていく前に、畑の奥にいくつか種をまいておいた。もう実っているころだろう。家の前の出荷箱に入れておけば、夜のうちに運び屋が持っていき、朝に代金を払ってくれる。手間賃に四分の一は取っていくがな。,떠나기 전에 밭 안쪽 끝에 몇 두둑 심어 두었다. 지금쯤이면 다 익었을 게다. 집 앞 출하 상자에 넣어 두면 밤에 배달꾼이 가져가고 아침에 값을 쳐준다. 수고비로 사분의 일은 떼어 가니 알아 두거라.,走之前，我在田的最里头种了几块地，这会儿应该熟了。放进屋前出货箱里的东西，送货的夜里来取，早上付钱。他要抽四分之一当辛苦费，你心里有个数。,走之前，我在田的最裡頭種了幾塊地，這會兒應該熟了。放進屋前出貨箱裡的東西，送貨的夜裡來取，早上付錢。他要抽四分之一當辛苦費，你心裡有個數。
CHAPTER_NIGHT,The first night,İlk gece,Die erste Nacht,La primera noche,La première nuit,La prima notte,A primeira noite,Первая ночь,Pierwsza noc,最初の夜,첫날 밤,第一夜,第一夜
CHAPTER_NIGHT_NOTE,"You did well today, child. The old bed creaks, but sleep comes all the same. By morning your wheat will be golden.",Bugün iyi iş çıkardın evladım. Eski yatak biraz gıcırdar ama uyku yine de gelir. Sabaha buğdayın altın gibi olur.,"Das hast du heute gut gemacht, mein Kind. Das alte Bett knarrt, aber der Schlaf kommt trotzdem. Bis morgen früh ist dein Weizen golden.","Hoy lo has hecho bien, hijo. La cama vieja cruje, pero el sueño llega igual. Por la mañana tu trigo estará dorado.","Tu as bien travaillé aujourd'hui, mon enfant. Le vieux lit grince, mais le sommeil vient quand même. Au matin, ton blé sera doré.","Oggi hai lavorato bene, figliolo. Il vecchio letto scricchiola, ma il sonno arriva lo stesso. Domattina il tuo grano sarà dorato.","Você trabalhou bem hoje, meu filho. A cama velha range, mas o sono vem do mesmo jeito. De manhã seu trigo vai estar dourado.","Сегодня ты молодец, дитя моё. Старая кровать скрипит, но сон всё равно придёт. К утру твоя пшеница станет золотой.","Dobra robota dzisiaj, dziecko. Stare łóżko skrzypi, ale sen i tak przyjdzie. Do rana twoja pszenica zrobi się złota.",今日はよくやったな。古いベッドはきしむが、それでも眠りは来る。朝には小麦が金色に実っているだろう。,"오늘 정말 잘했다, 얘야. 낡은 침대가 삐걱거려도 잠은 오기 마련이다. 아침이면 네 밀이 황금빛으로 익어 있을 게다.",今天干得好，孩子。旧床吱吱作响，可觉照样睡得着。到了早上，你的小麦就金黄了。,今天幹得好，孩子。舊床吱吱作響，可覺照樣睡得著。到了早上，你的小麥就金黃了。
CHAPTER_MARKET,Market day,Pazar günü,Markttag,Día de mercado,Jour de marché,Giorno di mercato,Dia de feira,Базарный день,Dzień targowy,市の日,장날,赶集日,趕集日
CHAPTER_MARKET_NOTE,"Good morning, child! We're off to market today. Cut what's ripe in the field, take the morning's eggs too, load it all into the pickup and sell it at the Yeşilova market. Everything the farm gives sells: crops, eggs, wood, stone, berries, fish. The market pays on the spot; the bin by the house pays next morning. While you're in town, buy some seeds too.","Günaydın evladım! Bugün pazara gidiyoruz. Tarlada ne olgunlaştıysa biç, sabah yumurtalarını da al, hepsini pikaba yükle, Yeşilova pazarında sat. Çiftliğin verdiği her şey para eder: ekin, yumurta, odun, taş, yaban meyvesi, balık. Pazar parayı peşin öder, evin önündeki satış kutusu ertesi sabah. Kasabadayken birkaç tohum da al.","Guten Morgen, Kind! Heute geht es auf den Markt. Schneid, was auf dem Feld reif ist, nimm auch die Morgeneier mit, lad alles auf den Pickup und verkauf es auf dem Markt in Yeşilova. Alles, was der Hof hergibt, bringt Geld: Feldfrüchte, Eier, Holz, Steine, Beeren, Fisch. Der Markt zahlt sofort, die Kiste vor dem Haus am nächsten Morgen. Wenn du schon in der Stadt bist, kauf auch ein paar Samen.","¡Buenos días, hijo! Hoy vamos al mercado. Siega lo que esté maduro en el campo, coge también los huevos de la mañana, cárgalo todo en la camioneta y véndelo en el mercado de Yeşilova. Todo lo que da la granja se vende: cosechas, huevos, leña, piedra, bayas, pescado. El mercado paga al momento; el cajón de delante de casa, a la mañana siguiente. Ya que estás en el pueblo, compra también unas semillas.","Bonjour, mon petit ! Aujourd'hui, on va au marché. Fauche ce qui est mûr au champ, prends aussi les œufs du matin, charge le tout dans le pick-up et vends-le au marché de Yeşilova. Tout ce que donne la ferme se vend : récoltes, œufs, bois, pierre, baies, poisson. Le marché paie comptant ; le bac devant la maison, le lendemain matin. Tant que tu es en ville, achète aussi quelques graines.","Buongiorno, ragazzo! Oggi si va al mercato. Mieti quello che è maturo nel campo, prendi anche le uova del mattino, carica tutto sul pickup e vendilo al mercato di Yeşilova. Tutto quello che dà la fattoria si vende: raccolti, uova, legna, pietra, bacche, pesce. Il mercato paga subito; la cassa davanti a casa, il mattino dopo. Già che sei in paese, compra anche qualche seme.","Bom dia, meu filho! Hoje a gente vai à feira. Colha o que estiver maduro na roça, pegue também os ovos da manhã, carregue tudo na caminhonete e venda na feira de Yeşilova. Tudo o que a fazenda dá se vende: colheita, ovos, lenha, pedra, frutinhas, peixe. A feira paga na hora; a caixa na frente de casa, na manhã seguinte. Já que está na cidade, compre umas sementes também.","Доброе утро, дитя! Сегодня едем на рынок. Сожни всё, что поспело в поле, забери утренние яйца, погрузи всё в пикап и продай на рынке в Йешилове. Продаётся всё, что даёт ферма: урожай, яйца, дрова, камень, ягоды, рыба. Рынок платит сразу, ящик у дома — на следующее утро. Раз уж будешь в городке, купи и семян.","Dzień dobry, dziecko! Dziś jedziemy na targ. Zetnij, co dojrzało na polu, weź też poranne jajka, załaduj wszystko na pikapa i sprzedaj na targu w Yeşilovej. Sprzeda się wszystko, co daje gospodarstwo: plony, jajka, drewno, kamień, jagody, ryby. Targ płaci od ręki, skrzynia przed domem następnego ranka. Skoro będziesz w miasteczku, kup też trochę nasion.",おはよう！今日は市場へ行く日じゃ。畑で実ったものを刈り取って、朝の卵も集め、全部ピックアップに積んでイェシローヴァの市場で売っておいで。農場でとれるものは何でも売れる。作物、卵、木材、石、野いちご、魚じゃ。市場はその場で払ってくれるし、家の前の出荷箱は翌朝に払ってくれる。町にいるうちに種も買っておくといい。,"좋은 아침이다! 오늘은 장에 가는 날이다. 밭에 익은 것을 베어서, 아침 달걀도 챙겨 모두 픽업트럭에 싣고 예실로바 시장에서 팔아라. 농장에서 나는 건 뭐든 팔린단다. 작물, 달걀, 나무, 돌, 산딸기, 물고기 말이다. 시장은 그 자리에서 값을 쳐주고, 집 앞 출하 상자는 다음 날 아침에 준다. 시내에 간 김에 씨앗도 좀 사 오너라.",早上好，孩子！今天咱们去赶集。把地里熟了的割下来，再把早上的鸡蛋也捡上，一起装上皮卡，拉到耶希洛瓦的集市去卖。农场出的东西样样能卖：庄稼、鸡蛋、木头、石头、野果、鱼。集市当场付钱，屋前的出货箱第二天早上付钱。顺便在镇上买些种子。,早安，孩子！今天咱們去趕集。把地裡熟了的割下來，再把早上的雞蛋也撿上，一起裝上皮卡，拉到耶希洛瓦的市集去賣。農場出的東西樣樣能賣：莊稼、雞蛋、木頭、石頭、野果、魚。市集當場付錢，屋前的出貨箱第二天早上付錢。順便在鎮上買些種子。
QUEST_DOOR,Go to Grandpa's house and open the front door (E),"Dedenin evine git, ön kapıyı aç (E)",Geh zu Opas Haus und öffne die Haustür (E),Ve a la casa del abuelo y abre la puerta de entrada (E),Va à la maison de grand-père et ouvre la porte d'entrée (E),Vai alla casa del nonno e apri la porta d'ingresso (E),Vá até a casa do vovô e abra a porta da frente (E),Иди к дедушкиному дому и открой входную дверь (E),Idź do domu dziadka i otwórz drzwi wejściowe (E),祖父の家へ行き、玄関の戸を開ける（E）,할아버지 집에 가서 현관문 열기 (E),去爷爷家，打开前门（按 E）,去爺爺家，打開前門（按 E）
QUEST_TOOLS,Take Grandpa's tools and seeds from the table inside (E),İçerideki masadan dedenin aletlerini ve tohumlarını al (E),Nimm Opas Werkzeug und Saatgut vom Tisch im Haus (E),Coge las herramientas y semillas del abuelo de la mesa de dentro (E),Prends les outils et les semences de grand-père sur la table à l'intérieur (E),Prendi gli attrezzi e i semi del nonno dal tavolo in casa (E),Pegue as ferramentas e as sementes do vovô na mesa lá dentro (E),Возьми со стола в доме дедушкины инструменты и семена (E),Weź narzędzia i nasiona dziadka ze stołu w środku (E),家の中の机から祖父の道具と種を取る（E）,집 안 탁자에서 할아버지의 연장과 씨앗 챙기기 (E),从屋里的桌上拿走爷爷的工具和种子（按 E）,從屋裡的桌上拿走爺爺的工具和種子（按 E）
QUEST_DRAWER,Open the drawer of the desk in the house (E),Evdeki yazı masasının çekmecesini aç (E),Öffne die Schublade des Schreibtischs im Haus (E),Abre el cajón del escritorio de la casa (E),Ouvre le tiroir du bureau dans la maison (E),Apri il cassetto della scrivania in casa (E),Abra a gaveta da escrivaninha da casa (E),Открой ящик письменного стола в доме (E),Otwórz szufladę biurka w domu (E),家の書き物机の引き出しを開ける（E）,집 안 책상 서랍 열기 (E),打开屋里书桌的抽屉（按 E）,打開屋裡書桌的抽屜（按 E）
QUEST_KEY,Take the pickup's key from the drawer,Çekmeceden pikabın anahtarını al,Nimm den Schlüssel des Pick-ups aus der Schublade,Coge la llave de la camioneta del cajón,Prends la clé du pick-up dans le tiroir,Prendi la chiave del pick-up dal cassetto,Pegue a chave da picape na gaveta,Возьми из ящика ключ от пикапа,Weź z szuflady kluczyk do pikapa,引き出しからピックアップの鍵を取る,서랍에서 픽업트럭 열쇠 꺼내기,从抽屉里拿出皮卡钥匙,從抽屜裡拿出貨卡鑰匙
QUEST_BUY_CHICKENS,Drive to Yeşilova and buy 2 hens at the Animal Market,"Yeşilova'ya git, Hayvan Pazarı'ndan 2 tavuk al",Fahr nach Yeşilova und kauf 2 Hühner auf dem Tiermarkt,Conduce hasta Yeşilova y compra 2 gallinas en el mercado de animales,Roule jusqu'à Yeşilova et achète 2 poules au marché aux bestiaux,Guida fino a Yeşilova e compra 2 galline al mercato del bestiame,Dirija até Yeşilova e compre 2 galinhas na feira de animais,Съезди в Yeşilova и купи 2 кур на скотном рынке,Jedź do Yeşilova i kup 2 kury na targu zwierząt,Yeşilovaへ行き、家畜市場でニワトリを2羽買う,Yeşilova로 가서 가축 시장에서 닭 2마리 사기,开车去 Yeşilova，在牲畜市场买 2 只母鸡,開車去 Yeşilova，在牲畜市場買 2 隻母雞
QUEST_DRIVE_HOME,Drive the hens home to the farm,Tavukları pikapla çiftliğe getir,Bring die Hühner mit dem Pick-up heim auf den Hof,Lleva las gallinas a la granja en la camioneta,Ramène les poules à la ferme en pick-up,Porta le galline alla fattoria con il pick-up,Leve as galinhas de picape para a fazenda,"Отвези кур на пикапе домой, на ферму",Przywieź kury pikapem do gospodarstwa,ニワトリをピックアップで農場へ連れて帰る,픽업트럭으로 닭을 농장에 데려오기,开皮卡把母鸡带回农场,開貨卡把母雞帶回農場
QUEST_CRATES_IN,Carry the hen crates into the warehouse and set them down in the crate corner (E),"Tavuk kafeslerini depoya taşı, kafes köşesine bırak (E)",Trag die Hühnerkisten in die Lagerhalle und stell sie in der Kistenecke ab (E),Lleva las jaulas de gallinas al almacén y déjalas en el rincón de las jaulas (E),Porte les caisses de poules dans l'entrepôt et pose-les dans le coin des caisses (E),Porta le cassette delle galline nel magazzino e posale nell'angolo delle cassette (E),Leve as caixas das galinhas para o armazém e deixe-as no canto das caixas (E),Отнеси ящики с курами на склад и поставь их в углу для ящиков (E),Zanieś skrzynki z kurami do magazynu i odstaw je w kącie na skrzynki (E),ニワトリの箱を倉庫へ運び、箱置き場に置く（E）,닭 상자를 창고로 옮겨 상자 자리에 내려놓기 (E),把鸡笼搬进仓库，放到笼子角（按 E）,把雞籠搬進倉庫，放到籠子角（按 E）
QUEST_COOP_WOOD,Fell trees with the axe: the coop needs wood,Baltayla ağaç kes: kümes için odun lazım,Fäll Bäume mit der Axt: Der Hühnerstall braucht Holz,Tala árboles con el hacha: el gallinero necesita madera,Abats des arbres à la hache : le poulailler demande du bois,Abbatti alberi con l'ascia: al pollaio serve legno,Derrube árvores com o machado: o galinheiro precisa de madeira,Сруби деревья топором: для курятника нужна древесина,Zetnij drzewa siekierą: na kurnik potrzeba drewna,オノで木を切る：鶏小屋には木材がいる,도끼로 나무 베기: 닭장에 목재가 필요해,用斧头砍树：盖鸡舍需要木材,用斧頭砍樹：蓋雞舍需要木材
QUEST_COOP_KIT,Make a coop kit (construction board),Bir kümes kiti hazırla (inşaat panosu),Stell einen Hühnerstall-Bausatz her (Bauprojekte),Prepara un kit de gallinero (construcción),Prépare un kit de poulailler (construction),Prepara un kit pollaio (costruzioni),Prepare um kit de galinheiro (construção),Собери комплект курятника (строительство),Przygotuj zestaw kurnika (budowa),鶏小屋キットを用意する（建設）,닭장 키트 만들기 (건설),准备一套鸡舍套件（建造）,準備一套雞舍套件（建造）
QUEST_COOP_PLACE,"Hold the coop kit and set it down on open ground (green fits, red doesn't)","Kümes kitini eline al, boş bir yere kur (yeşil uygun, kırmızı olmaz)","Nimm den Bausatz in die Hand und stell ihn auf freiem Boden auf (grün passt, rot nicht)","Coge el kit y móntalo en terreno despejado (verde cabe, rojo no)","Prends le kit en main et monte-le sur un terrain dégagé (vert, ça passe ; rouge, non)","Prendi in mano il kit e montalo su un terreno libero (verde va bene, rosso no)","Pegue o kit na mão e monte-o num terreno livre (verde cabe, vermelho não)","Возьми комплект в руки и поставь его на свободном месте (зелёный — можно, красный — нельзя)","Weź zestaw do ręki i postaw go na wolnym terenie (zielony pasuje, czerwony nie)",キットを手に持ち、空いた場所に建てる（緑は可、赤は不可）,"닭장 키트를 손에 들고 빈 땅에 세우기 (초록은 가능, 빨강은 불가)",手拿鸡舍套件，在空地上搭起来（绿色可以，红色不行）,手拿雞舍套件，在空地上搭起來（綠色可以，紅色不行）
QUEST_COOP_BUILT,Wait for the coop to go up,Kümesin bitmesini bekle,"Warte, bis der Hühnerstall steht",Espera a que se levante el gallinero,Attends que le poulailler soit monté,Aspetta che il pollaio sia costruito,Espere o galinheiro ficar pronto,"Подожди, пока курятник достроят","Poczekaj, aż kurnik stanie",鶏小屋ができあがるのを待つ,닭장이 다 지어질 때까지 기다리기,等鸡舍盖好,等雞舍蓋好
QUEST_HENS_IN,Fetch the hens from the warehouse and let them into the coop (E at the door),"Tavukları depodan al, kümesin kapısından içeri bırak (E)",Hol die Hühner aus der Lagerhalle und lass sie in den Stall (E an der Tür),Trae las gallinas del almacén y suéltalas en el gallinero (E en la puerta),Va chercher les poules à l'entrepôt et lâche-les dans le poulailler (E à la porte),Prendi le galline dal magazzino e liberale nel pollaio (E alla porta),Traga as galinhas do armazém e solte-as no galinheiro (E na porta),Забери кур со склада и выпусти их в курятник (E у двери),Przynieś kury z magazynu i wpuść je do kurnika (E przy drzwiach),倉庫からニワトリを連れ出し、鶏小屋に放す（戸口でE）,창고에서 닭을 데려와 닭장에 풀어 주기 (문 앞에서 E),从仓库把母鸡带出来，放进鸡舍（在门口按 E）,從倉庫把母雞帶出來，放進雞舍（在門口按 E）
QUEST_SHIP,Put the harvest in the shipping bin in front of the house,Hasadı evin önündeki satış kutusuna koy,Leg die Ernte in die Versandkiste vor dem Haus,Deja la cosecha en el cajón de envíos delante de la casa,Mets la récolte dans le bac d'expédition devant la maison,Metti il raccolto nella cassa di spedizione davanti a casa,Ponha a colheita na caixa de envios na frente da casa,Положи урожай в ящик для продажи перед домом,Włóż plony do skrzyni wysyłkowej przed domem,収穫物を家の前の出荷箱に入れる,수확물을 집 앞 출하 상자에 넣기,把收成放进屋前的出货箱,把收成放進屋前的出貨箱
QUEST_EGG,Find the first egg around the coop,Kümesin çevresinde ilk yumurtayı bul,Such das erste Ei rund um den Hühnerstall,Encuentra el primer huevo alrededor del gallinero,Trouve le premier œuf autour du poulailler,Trova il primo uovo intorno al pollaio,Encontre o primeiro ovo em volta do galinheiro,Найди первое яйцо возле курятника,Znajdź pierwsze jajko wokół kurnika,鶏小屋のまわりで最初の卵を見つける,닭장 주변에서 첫 달걀 찾기,在鸡舍周围找到第一个鸡蛋,在雞舍周圍找到第一顆雞蛋
QUEST_SHIP_EGG,Put the egg in the shipping bin too,Yumurtayı da satış kutusuna koy,Leg das Ei auch in die Versandkiste,Deja también el huevo en el cajón de envíos,Mets aussi l'œuf dans le bac d'expédition,Metti anche l'uovo nella cassa di spedizione,Ponha o ovo também na caixa de envios,Положи и яйцо в ящик для продажи,Włóż też jajko do skrzyni wysyłkowej,卵も出荷箱に入れる,달걀도 출하 상자에 넣기,把鸡蛋也放进出货箱,把雞蛋也放進出貨箱
QUEST_REAP,Harvest the wheat you sowed yesterday,Dün ektiğin buğdayı hasat et,"Ernte den Weizen, den du gestern gesät hast",Cosecha el trigo que sembraste ayer,Récolte le blé semé hier,Raccogli il grano che hai seminato ieri,Colha o trigo que você plantou ontem,"Собери пшеницу, посеянную вчера",Zbierz pszenicę posianą wczoraj,昨日まいた小麦を収穫する,어제 심은 밀 수확하기,收割昨天种下的小麦,收割昨天種下的小麥
MSG_EVENING,The sun is going down… Bedtime's not far off.,Güneş batıyor… Yatma vakti yaklaşıyor.,Die Sonne geht unter… Bald ist Schlafenszeit.,El sol se está poniendo… Pronto será hora de dormir.,Le soleil se couche… Bientôt l'heure d'aller au lit.,Il sole sta tramontando… Presto sarà ora di andare a letto.,O sol está se pondo… Logo será hora de dormir.,Солнце садится… Скоро пора спать.,Słońce zachodzi… Niedługo pora spać.,日が沈んでいく…そろそろ寝る時間だ。,해가 지고 있어요… 이제 잘 시간이 다가와요.,太阳快下山了……该准备睡觉了。,太陽快下山了……該準備睡覺了。
KEY_TAB,Tab,Tab,Tab,Tab,Tab,Tab,Tab,Tab,Tab,Tab,Tab,Tab,Tab
HUD_DISTANCE_M,%d m,%d m,%d m,%d m,%d m,%d m,%d m,%d m,%d m,%d m,%d m,%d m,%d m
HUD_ACHIEVEMENT,Achievement,Başarım,Erfolg,Logro,Succès,Traguardo,Conquista,Достижение,Osiągnięcie,実績,업적,成就,成就
HUD_SALE,Sales,Satış,Verkauf,Ventas,Ventes,Vendite,Vendas,Продажа,Sprzedaż,売上,판매,售出,售出
MSG_BAG_OPEN,"Your bag is ready! 1–8 to pick, Tab to look inside","Çantan hazır! 1–8 ile seç, Tab ile içine bak","Deine Tasche ist bereit! 1–8 zum Wählen, Tab zum Hineinschauen","¡Tu bolsa está lista! 1–8 para elegir, Tab para mirar dentro","Ton sac est prêt ! 1–8 pour choisir, Tab pour regarder dedans","La tua borsa è pronta! 1–8 per scegliere, Tab per guardarci dentro","Sua bolsa está pronta! 1–8 para escolher, Tab para olhar dentro","Сумка готова! 1–8 — выбрать, Tab — заглянуть внутрь","Twoja torba jest gotowa! 1–8 – wybór, Tab – zajrzyj do środka",カバンの準備ができた！ 1〜8で選び、Tabで中身を見よう,"가방 준비 완료! 1~8로 고르고, Tab으로 안을 봐요",背包准备好了！按 1–8 选择，按 Tab 查看,背包準備好了！按 1–8 選擇，按 Tab 查看
REPORT_SHIPPED,Shipping bin: +%s,Satış kutusu: +%s,Versandkiste: +%s,Cajón de envíos: +%s,Bac d'expédition : +%s,Cassa di spedizione: +%s,Caixa de envios: +%s,Ящик для продажи: +%s,Skrzynia wysyłkowa: +%s,出荷箱：+%s,출하 상자: +%s,出货箱：+%s,出貨箱：+%s
ACH_FIRST_HARVEST,First Harvest,İlk Hasat,Erste Ernte,Primera cosecha,Première récolte,Primo raccolto,Primeira colheita,Первый урожай,Pierwsze zbiory,初めての収穫,첫 수확,首次收获,首次收穫
ACH_FIRST_HARVEST_DESC,You brought in your first crop.,İlk ürününü kaldırdın. Emeğine sağlık!,Du hast deine erste Ernte eingebracht.,Has recogido tu primera cosecha.,Tu as rentré ta première récolte.,Hai portato a casa il tuo primo raccolto.,Você fez sua primeira colheita.,Ты собрал свой первый урожай.,Zebrałeś swoje pierwsze plony.,初めての作物を収穫した。,처음으로 작물을 수확했어요.,你收获了第一批作物。,你收穫了第一批作物。
ACH_FIRST_BUILDING,First Building,İlk Yapı,Erstes Gebäude,Primer edificio,Premier bâtiment,Primo edificio,Primeira construção,Первая постройка,Pierwszy budynek,初めての建物,첫 건물,第一座建筑,第一座建築
ACH_FIRST_BUILDING_DESC,Your first building stands on the farm.,Çiftliğe ilk yapını diktin.,Dein erstes Gebäude steht auf dem Hof.,Tu primer edificio ya se alza en la granja.,Ton premier bâtiment se dresse sur la ferme.,Il tuo primo edificio è in piedi nella fattoria.,Sua primeira construção está de pé na fazenda.,На ферме выросла твоя первая постройка.,Twój pierwszy budynek stoi na farmie.,農場に初めての建物が建った。,농장에 첫 건물을 세웠어요.,你的第一座建筑在农场落成了。,你的第一座建築在農場落成了。
ACH_FIRST_CHICKENS,First Hens,İlk Tavuklar,Erste Hühner,Primeras gallinas,Premières poules,Prime galline,Primeiras galinhas,Первые куры,Pierwsze kury,初めてのニワトリ,첫 닭,第一批母鸡,第一批母雞
ACH_FIRST_CHICKENS_DESC,Your first hens settled into their coop.,İlk tavukların yeni kümeslerine yerleşti.,Deine ersten Hühner sind in ihren Stall eingezogen.,Tus primeras gallinas se instalaron en su gallinero.,Tes premières poules se sont installées dans leur poulailler.,Le tue prime galline si sono sistemate nel pollaio.,Suas primeiras galinhas se acomodaram no galinheiro.,Твои первые куры поселились в курятнике.,Twoje pierwsze kury zamieszkały w kurniku.,初めてのニワトリが鶏小屋に落ち着いた。,첫 닭들이 닭장에 자리를 잡았어요.,你的第一批母鸡住进了鸡舍。,你的第一批母雞住進了雞舍。
ACH_FIRST_EGG,First Egg,İlk Yumurta,Erstes Ei,Primer huevo,Premier œuf,Primo uovo,Primeiro ovo,Первое яйцо,Pierwsze jajko,初めての卵,첫 달걀,第一枚鸡蛋,第一顆雞蛋
ACH_FIRST_EGG_DESC,"You found your first egg, still warm.","İlk yumurtanı buldun, hem de sıcacık!","Du hast dein erstes Ei gefunden, noch warm.","Encontraste tu primer huevo, todavía caliente.","Tu as trouvé ton premier œuf, encore tiède.","Hai trovato il tuo primo uovo, ancora caldo.","Você encontrou seu primeiro ovo, ainda quentinho.","Ты нашёл своё первое яйцо, ещё тёплое.","Znalazłeś swoje pierwsze jajko, jeszcze ciepłe.",初めての卵を見つけた。まだ温かい。,첫 달걀을 찾았어요. 아직 따뜻해요.,你找到了第一枚鸡蛋，还是温的。,你找到了第一顆雞蛋，還是溫的。
ACH_FIRST_SALE,First Earnings,İlk Kazanç,Erster Verdienst,Primeras ganancias,Premiers gains,Primi guadagni,Primeiros ganhos,Первый заработок,Pierwszy zarobek,初めての稼ぎ,첫 수입,第一笔收入,第一筆收入
ACH_FIRST_SALE_DESC,The shipping bin paid out for the first time.,Satış kutusu ilk parasını getirdi.,Die Versandkiste hat zum ersten Mal ausgezahlt.,El cajón de envíos te pagó por primera vez.,Le bac d'expédition t'a payé pour la première fois.,La cassa di spedizione ti ha pagato per la prima volta.,A caixa de envios pagou pela primeira vez.,Ящик для продажи впервые принёс деньги.,Skrzynia wysyłkowa po raz pierwszy przyniosła zysk.,出荷箱から初めてお金が入った。,출하 상자로 처음 돈을 벌었어요.,出货箱第一次为你带来了收入。,出貨箱第一次為你帶來了收入。
ACH_FIRST_NIGHT,First Night,İlk Gece,Erste Nacht,Primera noche,Première nuit,Prima notte,Primeira noite,Первая ночь,Pierwsza noc,初めての夜,첫날 밤,第一夜,第一夜
ACH_FIRST_NIGHT_DESC,You spent your first night on the farm.,Çiftlikte ilk geceni geçirdin; artık burası senin evin.,Du hast deine erste Nacht auf dem Hof verbracht.,Pasaste tu primera noche en la granja.,Tu as passé ta première nuit à la ferme.,Hai trascorso la tua prima notte in fattoria.,Você passou sua primeira noite na fazenda.,Ты провёл первую ночь на ферме.,Spędziłeś pierwszą noc na farmie.,農場で初めての夜を過ごした。,농장에서 첫날 밤을 보냈어요.,你在农场度过了第一个夜晚。,你在農場度過了第一個夜晚。
MSG_CANT_DROP_CRATE,A crated hen can't be dropped: take her to a coop or the warehouse,Kafesli tavuk yere bırakılmaz: onu kümese ya da depoya götür,Ein Huhn in der Kiste kann man nicht abstellen: bring es zum Hühnerstall oder ins Lager,No puedes soltar una gallina enjaulada: llévala al gallinero o al almacén,Impossible de poser une poule en caisse : emmène-la au poulailler ou à l'entrepôt,Non puoi lasciare una gallina in gabbia: portala al pollaio o al magazzino,Não dá para largar uma galinha engradada: leve-a ao galinheiro ou ao armazém,Курицу в ящике нельзя бросить: отнеси её в курятник или на склад,Nie można upuścić kury w skrzynce: zanieś ją do kurnika lub magazynu,箱入りのニワトリは置けません。鶏小屋か倉庫へ運びましょう,상자에 든 닭은 내려놓을 수 없어요. 닭장이나 창고로 옮기세요,装箱的母鸡不能放下：把它送到鸡舍或仓库,裝箱的母雞不能放下：把牠送到雞舍或倉庫
ACTION_BED_NEST,PUT STRAW,SAMAN SER,STROH EINSTREUEN,ECHAR PAJA,METTRE DE LA PAILLE,METTI LA PAGLIA,COLOCAR PALHA,ПОСТЕЛИТЬ СОЛОМУ,WYŚCIEL SŁOMĄ,わらを敷く,짚 깔기,铺稻草,鋪稻草
PROGRESS_BEDDING,Bedding the nest...,Saman seriliyor...,Stroh wird eingestreut...,Echando paja...,Paillage...,Stendo la paglia...,Forrando o ninho...,Стелю солому...,Ścielenie słomy...,わらを敷いています...,짚 까는 중...,铺稻草中……,鋪稻草中……
HINT_NEST_EMPTY,Empty nest box: bed it with straw,Boş folluk: samanla ser,Leeres Legenest: mit Stroh einstreuen,Nidal vacío: échale paja,Pondoir vide : mets-y de la paille,Nido vuoto: mettici la paglia,Ninho vazio: forre com palha,Пустое гнездо: постели солому,Puste gniazdo: wyściel je słomą,空の産卵箱：わらを敷こう,빈 산란상: 짚을 깔아 주세요,空产蛋箱：铺上稻草吧,空產蛋箱：鋪上稻草吧
HINT_NEST_BEDDED,Nest box bedded with straw,Folluğa saman serili,Legenest mit Stroh eingestreut,Nidal con paja,Pondoir garni de paille,Nido con la paglia,Ninho forrado com palha,Гнездо устлано соломой,Gniazdo wyścielone słomą,わらを敷いた産卵箱,짚을 깐 산란상,已铺好稻草的产蛋箱,已鋪好稻草的產蛋箱
MSG_NESTS_BEDDED,The nest boxes are ready: the hens will lay their eggs in them now.,Folluklar hazır: tavuklar artık yumurtalarını buraya bırakacak.,Die Legenester sind fertig: Die Hennen legen ihre Eier jetzt dort hinein.,Los nidales están listos: ahora las gallinas pondrán ahí sus huevos.,Les pondoirs sont prêts : les poules y pondront désormais leurs œufs.,I nidi sono pronti: ora le galline deporranno lì le uova.,Os ninhos estão prontos: agora as galinhas vão botar os ovos neles.,Гнёзда готовы: теперь куры будут нестись в них.,Gniazda gotowe: teraz kury będą w nich znosić jajka.,産卵箱の準備ができました。これからめんどりはここに卵を産みます。,산란상이 준비됐어요. 이제 암탉들이 여기에 알을 낳을 거예요.,产蛋箱准备好了：母鸡以后会在这里下蛋。,產蛋箱準備好了：母雞以後會在這裡下蛋。
CHAPTER_COOP_CARE,The coop's care,Kümes bakımı,Die Hühnerpflege,El cuidado del gallinero,Le soin du poulailler,La cura del pollaio,O cuidado do galinheiro,Уход за курятником,Opieka nad kurnikiem,鶏小屋の世話,닭장 돌보기,照料鸡舍,照料雞舍
CHAPTER_COOP_CARE_NOTE,"The hens have settled in, but pecking about the yard won't fill them. There's a sack of feed in the warehouse: fill their feeder, then bring them fresh water from the well. And spread hay in the nest boxes; a hen lays where she feels at home.","Tavuklar yerleşti ama avluda eşinmekle karınları doymaz. Depoda bir çuval yem var: yemliklerini doldur, sonra kuyudan taze su getir. Folluklara da saman ser; tavuk rahat ettiği yere yumurtlar.","Die Hühner haben sich eingewöhnt, aber vom Scharren im Hof wird keins satt. Im Lager steht ein Sack Futter: Füll ihren Futtertrog und bring ihnen frisches Wasser vom Brunnen. Und streu Heu in die Legenester; ein Huhn legt dort, wo es sich zu Hause fühlt.","Las gallinas ya se han instalado, pero con lo que picotean en el patio no les basta. En el almacén hay un saco de pienso: llénales el comedero y tráeles agua fresca del pozo. Y echa heno en los nidales; una gallina pone donde se siente en casa.","Les poules sont installées, mais ce qu'elles picorent dans la cour ne suffit pas. Il y a un sac de grain dans l'entrepôt : remplis leur mangeoire, puis apporte-leur de l'eau fraîche du puits. Et mets du foin dans les pondoirs ; une poule pond là où elle se sent chez elle.","Le galline si sono ambientate, ma quel che beccano nell'aia non basta. Nel magazzino c'è un sacco di mangime: riempi la mangiatoia e porta loro acqua fresca dal pozzo. E stendi il fieno nei nidi; una gallina depone dove si sente a casa.","As galinhas já se acostumaram, mas o que ciscam no terreiro não basta. Tem um saco de ração no armazém: encha o comedouro e traga água fresca do poço. E forre os ninhos com feno; a galinha bota onde se sente em casa.","Куры обжились, но одним двором сыт не будешь. На складе стоит мешок корма: насыпь им в кормушку и принеси свежей воды из колодца. И постели сена в гнёзда: курица несётся там, где ей уютно.","Kury się zadomowiły, ale samym grzebaniem na podwórku się nie najedzą. W magazynie stoi worek paszy: napełnij im karmnik i przynieś świeżej wody ze studni. I wyściel gniazda sianem; kura niesie się tam, gdzie czuje się jak w domu.",鶏たちも落ち着いたが、庭をついばむだけでは腹はふくれん。倉庫に餌の袋がある。餌箱を満たして、井戸から新しい水を運んでやりなさい。巣箱には干し草を敷いてやること。鶏は安心できる場所で卵を産むものだ。,닭들이 자리를 잡았지만 마당에서 쪼아 먹는 것만으로는 배가 안 찬단다. 창고에 사료 한 포대가 있다. 모이통을 채우고 우물에서 깨끗한 물을 떠다 주거라. 둥지 상자에는 건초를 깔아 주고. 닭은 편한 곳에 알을 낳는 법이다.,鸡已经安顿下来了，可光靠在院子里啄食是吃不饱的。仓库里有一袋饲料：把食槽装满，再从井里打些清水来。产蛋箱里也铺上干草吧，母鸡只在安心的地方下蛋。,雞已經安頓下來了，可光靠在院子裡啄食是吃不飽的。倉庫裡有一袋飼料：把食槽裝滿，再從井裡打些清水來。產蛋箱裡也鋪上乾草吧，母雞只在安心的地方下蛋。
CHAPTER_REPAIR,Tidying up the farm,Çiftliği toparla,Den Hof herrichten,Poner la granja en orden,Remettre la ferme d'aplomb,Rimettere in sesto la fattoria,Arrumando a fazenda,Наводим порядок,Porządki na farmie,農場の手入れ,농장 정돈,收拾农场,收拾農場
CHAPTER_REPAIR_NOTE,"The boards of this house grew old along with me. Fell a tree, take its wood and nail fresh planks where the old ones have rotted. A house is like a person: give it a little care and it comes round.","Bu evin tahtaları benimle birlikte yaşlandı. Bir ağaç kes, odununu al; çürüyen tahtaların yerine yenisini çak. Ev de insan gibidir evladım, biraz ilgi görünce toparlanır.","Die Bretter dieses Hauses sind mit mir alt geworden. Fäll einen Baum, nimm sein Holz und nagel frische Bretter dorthin, wo die alten morsch sind. Ein Haus ist wie ein Mensch: Ein wenig Fürsorge, und es kommt wieder zu Kräften.","Las tablas de esta casa envejecieron conmigo. Tala un árbol, toma su madera y clava tablas nuevas donde las viejas se han podrido. Una casa es como una persona: con un poco de cariño, se recupera.","Les planches de cette maison ont vieilli avec moi. Abats un arbre, prends son bois et cloue des planches neuves là où les vieilles ont pourri. Une maison, c'est comme une personne : un peu d'attention, et elle se remet.","Le assi di questa casa sono invecchiate insieme a me. Abbatti un albero, prendi il suo legno e inchioda assi nuove dove le vecchie sono marcite. Una casa è come una persona: con un po' di cura, si riprende.","As tábuas desta casa envelheceram junto comigo. Derrube uma árvore, pegue a madeira e pregue tábuas novas onde as velhas apodreceram. Casa é como gente: com um pouco de cuidado, se recupera.","Доски этого дома состарились вместе со мной. Сруби дерево, возьми древесину и прибей свежие доски там, где старые сгнили. Дом как человек: немного заботы — и он оживает.","Deski tego domu zestarzały się razem ze mną. Zetnij drzewo, weź drewno i przybij świeże deski tam, gdzie stare zbutwiały. Dom jest jak człowiek: trochę troski i dochodzi do siebie.",この家の板は、わしと一緒に年を取った。木を一本切って、その木材で腐った古い板を新しいものに打ち替えてくれ。家も人と同じで、少し手をかけてやれば元気になる。,"이 집의 판자들은 나와 함께 늙어 버렸단다. 나무를 한 그루 베어 그 목재로 썩은 판자 자리에 새 판자를 박아 주거라. 집도 사람과 같아서, 조금만 보살펴 주면 기운을 되찾는단다.",这房子的木板跟我一起变老了。去砍一棵树，用它的木头把烂掉的旧板换成新的。房子跟人一样，稍加照料就会重新振作。,這房子的木板跟我一起變老了。去砍一棵樹，用它的木頭把爛掉的舊板換成新的。房子跟人一樣，稍加照料就會重新振作。
CHAPTER_FREE,On your own,Kendi başına,Auf eigenen Füßen,Por tu cuenta,À ta façon,Per conto tuo,Por sua conta,Сам себе хозяин,Na swoim,自分の足で,스스로의 힘으로,自己做主,自己作主
CHAPTER_FREE_NOTE,"Well done, child! The hens have settled in, the house is mended and you know the land now. The farm is yours till morning. Tomorrow we go to market and sow a few more beds.","Aferin evladım! Tavuklar yerleşti, ev toparlandı, araziyi de tanıdın. Sabaha kadar çiftlik senin. Yarın pazara gider, birkaç yatak daha ekeriz.","Gut gemacht, Kind! Die Hühner haben sich eingelebt, das Haus ist geflickt, und du kennst jetzt das Land. Bis morgen früh gehört der Hof dir. Morgen fahren wir zum Markt und legen ein paar Beete mehr an.","¡Bien hecho, hijo! Las gallinas ya se han instalado, la casa está arreglada y ya conoces la tierra. Hasta mañana la granja es tuya. Mañana vamos al mercado y sembramos unas cuantas parcelas más.","Bien joué, mon petit ! Les poules sont installées, la maison est réparée et tu connais la terre maintenant. Jusqu'au matin, la ferme est à toi. Demain, on va au marché et on sème quelques parcelles de plus.","Ben fatto, ragazzo! Le galline si sono sistemate, la casa è rimessa in sesto e ora conosci la terra. Fino a domattina la fattoria è tua. Domani andiamo al mercato e seminiamo qualche aiuola in più.","Muito bem, meu filho! As galinhas se ajeitaram, a casa está consertada e agora você conhece a terra. Até de manhã a fazenda é sua. Amanhã a gente vai à feira e planta mais alguns canteiros.","Молодец, дитя! Куры обжились, дом подлатан, и землю ты теперь знаешь. До утра ферма твоя. Завтра поедем на рынок и засеем ещё пару грядок.","Dobra robota, dziecko! Kury się zadomowiły, dom połatany, a ziemię już znasz. Do rana gospodarstwo jest twoje. Jutro pojedziemy na targ i obsiejemy jeszcze kilka grządek.",ようやったな！ニワトリたちも落ち着いて、家も直り、土地のこともわかってきた。朝までは好きに過ごしなさい。明日は市場へ行って、畑をもう少し広げよう。,"잘했구나! 닭들도 자리를 잡았고, 집도 고쳤고, 이제 땅도 좀 알겠지. 아침까지는 네 시간이다. 내일은 시장에 가고 밭을 몇 칸 더 일구자꾸나.",干得好，孩子！母鸡们安顿好了，房子也修好了，这片地你也熟悉了。到明早之前随你安排。明天我们去赶集，再多种几块地。,做得好，孩子！母雞們安頓好了，房子也修好了，這片地你也熟悉了。到明早之前隨你安排。明天我們去趕集，再多種幾塊地。
CHAPTER_STONE,Stonework,Taş işi,Steinarbeit,Trabajo en piedra,Le travail de la pierre,Lavoro di pietra,Trabalho em pedra,Работа с камнем,Praca z kamieniem,石仕事,돌 다루기,石匠活,石匠活
CHAPTER_STONE_NOTE,"Good morning, child! Your wheat has ripened, but there's no bread without flour. Take the pickaxe, break some rocks and make yourself a millstone. Mine turned for forty years; yours will too.","Günaydın evladım! Buğdayın olgunlaşmış ama un olmadan ekmek olmaz. Kazmanı al, birkaç kaya kır, kendine bir değirmen taşı yap. Benimki kırk yıl döndü, seninki de döner.","Guten Morgen, mein Kind! Dein Weizen ist reif, aber ohne Mehl gibt es kein Brot. Nimm die Spitzhacke, brich ein paar Felsen und bau dir einen Mühlstein. Meiner hat sich vierzig Jahre gedreht; deiner wird es auch.","¡Buenos días, hijo! Tu trigo ya está maduro, pero sin harina no hay pan. Coge el pico, rompe unas rocas y hazte un molino de piedra. El mío giró cuarenta años; el tuyo también lo hará.","Bonjour, mon enfant ! Ton blé est mûr, mais sans farine, pas de pain. Prends la pioche, casse quelques rochers et fabrique-toi une meule à grain. La mienne a tourné quarante ans ; la tienne tournera aussi.","Buongiorno, figliolo! Il tuo grano è maturo, ma senza farina non c'è pane. Prendi il piccone, spacca qualche roccia e fatti una macina. La mia ha girato per quarant'anni; anche la tua lo farà.","Bom dia, meu filho! Seu trigo amadureceu, mas sem farinha não tem pão. Pegue a picareta, quebre umas pedras e faça um moinho de pedra. O meu girou por quarenta anos; o seu também vai girar.","Доброе утро, дитя моё! Пшеница поспела, но без муки хлеба не испечёшь. Бери кирку, разбей пару валунов и сделай себе жернова. Мои крутились сорок лет — и твои будут.","Dzień dobry, dziecko! Twoja pszenica dojrzała, ale bez mąki nie ma chleba. Weź kilof, rozbij kilka skał i zrób sobie żarna. Moje kręciły się czterdzieści lat; twoje też będą.",おはよう！小麦が実ったな。だが粉がなければパンは焼けん。つるはしを持って岩を割り、石臼をこしらえなさい。わしの石臼は四十年回り続けた。おまえのもきっとそうなる。,"좋은 아침이구나, 얘야! 밀이 다 익었지만 가루가 없으면 빵도 없단다. 곡괭이를 들고 바위를 좀 깨서 맷돌을 하나 만들거라. 내 맷돌은 사십 년을 돌았지. 네 것도 그럴 게다.",早上好，孩子！你的小麦熟了，可没有面粉就做不成面包。拿上镐子，敲碎几块石头，给自己做一台石磨。我那台转了四十年，你的也会的。,早安，孩子！你的小麥熟了，可沒有麵粉就做不成麵包。拿上十字鎬，敲碎幾塊石頭，給自己做一台石磨。我那台轉了四十年，你的也會的。
QUEST_FEED,Take the chicken feed from the warehouse and fill the coop's feeder,"Depodan tavuk yemini al, kümesteki yemliği doldur",Hol das Hühnerfutter aus dem Lager und füll den Futtertrog im Hühnerstall,Coge el alimento para gallinas del almacén y llena el comedero del gallinero,Prends la nourriture pour poules dans l'entrepôt et remplis la mangeoire du poulailler,Prendi il mangime per galline dal magazzino e riempi la mangiatoia del pollaio,Pegue a ração para galinhas no armazém e encha o comedouro do galinheiro,Возьми корм для кур на складе и насыпь его в кормушку курятника,Weź paszę dla kur z magazynu i napełnij karmnik w kurniku,倉庫からニワトリのエサを取り、鶏小屋の餌箱を満たす,창고에서 닭 사료를 가져와 닭장 모이통 채우기,从仓库拿鸡饲料，把鸡舍的食槽装满,從倉庫拿雞飼料，把雞舍的食槽裝滿
QUEST_COOP_WATER,Fill the watering can at the well and fill the coop's water trough,"Sulama kabını kuyudan doldur, kümesteki suluğu doldur",Füll die Gießkanne am Brunnen und dann den Wassertrog im Hühnerstall,Llena la regadera en el pozo y luego el bebedero del gallinero,"Remplis l'arrosoir au puits, puis l'abreuvoir du poulailler",Riempi l'annaffiatoio al pozzo e poi l'abbeveratoio del pollaio,Encha o regador no poço e depois o bebedouro do galinheiro,Набери воды в лейку у колодца и наполни поилку в курятнике,"Napełnij konewkę przy studni, a potem poidło w kurniku",井戸でジョウロに水をくみ、鶏小屋の水飲み桶を満たす,우물에서 물뿌리개를 채워 닭장 물통 채우기,在水井给洒水壶打满水，再把鸡舍的水槽灌满,在水井把澆水壺裝滿水，再把雞舍的水槽灌滿
QUEST_STRAW,Cut grass with the scythe for hay and lay it in the coop's nest boxes,"Tırpanla ot biçip saman topla, kümesteki folluklara ser",Mäh mit der Sense Gras für Heu und leg es in die Legenester im Hühnerstall,Siega hierba con la guadaña para hacer heno y ponlo en los nidales del gallinero,Fauche de l'herbe pour faire du foin et mets-le dans les pondoirs du poulailler,Falcia l'erba per fare fieno e mettilo nei nidi del pollaio,Corte capim com a foice para fazer feno e forre os ninhos do galinheiro,Накоси травы на сено и постели его в гнёзда курятника,Skoś kosą trawę na siano i wyściel nim gniazda w kurniku,大鎌で草を刈って干し草を集め、鶏小屋の巣箱に敷く,낫으로 풀을 베어 건초를 모아 닭장 둥지 상자에 깔기,用镰刀割草做成干草，铺进鸡舍的产蛋箱,用鐮刀割草做成乾草，鋪進雞舍的產蛋箱
QUEST_PATCH,Mend the house's broken boards: hit them with wood in hand,Evin kırık tahtalarını yenile: elinde odunla üstlerine vur,Bessere die kaputten Bretter am Haus aus: Schlag mit Holz in der Hand darauf,Arregla las tablas rotas de la casa: golpéalas con madera en la mano,Répare les planches cassées de la maison : frappe-les avec du bois en main,Ripara le assi rotte della casa: colpiscile con del legno in mano,Conserte as tábuas quebradas da casa: bata nelas com madeira na mão,"Почини сломанные доски дома: бей по ним, держа в руке древесину","Napraw połamane deski domu: uderzaj w nie, trzymając drewno w ręce",家の壊れた板を直す：木材を手に持って叩く,집의 부서진 판자 고치기: 목재를 손에 들고 두드리기,修好房子的破木板：手拿木材敲打它们,修好房子的破木板：手拿木材敲打它們
QUEST_FREE,Free time: the farm is yours till morning,Serbest zaman: sabaha kadar çiftlik senin,Freie Zeit: Bis morgen früh gehört der Hof dir,Tiempo libre: la granja es tuya hasta mañana,Temps libre : la ferme est à toi jusqu'au matin,Tempo libero: la fattoria è tua fino a domattina,Tempo livre: a fazenda é sua até de manhã,Свободное время: до утра ферма твоя,Czas wolny: do rana gospodarstwo jest twoje,自由時間：朝まで農場はおまえのもの,자유 시간: 아침까지 농장은 네 것,自由时间：到明早之前，农场随你安排,自由時間：到明早之前，農場隨你安排
QUEST_QUERN,Make a millstone at a workbench from stone and wood (workbenches: Yeşilova Market),Tezgâhta taş ve odundan değirmen taşı yap (tezgâh: Yeşilova Market),Bau an einer Werkbank aus Stein und Holz einen Mühlstein (Werkbänke: Yeşilova Market),Fabrica un molino de piedra en un banco de trabajo con piedra y madera (bancos: Yeşilova Market),Fabrique une meule à grain à l'établi avec de la pierre et du bois (établis : Yeşilova Market),Costruisci una macina al banco da lavoro con pietra e legno (banchi: Yeşilova Market),Faça um moinho de pedra na bancada com pedra e madeira (bancadas: Yeşilova Market),Сделай жернова на верстаке из камня и древесины (верстаки: Yeşilova Market),Zrób żarna przy stole warsztatowym z kamienia i drewna (stoły: Yeşilova Market),作業台で石と木材から石臼を作る（作業台はYeşilova Marketで）,작업대에서 돌과 목재로 맷돌 만들기 (작업대: Yeşilova Market),在工作台用石头和木材做一台石磨（工作台：Yeşilova Market）,在工作台用石頭和木材做一台石磨（工作台：Yeşilova Market）
ACTION_PATCH_WALL,NAIL BOARDS,TAHTA ÇAK,BRETTER ANNAGELN,CLAVAR TABLAS,CLOUER DES PLANCHES,INCHIODA ASSI,PREGAR TÁBUAS,ПРИБИТЬ ДОСКИ,PRZYBIJ DESKI,板を打ち付ける,판자 박기,钉上木板,釘上木板
PROGRESS_PATCHING,Nailing boards...,Tahta çakılıyor...,Bretter annageln...,Clavando tablas...,Clouage des planches...,Inchiodatura delle assi...,Pregando tábuas...,Прибиваем доски...,Przybijanie desek...,板を打ち付け中...,판자 박는 중...,钉木板中……,釘木板中……
HINT_PATCH_NEEDS_WOOD,Hold wood to nail boards over the hole,Deliğe tahta çakmak için eline odun al,"Nimm Holz in die Hand, um das Loch mit Brettern zu vernageln",Coge madera para clavar tablas sobre el agujero,Prends du bois en main pour clouer des planches sur le trou,Prendi del legno in mano per inchiodare assi sul buco,Segure madeira para pregar tábuas sobre o buraco,"Возьми в руки дерево, чтобы заколотить дыру досками","Weź drewno do ręki, by zabić dziurę deskami",木材を持って穴に板を打ち付けよう,나무를 들고 구멍에 판자를 박으세요,手持木材，把木板钉在破洞上,手持木材，把木板釘在破洞上
SIGN_REPAIR_WALLS,Nail wood over the holes in the walls,Duvarlardaki deliklere odun çak,Holz über die Löcher in den Wänden nageln,Clava madera sobre los agujeros de las paredes,Cloue du bois sur les trous des murs,Inchioda legno sui buchi delle pareti,Pregue madeira sobre os buracos das paredes,Заколоти дыры в стенах досками,Zabij dziury w ścianach drewnem,壁の穴に木材を打ち付けよう,벽의 구멍에 나무를 박으세요,用木材钉补墙上的破洞,用木材釘補牆上的破洞
ITEM_KNIFE,Knife,Bıçak,Messer,Cuchillo,Couteau,Coltello,Faca,Нож,Nóż,ナイフ,칼,小刀,小刀
DESC_KNIFE,"A short, sharp knife. Keeps a wolf at arm's length and cleans your catch.","Kısa, keskin bir bıçak. Kurdu uzak tutar, tuttuğun balığı da temizler.","Ein kurzes, scharfes Messer. Hält einen Wolf auf Abstand und nimmt deinen Fang aus.",Un cuchillo corto y afilado. Mantiene a raya a los lobos y limpia tus capturas.,Un couteau court et bien affûté. Tient les loups à distance et vide tes prises.,Un coltello corto e affilato. Tiene a distanza i lupi e pulisce il pescato.,Uma faca curta e afiada. Mantém os lobos à distância e limpa o seu pescado.,Короткий острый нож. Отгонит волка и выпотрошит улов.,"Krótki, ostry nóż. Trzyma wilki na dystans i patroszy twój połów.",短くて鋭いナイフ。狼を寄せつけず、釣った魚もさばける。,짧고 날카로운 칼. 늑대를 물리치고 잡은 물고기도 손질한다.,一把短而锋利的小刀。能把狼挡在一臂之外，也能收拾你钓的鱼。,一把短而鋒利的小刀。能把狼擋在一臂之外，也能收拾你釣的魚。
ITEM_BOW,Bow,Yay,Bogen,Arco,Arc,Arco,Arco,Лук,Łuk,弓,활,弓,弓
DESC_BOW,"A strung yew longbow, made at the workbench from wood, nails and rope.","Çalışma masasında odun, çivi ve ipten yapılmış, kirişi takılı bir porsuk yayı.","Ein bespannter Langbogen aus Eibe, an der Werkbank aus Holz, Nägeln und Seil gebaut.","Un arco largo de tejo, encordado, hecho en el banco de trabajo con madera, clavos y cuerda.","Un arc long en if, encordé, fait à l'établi avec du bois, des clous et de la corde.","Un arco lungo di tasso, incordato, fatto al banco da lavoro con legno, chiodi e corda.","Um arco longo de teixo, encordoado, feito na bancada com madeira, pregos e corda.","Натянутый тисовый лук, сделанный на верстаке из дерева, гвоздей и верёвки.","Naciągnięty cisowy łuk długi, zrobiony przy stole warsztatowym z drewna, gwoździ i liny.",作業台で木材・釘・ロープから作った、弦を張ったイチイの長弓。,"작업대에서 나무, 못, 밧줄로 만든 시위를 건 주목 장궁.",在工作台上用木材、钉子和绳子做成的紫杉长弓，已上弦。,在工作台上用木材、釘子和繩子做成的紫杉長弓，已上弦。
ITEM_FISHING_ROD,Fishing Rod,Olta,Angelrute,Caña de pescar,Canne à pêche,Canna da pesca,Vara de pesca,Удочка,Wędka,釣り竿,낚싯대,钓竿,釣竿
DESC_FISHING_ROD,"The standard rod: a cork grip and a spinning reel. With bait in your bag, hold the mouse button at the water to cast; click when the water stirs over the line. Every cast wears it a little.","Standart olta: mantar saplı, spin makaralı. Çantanda yem varken suya dönüp fare tuşunu basılı tut ve fırlat; ipin düştüğü yerde su kıpırdanınca tıkla. Her atış onu biraz yıpratır.","Die Standardrute: Korkgriff und Stationärrolle. Mit Köder in der Tasche am Wasser die Maustaste gedrückt halten zum Auswerfen; klicken, wenn sich das Wasser über der Schnur regt. Jeder Wurf nutzt sie ein wenig ab.","La caña estándar: empuñadura de corcho y carrete. Con cebo en la mochila, mantén pulsado el botón del ratón junto al agua para lanzar; haz clic cuando el agua se agite sobre el sedal. Cada lance la desgasta un poco.","La canne standard : poignée en liège et moulinet. Avec un appât dans ton sac, maintiens le bouton de la souris face à l'eau pour lancer ; clique quand l'eau s'agite au-dessus de la ligne. Chaque lancer l'use un peu.","La canna standard: impugnatura in sughero e mulinello. Con l'esca nello zaino, tieni premuto il tasto del mouse verso l'acqua per lanciare; clicca quando l'acqua si agita sopra la lenza. Ogni lancio la consuma un po'.","A vara padrão: cabo de cortiça e molinete. Com isca na mochila, segure o botão do mouse diante da água para lançar; clique quando a água se agitar sobre a linha. Cada arremesso a desgasta um pouco.","Обычная удочка: пробковая рукоять и катушка. С наживкой в сумке зажми кнопку мыши у воды, чтобы забросить; щёлкни, когда вода над леской забурлит. Каждый заброс её немного изнашивает.","Zwykła wędka: korkowa rękojeść i kołowrotek. Z przynętą w plecaku przytrzymaj przycisk myszy nad wodą, by zarzucić; kliknij, gdy woda nad żyłką się poruszy. Każdy rzut trochę ją zużywa.",ふつうの竿。コルクのグリップとスピニングリール付き。かばんに餌があれば、水辺でマウスボタンを長押しして投げ、糸の上で水面が波立ったらクリック。投げるたびに少し傷む。,"기본 낚싯대. 코르크 손잡이와 스피닝 릴이 달려 있어요. 가방에 미끼가 있으면 물가에서 마우스 버튼을 누르고 있다가 던지고, 낚싯줄 위로 물이 일렁이면 클릭하세요. 던질 때마다 조금씩 닳아요.",普通钓竿：软木握把，配纺车轮。背包里有鱼饵时，对着水面按住鼠标键抛竿；鱼线上方水面翻动时点击。每抛一次都会磨损一点。,普通釣竿：軟木握把，配紡車輪。背包裡有魚餌時，對著水面按住滑鼠鍵拋竿；魚線上方水面翻動時點擊。每拋一次都會磨損一點。
ITEM_CAMPFIRE,Campfire,Kamp Ateşi,Lagerfeuer,Hoguera,Feu de camp,Falò,Fogueira,Костёр,Ognisko,たき火,모닥불,篝火,營火
DESC_CAMPFIRE,Split logs and hearth stones. Put it down outdoors and it burns for five hours; cook fish on it. Water puts it out.,"Yarılmış kütükler ve ocak taşları. Dışarıda bir yere kur, beş saat yanar; üzerinde balık pişirebilirsin. Su dökersen söner.",Gespaltene Scheite und Herdsteine. Draußen aufgestellt brennt es fünf Stunden; darauf lässt sich Fisch braten. Wasser löscht es.,Leña partida y piedras de hogar. Colócala al aire libre y arde cinco horas; puedes cocinar pescado en ella. El agua la apaga.,"Des bûches fendues et des pierres de foyer. Installé dehors, il brûle cinq heures ; on peut y cuire du poisson. L'eau l'éteint.",Ciocchi spaccati e pietre da focolare. Posalo all'aperto e arde per cinque ore; ci puoi cuocere il pesce. L'acqua lo spegne.,Lenha rachada e pedras de fogão. Monte ao ar livre e ela queima por cinco horas; dá para assar peixe nela. Água a apaga.,Колотые поленья и камни для очага. Разложи на улице — будет гореть пять часов; на нём можно жарить рыбу. Вода его тушит.,"Rozłupane polana i kamienie paleniskowe. Postaw na zewnątrz, a pali się pięć godzin; upieczesz na nim rybę. Woda je gasi.",割った薪とかまど石。屋外に置くと5時間燃え、魚を焼ける。水をかけると消える。,"쪼갠 장작과 화덕 돌. 바깥에 놓으면 다섯 시간 동안 타고, 그 위에서 생선을 구울 수 있어요. 물을 부으면 꺼져요.",劈好的柴和垒灶的石头。放在户外能烧五个小时，可以在上面烤鱼。浇水就会熄灭。,劈好的柴和砌灶的石頭。放在戶外能燒五個小時，可以在上面烤魚。澆水就會熄滅。
ITEM_NAILS,Nails,Çivi,Nägel,Clavos,Clous,Chiodi,Pregos,Гвозди,Gwoździe,釘,못,钉子,釘子
DESC_NAILS,"A tin of wire nails from the town market, for the workbench's woodwork.",Kasaba marketinden bir kutu tel çivi; çalışma masasındaki marangozluk için.,"Eine Dose Drahtstifte vom Stadtmarkt, für die Holzarbeiten an der Werkbank.","Una lata de clavos del mercado del pueblo, para los trabajos de madera en el banco.","Une boîte de pointes du marché du village, pour le travail du bois à l'établi.","Una latta di chiodi dal mercato del paese, per i lavori in legno al banco.","Uma lata de pregos do mercado da cidade, para a marcenaria na bancada.",Банка гвоздей с городского рынка — для столярной работы на верстаке.,"Puszka gwoździ z targu w miasteczku, do prac stolarskich przy stole warsztatowym.",町の市場で買える釘の缶。作業台での木工に使う。,마을 시장에서 파는 못 한 통. 작업대 목공에 쓴다.,镇上市场卖的一罐钉子，用于工作台上的木工活。,鎮上市場賣的一罐釘子，用於工作台上的木工活。
ITEM_ROPE,Rope,İp,Seil,Cuerda,Corde,Corda,Corda,Верёвка,Lina,ロープ,밧줄,绳子,繩子
DESC_ROPE,A coil of hemp rope from the town market: a fishing rod's line and a bow's string.,"Kasaba marketinden bir kangal kenevir ip: oltanın misinası, yayın kirişi olur.","Eine Rolle Hanfseil vom Stadtmarkt: Schnur für die Angel, Sehne für den Bogen.",Un rollo de cuerda de cáñamo del mercado del pueblo: sedal para la caña y cuerda para el arco.,"Un rouleau de corde de chanvre du marché du village : la ligne d'une canne, la corde d'un arc.",Un rotolo di corda di canapa dal mercato del paese: lenza per la canna e corda per l'arco.,Um rolo de corda de cânhamo do mercado da cidade: linha para a vara e corda para o arco.,Моток пеньковой верёвки с городского рынка: леска для удочки и тетива для лука.,Zwój konopnej liny z targu w miasteczku: żyłka do wędki i cięciwa do łuku.,町の市場で買える麻ロープの束。釣り竿の糸や弓の弦になる。,마을 시장에서 파는 삼 밧줄 한 타래. 낚싯줄과 활시위가 된다.,镇上市场卖的一卷麻绳，可做钓线和弓弦。,鎮上市場賣的一捲麻繩，可做釣線和弓弦。
ITEM_WORM,Worms,Solucan,Würmer,Lombrices,Vers,Lombrichi,Minhocas,Черви,Robaki,ミミズ,지렁이,蚯蚓,蚯蚓
DESC_WORM,Fat earthworms in damp soil: bait for the fishing rod.,Nemli toprakta tombul solucanlar: olta için yem.,Dicke Regenwürmer in feuchter Erde: Köder für die Angel.,Lombrices gordas en tierra húmeda: cebo para la caña.,De gros vers de terre dans de la terre humide : des appâts pour la canne.,Grossi lombrichi in terra umida: esca per la canna.,Minhocas gordas em terra úmida: isca para a vara de pesca.,Жирные черви во влажной земле: наживка для удочки.,Tłuste dżdżownice w wilgotnej ziemi: przynęta na wędkę.,湿った土に入った太いミミズ。釣り竿の餌になる。,축축한 흙 속의 통통한 지렁이. 낚싯대 미끼로 쓴다.,湿土里的肥蚯蚓，钓鱼用的鱼饵。,濕土裡的肥蚯蚓，釣魚用的魚餌。
ITEM_DOUGH,Dough,Hamur,Teig,Masa,Pâte,Impasto,Massa,Тесто,Ciasto,練り餌,떡밥,面团饵,麵團餌
DESC_DOUGH,"A ball of bread dough to bait the hook. Sold at the market, or kneaded from wheat at the workbench.",Oltaya yem olacak bir top ekmek hamuru. Markette satılır ya da çalışma masasında buğdaydan yoğrulur.,Eine Kugel Brotteig als Köder. Gibt's auf dem Markt oder an der Werkbank aus Weizen geknetet.,Una bola de masa de pan como cebo. Se vende en el mercado o se amasa con trigo en el banco de trabajo.,"Une boule de pâte à pain pour appâter. Vendue au marché, ou pétrie avec du blé à l'établi.",Una palla d'impasto di pane come esca. Si vende al mercato o si impasta col grano al banco da lavoro.,Uma bola de massa de pão para iscar o anzol. Vendida no mercado ou sovada com trigo na bancada.,Шарик хлебного теста для наживки. Продаётся на рынке или замешивается из пшеницы на верстаке.,Kulka ciasta chlebowego na przynętę. Kupisz na targu albo zagnieciesz z pszenicy przy stole warsztatowym.,針に付けるパン生地の玉。市場で買えるほか、作業台で小麦から練れる。,"바늘에 끼울 빵 반죽 덩어리. 시장에서 팔고, 작업대에서 밀로 반죽할 수도 있다.",一团用来挂钩的面团。市场有卖，也能在工作台上用小麦揉出来。,一團用來掛鉤的麵團。市場有賣，也能在工作台上用小麥揉出來。
ITEM_SAPLING,Sapling,Fidan,Setzling,Plantón,Jeune arbre,Alberello,Muda,Саженец,Sadzonka,苗木,묘목,树苗,樹苗
DESC_SAPLING,"A young tree from a felled one. Plant it and water it, and in a couple of days it grows into a tree.","Kesilen bir ağaçtan düşen fidan. Dik, sula; birkaç günde ağaç olur.","Ein junger Baum von einem gefällten. Pflanzen und gießen, und in ein paar Tagen wird ein Baum daraus.","Un árbol joven de uno talado. Plántalo y riégalo, y en un par de días será un árbol.","Un jeune arbre tombé d'un arbre abattu. Plante-le, arrose-le, et en quelques jours il devient un arbre.",Un alberello caduto da un albero abbattuto. Piantalo e innaffialo: in un paio di giorni diventa un albero.,"Uma muda de uma árvore derrubada. Plante e regue, e em poucos dias ela vira árvore.",Молодое деревце от срубленного дерева. Посади и поливай — через пару дней вырастет дерево.,"Młode drzewko ze ściętego drzewa. Posadź je i podlewaj, a w parę dni wyrośnie drzewo.",切り倒した木から落ちた若木。植えて水をやれば、数日で木に育つ。,베어 낸 나무에서 떨어진 어린나무. 심고 물을 주면 며칠 만에 나무로 자란다.,砍倒的树上掉下的小树苗。种下浇水，几天就会长成大树。,砍倒的樹上掉下的小樹苗。種下澆水，幾天就會長成大樹。
CAT_MATERIAL,Material,Malzeme,Material,Material,Matériau,Materiale,Material,Материал,Materiał,資材,재료,材料,材料
CAT_BAIT,Bait,Balık yemi,Köder,Cebo,Appât,Esca,Isca,Наживка,Przynęta,餌,미끼,鱼饵,魚餌
CAT_SAPLING,Sapling,Fidan,Setzling,Plantón,Jeune arbre,Alberello,Muda,Саженец,Sadzonka,苗木,묘목,树苗,樹苗
PROJECT_WORKBENCH,Workbench,Çalışma Masası,Werkbank,Banco de trabajo,Établi,Banco da lavoro,Bancada de trabalho,Верстак,Stół warsztatowy,作業台,작업대,工作台,工作台
PROJECT_WORKBENCH_DESC,"A sturdy joiner's bench with a vice, a saw and a plane. You get it as a kit and set it up near the house; it goes up in no time. Make your tools, a campfire and bait at it.","Mengeneli, testereli, rendeli sağlam bir marangoz masası. Kit olarak alırsın, evin yakınına kurarsın; kısa sürede hazır olur. Aletlerini, kamp ateşini ve yemini onda yaparsın.","Eine stabile Hobelbank mit Schraubstock, Säge und Hobel. Du bekommst sie als Bausatz und stellst sie nahe dem Haus auf; im Nu steht sie. Daran baust du Werkzeuge, ein Lagerfeuer und Köder.","Un sólido banco de carpintero con tornillo, sierra y cepillo. Lo recibes en kit y lo montas cerca de la casa; está listo enseguida. En él haces tus herramientas, una hoguera y cebo.","Un solide établi de menuisier avec étau, scie et rabot. Tu le reçois en kit et le montes près de la maison ; il est prêt en un rien de temps. Tu y fais tes outils, un feu de camp et des appâts.","Un robusto banco da falegname con morsa, sega e pialla. Lo ricevi in kit e lo monti vicino a casa; è pronto in un attimo. Ci fai i tuoi attrezzi, un falò e le esche.","Uma bancada de marceneiro firme, com torno, serrote e plaina. Você recebe em kit e monta perto da casa; fica pronta rapidinho. Nela você faz suas ferramentas, uma fogueira e isca.","Крепкий столярный верстак с тисками, пилой и рубанком. Получаешь его комплектом и ставишь у дома; он собирается быстро. На нём делаешь инструменты, костёр и наживку.","Solidny stół stolarski z imadłem, piłą i heblem. Dostajesz go w zestawie i stawiasz przy domu; stanie w mig. Zrobisz przy nim narzędzia, ognisko i przynęty.",万力とのこぎり、かんなの付いた頑丈な木工台。キットで受け取り、家の近くに建てるとすぐに完成。道具やたき火、餌を作れる。,"바이스와 톱, 대패가 딸린 튼튼한 목공 작업대. 키트로 받아 집 근처에 세우면 금방 완성돼요. 도구와 모닥불, 미끼를 만들 수 있어요.",一张结实的木工台，带台钳、锯子和刨子。以套件形式拿到，在房子附近搭起来，很快就好。可以在上面做工具、篝火和鱼饵。,一張結實的木工台，附台鉗、鋸子和刨子。以套件形式拿到，在房子附近搭起來，很快就好。可以在上面做工具、營火和魚餌。
BUILD_GROUP_WORKSHOP,WORKSHOP,ATÖLYE,WERKSTATT,TALLER,ATELIER,LABORATORIO,OFICINA,МАСТЕРСКАЯ,WARSZTAT,作業場,작업장,工坊,工坊
CRAFT_GROUP_TOOLS,Hand tools,El aletleri,Handwerkzeuge,Herramientas de mano,Outils à main,Attrezzi a mano,Ferramentas manuais,Ручные инструменты,Narzędzia ręczne,手道具,손도구,手工具,手工具
CRAFT_GROUP_CAMP,Campfire & bait,Kamp ateşi ve yem,Lagerfeuer & Köder,Hoguera y cebo,Feu de camp et appâts,Falò ed esche,Fogueira e isca,Костёр и наживка,Ognisko i przynęty,たき火と餌,모닥불과 미끼,篝火与鱼饵,營火與魚餌
CRAFT_GROUP_FARM,Farm supplies,Çiftlik malzemesi,Hofbedarf,Insumos,Fournitures,Forniture,Insumos,Для фермы,Zaopatrzenie,農業資材,농자재,农用物资,農業資材
CRAFT_GROUP_MACHINES,Machines,Makineler,Maschinen,Máquinas,Machines,Macchine,Máquinas,Оборудование,Maszyny,機械,기계,机器,機器
UI_SOLD_AT_MARKET,Sold at the town market: %s,Kasaba marketinde satılır: %s,Gibt's auf dem Stadtmarkt: %s,Se vende en el mercado del pueblo: %s,En vente au marché du village : %s,In vendita al mercato del paese: %s,À venda no mercado da cidade: %s,Продаётся на городском рынке: %s,Do kupienia na targu w miasteczku: %s,町の市場で売っています：%s,마을 시장에서 팔아요: %s,镇上市场有卖：%s,鎮上市場有賣：%s
MSG_CRAFTED,Made: %s,Yapıldı: %s,Hergestellt: %s,Hecho: %s,Fabriqué : %s,Fatto: %s,Feito: %s,Сделано: %s,Zrobiono: %s,作成：%s,제작 완료: %s,已制作：%s,已製作：%s
MSG_PLACE_INDOORS,A fire can't be lit indoors.,İçeride ateş yakılmaz.,Drinnen kann man kein Feuer machen.,No se puede encender fuego bajo techo.,On ne peut pas faire de feu à l'intérieur.,Non si può accendere un fuoco al chiuso.,Não dá para acender fogo em lugar fechado.,В помещении костёр не разжечь.,W środku nie można rozpalić ognia.,屋内では火をたけません。,실내에서는 불을 피울 수 없어요.,室内不能生火。,室內不能生火。
CHAPTER_FISHING,A day at the pond,Gölette bir gün,Ein Tag am Teich,Un día en el estanque,Une journée à la mare,Una giornata allo stagno,Um dia no açude,День у пруда,Dzień nad stawem,池で過ごす一日,연못에서 보내는 하루,池塘边的一天,池塘邊的一天
CHAPTER_FISHING_NOTE,"You've earned a day off, child. The pond by the house fed us in lean years. Make a rod, take some bait and try your luck; a fish cooked over an open fire is a meal fit for a king.","Bir gün dinlenmeyi hak ettin evladım. Evin yanındaki gölet zor yıllarda karnımızı doyurdu. Bir olta yap, biraz yem al ve şansını dene; açık ateşte pişmiş balık krallara layık bir sofradır.","Du hast dir einen freien Tag verdient, Kind. Der Teich am Haus hat uns in mageren Jahren satt gemacht. Bau dir eine Angel, nimm Köder mit und versuch dein Glück; ein Fisch vom offenen Feuer ist ein Mahl für Könige.","Te has ganado un día libre, hijo. El estanque junto a la casa nos alimentó en los años flacos. Hazte una caña, lleva cebo y prueba suerte; un pescado asado al fuego es comida de reyes.","Tu as bien mérité une journée de repos, mon petit. La mare près de la maison nous a nourris les années de vaches maigres. Fais-toi une canne, prends des appâts et tente ta chance ; un poisson cuit sur un feu de bois, c'est un repas de roi.","Ti sei guadagnato un giorno di riposo, ragazzo. Lo stagno vicino a casa ci ha sfamati negli anni magri. Fatti una canna, prendi un po' d'esca e tenta la fortuna; un pesce cotto sul fuoco è un pasto da re.","Você mereceu um dia de folga, meu filho. O açude perto da casa nos alimentou nos anos magros. Faça uma vara, pegue isca e tente a sorte; peixe assado na fogueira é refeição de rei.","Ты заслужил выходной, дитя. Пруд у дома кормил нас в голодные годы. Сделай удочку, возьми наживку и попытай счастья: рыба, запечённая на костре, — царская еда.","Zasłużyłeś na dzień wolnego, dziecko. Staw przy domu karmił nas w chude lata. Zrób wędkę, weź przynętę i spróbuj szczęścia; ryba upieczona na ognisku to posiłek dla króla.",今日は一日休んでいいぞ。家のそばの池は、苦しい年にわしらを食べさせてくれた。竿を作って餌を持ち、運を試してごらん。たき火で焼いた魚は王様のごちそうじゃ。,오늘은 하루 쉬어도 된다. 집 옆 연못은 어려운 해마다 우리를 먹여 살렸단다. 낚싯대를 만들고 미끼를 챙겨 운을 시험해 보거라. 모닥불에 구운 생선은 임금님 밥상 부럽지 않지.,你该歇一天了，孩子。房子旁的池塘在荒年里养活了我们。做根钓竿，带上鱼饵去碰碰运气吧；篝火上烤的鱼，可是国王的美餐。,你該歇一天了，孩子。房子旁的池塘在荒年裡養活了我們。做根釣竿，帶上魚餌去碰碰運氣吧；營火上烤的魚，可是國王的美餐。
QUEST_EARN,Earn $%d by selling your produce (shipping bin or town market),Ürünlerini satarak $%d kazan (satış kutusu ya da kasaba marketi),Verdiene $%d mit dem Verkauf deiner Erzeugnisse (Versandkiste oder Stadtmarkt),Gana $%d vendiendo tus productos (cajón de envíos o mercado del pueblo),Gagne $%d en vendant tes produits (bac d'expédition ou marché du village),Guadagna $%d vendendo i tuoi prodotti (cassa di spedizione o mercato del paese),Ganhe $%d vendendo seus produtos (caixa de envios ou mercado da cidade),"Заработай $%d, продавая свою продукцию (ящик для продажи или городской рынок)","Zarób $%d, sprzedając swoje plony (skrzynia wysyłkowa lub targ w miasteczku)",収穫物を売って$%d稼ぐ（出荷箱か町の市場）,생산물을 팔아 $%d 벌기 (출하 상자나 마을 시장),卖掉你的农产品赚 $%d（出货箱或镇上市场）,賣掉你的農產品賺 $%d（出貨箱或鎮上市場）
QUEST_BENCH_KIT,Buy a workbench kit at the construction board in the yard,Avludaki inşaat panosundan bir çalışma masası kiti al,Kauf am Bauprojekte-Brett im Hof einen Werkbank-Bausatz,Compra un kit de banco de trabajo en el tablón de construcción del patio,Achète un kit d'établi au panneau de construction de la cour,Compra un kit del banco da lavoro alla bacheca delle costruzioni in cortile,Compre um kit de bancada no quadro de construção do pátio,Купи комплект верстака на строительной доске во дворе,Kup zestaw stołu warsztatowego na tablicy budowy na podwórzu,庭の建設ボードで作業台キットを買う,마당의 건설 게시판에서 작업대 키트 사기,在院子里的建造告示板买一套工作台套件,在院子裡的建造告示板買一套工作台套件
QUEST_BENCH_PLACE,"Hold the workbench kit and set it up near the house (green fits, red doesn't)","Çalışma masası kitini eline al, evin yakınına kur (yeşil uygun, kırmızı olmaz)","Nimm den Werkbank-Bausatz in die Hand und stell ihn nahe dem Haus auf (grün passt, rot nicht)","Coge el kit del banco y móntalo cerca de la casa (verde cabe, rojo no)","Prends le kit d'établi en main et monte-le près de la maison (vert, ça passe ; rouge, non)","Prendi in mano il kit del banco e montalo vicino a casa (verde va bene, rosso no)","Pegue o kit da bancada e monte-o perto da casa (verde cabe, vermelho não)","Возьми комплект верстака и поставь его у дома (зелёный — можно, красный — нельзя)","Weź zestaw stołu do ręki i postaw go przy domu (zielony pasuje, czerwony nie)",作業台キットを手に持ち、家の近くに建てる（緑は可、赤は不可）,"작업대 키트를 손에 들고 집 근처에 세우기 (초록은 가능, 빨강은 불가)",手拿工作台套件，在房子附近搭起来（绿色可以，红色不行）,手拿工作台套件，在房子附近搭起來（綠色可以，紅色不行）
QUEST_BENCH_BUILT,Wait for the workbench to go up,Çalışma masasının bitmesini bekle,"Warte, bis die Werkbank steht",Espera a que el banco esté montado,Attends que l'établi soit monté,Aspetta che il banco sia montato,Espere a bancada ficar pronta,"Подожди, пока верстак соберут","Poczekaj, aż stół stanie",作業台の完成を待つ,작업대가 완성될 때까지 기다리기,等工作台搭好,等工作台搭好
QUEST_KNIFE,Make a knife at the workbench for the night (wood and stone),Gece için çalışma masasında bir bıçak yap (odun ve taş),Mach an der Werkbank ein Messer für die Nacht (Holz und Stein),Haz un cuchillo en el banco de trabajo para la noche (madera y piedra),Fabrique un couteau à l'établi pour la nuit (bois et pierre),Fai un coltello al banco da lavoro per la notte (legno e pietra),Faça uma faca na bancada para a noite (madeira e pedra),Сделай на ночь нож на верстаке (дерево и камень),Zrób na noc nóż przy stole warsztatowym (drewno i kamień),夜に備えて作業台でナイフを作る（木材と石）,밤을 대비해 작업대에서 칼 만들기 (목재와 돌),为夜里做准备：在工作台上做一把小刀（木材和石头）,為夜裡做準備：在工作台上做一把小刀（木材和石頭）
QUEST_ROPE,Buy %d rope at the town market for a fishing rod,Olta için kasaba marketinden %d ip al,Kauf auf dem Stadtmarkt %d Seil für eine Angel,Compra %d cuerdas en el mercado del pueblo para una caña,Achète %d cordes au marché du village pour une canne à pêche,Compra %d corde al mercato del paese per una canna da pesca,Compre %d cordas no mercado da cidade para uma vara de pesca,Купи на городском рынке верёвку (%d шт.) для удочки,Kup na targu w miasteczku %d liny na wędkę,釣り竿用に町の市場でロープを%d本買う,낚싯대를 만들 밧줄 %d개를 마을 시장에서 사기,在镇上市场买 %d 根绳子做钓竿,在鎮上市場買 %d 根繩子做釣竿
QUEST_ROD,Make a fishing rod at the workbench (wood and rope),Çalışma masasında bir olta yap (odun ve ip),Bau an der Werkbank eine Angel (Holz und Seil),Haz una caña de pescar en el banco de trabajo (madera y cuerda),Fabrique une canne à pêche à l'établi (bois et corde),Fai una canna da pesca al banco da lavoro (legno e corda),Faça uma vara de pesca na bancada (madeira e corda),Сделай удочку на верстаке (дерево и верёвка),Zrób wędkę przy stole warsztatowym (drewno i lina),作業台で釣り竿を作る（木材とロープ）,작업대에서 낚싯대 만들기 (목재와 밧줄),在工作台上做一根钓竿（木材和绳子）,在工作台上做一根釣竿（木材和繩子）
QUEST_BAIT,Get bait: worms or dough from the town market (or knead dough from wheat at the workbench),Yem edin: kasaba marketinden solucan ya da hamur (ya da çalışma masasında buğdaydan hamur yoğur),Besorg Köder: Würmer oder Teig vom Stadtmarkt (oder knete an der Werkbank Teig aus Weizen),Consigue cebo: lombrices o masa en el mercado del pueblo (o amasa masa con trigo en el banco),Trouve des appâts : vers ou pâte au marché du village (ou pétris de la pâte avec du blé à l'établi),Procurati l'esca: lombrichi o impasto al mercato del paese (o impasta il grano al banco),Arrume isca: minhocas ou massa no mercado da cidade (ou sove massa de trigo na bancada),Добудь наживку: червей или тесто на городском рынке (или замеси тесто из пшеницы на верстаке),Zdobądź przynętę: robaki lub ciasto z targu w miasteczku (albo zagnieć ciasto z pszenicy przy stole),餌を手に入れる：町の市場でミミズか練り餌（作業台で小麦から練ってもよい）,미끼 구하기: 마을 시장에서 지렁이나 떡밥 (작업대에서 밀로 떡밥을 만들어도 돼요),准备鱼饵：在镇上市场买蚯蚓或面团饵（也可在工作台用小麦揉面团）,準備魚餌：在鎮上市場買蚯蚓或麵團餌（也可在工作台用小麥揉麵團）
QUEST_FISH,"Catch a fish in the pond by the house: hold the mouse button to cast, click when the water stirs","Evin yanındaki gölette balık tut: fırlatmak için fare tuşunu basılı tut, su kıpırdayınca tıkla","Fang einen Fisch im Teich am Haus: Maustaste halten zum Auswerfen, klicken, wenn sich das Wasser regt",Pesca un pez en el estanque junto a la casa: mantén el botón para lanzar y haz clic cuando el agua se agite,"Attrape un poisson dans la mare près de la maison : maintiens le bouton pour lancer, clique quand l'eau s'agite","Pesca un pesce nello stagno vicino a casa: tieni premuto per lanciare, clicca quando l'acqua si agita",Pesque um peixe no açude perto da casa: segure o botão para lançar e clique quando a água se agitar,"Поймай рыбу в пруду у дома: зажми кнопку, чтобы забросить, щёлкни, когда вода забурлит","Złów rybę w stawie przy domu: przytrzymaj przycisk, by zarzucić, kliknij, gdy woda się poruszy",家のそばの池で魚を釣る：ボタン長押しで投げ、水面が波立ったらクリック,"집 옆 연못에서 물고기 잡기: 버튼을 누르고 있다가 던지고, 물이 일렁이면 클릭",在房子旁的池塘钓一条鱼：按住鼠标键抛竿，水面翻动时点击,在房子旁的池塘釣一條魚：按住滑鼠鍵拋竿，水面翻動時點擊
QUEST_CAMPFIRE,Make a campfire at the workbench (stone and wood),Çalışma masasında bir kamp ateşi yap (taş ve odun),Mach an der Werkbank ein Lagerfeuer (Stein und Holz),Haz una hoguera en el banco de trabajo (piedra y madera),Fabrique un feu de camp à l'établi (pierre et bois),Prepara un falò al banco da lavoro (pietra e legno),Faça uma fogueira na bancada (pedra e madeira),Сделай костёр на верстаке (камень и дерево),Zrób ognisko przy stole warsztatowym (kamień i drewno),作業台でたき火を作る（石と木材）,작업대에서 모닥불 만들기 (돌과 목재),在工作台上做一个篝火（石头和木材）,在工作台上做一個營火（石頭和木材）
QUEST_COOK,Put the campfire down outdoors and cook the fish on it (E),Kamp ateşini dışarıda bir yere kur ve balığı üzerinde pişir (E),Stell das Lagerfeuer draußen auf und brate den Fisch darauf (E),Coloca la hoguera al aire libre y cocina el pescado en ella (E),Installe le feu de camp dehors et fais-y cuire le poisson (E),Posa il falò all'aperto e cuoci il pesce (E),Monte a fogueira ao ar livre e asse o peixe nela (E),Разложи костёр на улице и пожарь на нём рыбу (E),Postaw ognisko na zewnątrz i upiecz na nim rybę (E),たき火を屋外に置き、魚を焼く（E）,모닥불을 바깥에 놓고 생선 굽기 (E),把篝火放在户外，在上面烤鱼（E）,把營火放在戶外，在上面烤魚（E）
QUEST_EAT,Eat the cooked fish: hold it and press the right mouse button,Pişmiş balığı ye: eline al ve farenin sağ tuşuna bas,Iss den gebratenen Fisch: in die Hand nehmen und die rechte Maustaste drücken,Cómete el pescado: tenlo en la mano y pulsa el botón derecho del ratón,Mange le poisson cuit : prends-le en main et appuie sur le bouton droit de la souris,Mangia il pesce cotto: tienilo in mano e premi il tasto destro del mouse,Coma o peixe assado: segure-o e aperte o botão direito do mouse,Съешь жареную рыбу: возьми её в руку и нажми правую кнопку мыши,Zjedz upieczoną rybę: weź ją do ręki i naciśnij prawy przycisk myszy,焼き魚を食べる：手に持って右クリック,구운 생선 먹기: 손에 들고 마우스 오른쪽 버튼 누르기,吃掉烤鱼：拿在手上按鼠标右键,吃掉烤魚：拿在手上按滑鼠右鍵
HINT_EARN,"Harvest ripe beds or collect eggs, then sell them","Olgun tarhları hasat et ya da yumurta topla, sonra sat","Ernte reife Beete oder sammle Eier, dann verkauf sie","Cosecha los bancales maduros o recoge huevos, y luego véndelo","Récolte les planches mûres ou ramasse des œufs, puis vends-les","Raccogli le aiuole mature o prendi le uova, poi vendile","Colha os canteiros maduros ou recolha ovos, depois venda","Собери спелые грядки или яйца, а потом продай","Zbierz dojrzałe grządki albo jajka, potem je sprzedaj",実った畝を収穫するか卵を集めて売ろう,익은 밭을 수확하거나 달걀을 모아서 팔아요,收割成熟的菜畦或捡鸡蛋，然后卖掉,收割成熟的菜畦或撿雞蛋，然後賣掉
HINT_BIN,The shipping bin sells it overnight,Satış kutusu gece satar,Die Versandkiste verkauft über Nacht,El cajón de envíos lo vende por la noche,Le bac d'expédition vend pendant la nuit,La cassa di spedizione vende durante la notte,A caixa de envios vende durante a noite,Ящик для продажи продаёт за ночь,Skrzynia wysyłkowa sprzedaje przez noc,出荷箱は夜のうちに売ってくれる,출하 상자는 밤사이에 팔아 줘요,出货箱会在夜里卖掉,出貨箱會在夜裡賣掉
HINT_SELL_MARKET,The market pays at once,Market parayı hemen öder,Der Markt zahlt sofort,El mercado paga al momento,Le marché paie tout de suite,Il mercato paga subito,O mercado paga na hora,Рынок платит сразу,Targ płaci od ręki,市場ならすぐに代金がもらえる,시장은 바로 돈을 줘요,市场当场付钱,市場當場付錢
HINT_BIN_MORNING,The bin pays in the morning: sleep,Kutu sabah öder: uyu,Die Kiste zahlt morgens: schlaf,El cajón paga por la mañana: duerme,Le bac paie au matin : va dormir,La cassa paga al mattino: dormi,A caixa paga de manhã: durma,Ящик платит утром: ложись спать,Skrzynia płaci rano: idź spać,出荷箱の代金は朝に入る：眠ろう,출하 상자는 아침에 돈을 줘요: 잠을 자요,出货箱早上付钱：去睡觉吧,出貨箱早上付錢：去睡覺吧
HINT_NEED_MONEY,You need %s more,%s daha lazım,Dir fehlen noch %s,Te faltan %s,Il te manque %s,Ti mancano %s,Faltam %s,Не хватает %s,Brakuje ci %s,あと%s必要,%s이(가) 더 필요해요,还差 %s,還差 %s
HINT_NEED_ITEM,Short of %s,Eksik: %s,Es fehlt: %s,Falta: %s,Il manque : %s,Manca: %s,Falta: %s,Не хватает: %s,Brakuje: %s,不足：%s,부족: %s,缺少：%s,缺少：%s
HINT_MARKET,Sold at the town market,Kasaba marketinde satılıyor,Gibt's auf dem Stadtmarkt,Se vende en el mercado del pueblo,En vente au marché du village,In vendita al mercato del paese,À venda no mercado da cidade,Продаётся на городском рынке,Do kupienia na targu w miasteczku,町の市場で売っている,마을 시장에서 팔아요,镇上市场有卖,鎮上市場有賣
HINT_PLACE_KIT,Hold the kit: the dot marks a good spot,Kiti eline al: işaret uygun bir yeri gösteriyor,Nimm den Bausatz: Der Punkt zeigt einen guten Platz,Toma el kit: el punto marca un buen sitio,Prends le kit : le point indique un bon endroit,Prendi il kit: il punto indica un buon posto,Segure o kit: o ponto marca um bom lugar,Возьми комплект: точка показывает удобное место,Weź zestaw: kropka wskazuje dobre miejsce,キットを持とう：点が良い場所を示している,키트를 들어요: 점이 좋은 자리를 알려 줘요,拿起套件：圆点标出了合适的位置,拿起套件：圓點標出了合適的位置
HINT_DOUGH,Knead dough from wheat at the workbench,Çalışma masasında buğdaydan hamur yoğur,Knete an der Werkbank Teig aus Weizen,Amasa masa con trigo en el banco de trabajo,Pétris de la pâte avec du blé à l'établi,Impasta il grano al banco da lavoro,Sove massa de trigo na bancada,Замеси тесто из пшеницы на верстаке,Zagnieć ciasto z pszenicy przy stole warsztatowym,作業台で小麦から練り餌を作ろう,작업대에서 밀로 떡밥을 만들어요,在工作台用小麦揉面团饵,在工作台用小麥揉麵團餌
HINT_NEED_BAIT,You need bait in your bag,Çantanda yem olmalı,Du brauchst Köder in der Tasche,Necesitas cebo en la mochila,Il te faut des appâts dans ton sac,Ti serve l'esca nello zaino,Você precisa de isca na mochila,В сумке нужна наживка,Potrzebujesz przynęty w plecaku,かばんに餌が必要,가방에 미끼가 있어야 해요,背包里要有鱼饵,背包裡要有魚餌
HINT_PLACE_FIRE,Hold the campfire and put it down outdoors,Kamp ateşini eline al ve dışarıda bir yere koy,Nimm das Lagerfeuer in die Hand und stell es draußen ab,Toma la hoguera y colócala al aire libre,Prends le feu de camp en main et pose-le dehors,Prendi il falò e posalo all'aperto,Segure a fogueira e monte-a ao ar livre,Возьми костёр в руки и разложи его на улице,Weź ognisko do ręki i postaw je na zewnątrz,たき火を手に持って屋外に置こう,모닥불을 들고 바깥에 놓아요,拿起篝火，放在户外,拿起營火，放在戶外
HINT_NEED_FISH,Catch a fish first,Önce bir balık tut,Fang zuerst einen Fisch,Primero pesca un pez,Attrape d'abord un poisson,Prima pesca un pesce,Primeiro pesque um peixe,Сначала поймай рыбу,Najpierw złów rybę,まず魚を釣ろう,먼저 물고기를 잡아요,先钓一条鱼,先釣一條魚
KEY_RMB,RMB,SAĞ TIK,RMT,CLIC DER.,CLIC D,CLIC DX,CLIQUE DIR.,ПКМ,PPM,右クリック,우클릭,右键,右鍵
ACTION_EAT,EAT,YE,ESSEN,COMER,MANGER,MANGIA,COMER,СЪЕСТЬ,ZJEDZ,食べる,먹기,吃,吃
ACTION_DRINK,DRINK,İÇ,TRINKEN,BEBER,BOIRE,BEVI,BEBER,ВЫПИТЬ,WYPIJ,飲む,마시기,喝,喝
ACTION_LIGHT,LIGHT,YAK,ANZÜNDEN,ENCENDER,ALLUMER,ACCENDI,ACENDER,РАЗЖЕЧЬ,ROZPAL,火をつける,불 붙이기,点火,點火
ACTION_COOK,COOK,PİŞİR,BRATEN,COCINAR,CUIRE,CUOCI,ASSAR,ПОЖАРИТЬ,UPIECZ,焼く,굽기,烤,烤
ACTION_ADD_WOOD,ADD WOOD,ODUN AT,HOLZ NACHLEGEN,ECHAR LEÑA,AJOUTER DU BOIS,AGGIUNGI LEGNA,COLOCAR LENHA,ПОДКИНУТЬ ДРОВ,DOŁÓŻ DREWNA,薪をくべる,장작 넣기,添柴,添柴
ACTION_RELIGHT,RELIGHT,YENİDEN YAK,WIEDER ANZÜNDEN,REAVIVAR,RALLUMER,RIACCENDI,REACENDER,РАЗЖЕЧЬ СНОВА,ROZPAL PONOWNIE,もう一度火をつける,다시 불 붙이기,重新点火,重新點火
ACTION_DOUSE,PUT OUT,SÖNDÜR,LÖSCHEN,APAGAR,ÉTEINDRE,SPEGNI,APAGAR,ПОТУШИТЬ,ZGAŚ,火を消す,불 끄기,灭火,滅火
PROGRESS_DOUSING,Putting out the fire...,Ateş söndürülüyor...,Feuer wird gelöscht...,Apagando el fuego...,Extinction du feu...,Spegnimento del fuoco...,Apagando o fogo...,Тушение костра...,Gaszenie ogniska...,火を消しています...,불 끄는 중...,正在灭火……,正在滅火……
CAMPFIRE_READY,Ready to light,Yakmaya hazır,Bereit zum Anzünden,Lista para encender,Prêt à allumer,Pronto da accendere,Pronta para acender,Готов к розжигу,Gotowe do rozpalenia,火をつける準備ができています,불 붙일 준비 완료,可以点火了,可以點火了
CAMPFIRE_BURNING,Burning · %s left,Yanıyor · %s kaldı,Brennt · noch %s,Ardiendo · quedan %s,Brûle · encore %s,Brucia · ancora %s,Queimando · faltam %s,Горит · осталось %s,Płonie · zostało %s,燃えています · 残り%s,타는 중 · %s 남음,燃烧中 · 剩余 %s,燃燒中 · 剩餘 %s
CAMPFIRE_EMBERS,Glowing embers,Közler kızarıyor,Glühende Glut,Brasas encendidas,Braises rougeoyantes,Braci ardenti,Brasas acesas,Тлеющие угли,Żarzące się węgle,赤く光る熾火,빨갛게 타는 숯불,余烬发着红光,餘燼發著紅光
CAMPFIRE_ASH,Burnt out · add wood to relight,Söndü · yeniden yakmak için odun at,Ausgebrannt · Holz nachlegen zum Anzünden,Apagada · añade leña para reavivarla,Éteint · ajoute du bois pour le rallumer,Spento · aggiungi legna per riaccenderlo,Apagada · coloque lenha para reacender,"Прогорел · подкинь дров, чтобы разжечь","Wygasło · dołóż drewna, by rozpalić",燃え尽きた · 薪をくべると再び燃える,다 탔어요 · 장작을 넣으면 다시 붙어요,已熄灭 · 添柴可重新点燃,已熄滅 · 添柴可重新點燃
HINT_CAMPFIRE_COOK,Hold a raw fish and press E to cook it,Pişirmek için elinde çiğ balıkla E'ye bas,Mit einem rohen Fisch in der Hand E drücken zum Braten,"Con un pescado crudo en la mano, pulsa E para cocinarlo","Un poisson cru en main, appuie sur E pour le cuire","Con un pesce crudo in mano, premi E per cuocerlo","Com um peixe cru na mão, aperte E para assá-lo","С сырой рыбой в руке нажми E, чтобы пожарить","Z surową rybą w ręce naciśnij E, by ją upiec",生の魚を持ってEを押すと焼けます,날생선을 들고 E를 누르면 구워요,手持生鱼按 E 烤熟,手持生魚按 E 烤熟
MSG_CAMPFIRE_FULL,No room over the fire: wait for a fish to cook.,Ateşin üstünde yer yok: bir balığın pişmesini bekle.,"Kein Platz mehr über dem Feuer: Warte, bis ein Fisch gar ist.",No hay sitio sobre el fuego: espera a que se haga un pescado.,Plus de place au-dessus du feu : attends qu'un poisson soit cuit.,Non c'è posto sul fuoco: aspetta che un pesce sia cotto.,Não há espaço sobre o fogo: espere um peixe assar.,"Над костром нет места: дождись, пока рыба пожарится.","Nad ogniskiem nie ma miejsca: poczekaj, aż ryba się upiecze.",火の上に空きがありません。魚が焼けるのを待ってください。,불 위에 자리가 없어요. 생선이 다 구워질 때까지 기다리세요.,火上没有位置了：等一条鱼烤好吧。,火上沒有位置了：等一條魚烤好吧。
MSG_CAMPFIRE_ENOUGH_WOOD,The fire has plenty of wood.,Ateşte yeterince odun var.,Das Feuer hat genug Holz.,El fuego ya tiene leña de sobra.,Le feu a assez de bois.,Il fuoco ha legna a sufficienza.,O fogo já tem lenha de sobra.,В костре достаточно дров.,W ognisku jest dość drewna.,薪は十分にあります。,장작은 충분해요.,柴火已经够了。,柴火已經夠了。
MSG_CAMPFIRE_BURNT_DOWN,Your campfire has burnt down to embers.,Kamp ateşin köze döndü.,Dein Lagerfeuer ist zu Glut heruntergebrannt.,Tu fogata se ha quedado en brasas.,Ton feu de camp n'est plus que braises.,Il tuo falò si è ridotto a brace.,Sua fogueira virou brasa.,Твой костёр прогорел до углей.,Twoje ognisko dopaliło się do żaru.,たき火が燃え尽きて熾火になりました。,모닥불이 다 타서 숯불만 남았어요.,你的篝火烧成了余烬。,你的營火燒成了餘燼。
MSG_CAMPFIRE_DOUSED,The fire is out.,Ateş söndü.,Das Feuer ist aus.,El fuego se ha apagado.,Le feu est éteint.,Il fuoco è spento.,O fogo apagou.,Костёр потушен.,Ognisko zgaszone.,火が消えました。,불이 꺼졌어요.,火灭了。,火滅了。
MSG_CAMPFIRE_ROOF,A fire can't burn under a roof.,Çatı altında ateş yakılmaz.,Unter einem Dach kann kein Feuer brennen.,No se puede hacer fuego bajo techo.,Pas de feu sous un toit.,Non si può accendere un fuoco sotto un tetto.,Não dá para fazer fogo debaixo de um teto.,Под крышей костёр не разжечь.,Pod dachem nie można rozpalić ogniska.,屋根の下では火をたけません。,지붕 아래에서는 불을 피울 수 없어요.,屋顶下不能生火。,屋頂下不能生火。
MSG_NOT_HUNGRY,You're full.,Karnın tok.,Du bist satt.,Estás lleno.,Tu n'as plus faim.,Sei sazio.,Você está satisfeito.,Ты сыт.,Jesteś najedzony.,お腹いっぱいです。,배가 불러요.,你已经吃饱了。,你已經吃飽了。
MSG_HUNGRY,You're getting hungry. Hold some food and right click to eat.,Acıkmaya başladın. Yemek için elinde yiyecekle sağ tıkla.,Du bekommst Hunger. Nimm etwas zu essen in die Hand und klicke rechts.,Empiezas a tener hambre. Coge algo de comida y haz clic derecho para comer.,Tu commences à avoir faim. Prends de la nourriture en main et fais un clic droit pour manger.,Inizi ad avere fame. Prendi del cibo in mano e fai clic destro per mangiare.,Você está ficando com fome. Segure um alimento e clique com o botão direito para comer.,"Ты проголодался. Возьми еду в руку и нажми ПКМ, чтобы поесть.","Robisz się głodny. Weź jedzenie do ręki i kliknij PPM, by zjeść.",お腹が空いてきました。食べ物を持って右クリックで食べられます。,배가 고파지기 시작했어요. 음식을 들고 우클릭하면 먹어요.,你饿了。手持食物按右键即可进食。,你餓了。手持食物按右鍵即可進食。
MSG_STARVING,"You're starving! Too weak to run, and work goes slowly until you eat.","Çok açsın! Yemek yiyene kadar koşamaz, daha yavaş çalışırsın.","Du bist ausgehungert! Bis du isst, kannst du nicht rennen und arbeitest langsamer.",¡Te mueres de hambre! Hasta que comas no podrás correr y trabajarás más lento.,"Tu meurs de faim ! Tant que tu n'as pas mangé, tu ne peux plus courir et tu travailles plus lentement.",Stai morendo di fame! Finché non mangi non puoi correre e lavori più lentamente.,"Você está faminto! Até comer, não consegue correr e trabalha mais devagar.","Ты умираешь с голоду! Пока не поешь, не сможешь бегать и будешь работать медленнее.","Umierasz z głodu! Dopóki nie zjesz, nie możesz biegać i pracujesz wolniej.",お腹がぺこぺこです！食べるまで走れず、作業も遅くなります。,너무 배고파요! 뭔가 먹기 전까지는 달릴 수 없고 일도 느려져요.,你饿坏了！吃东西之前跑不动，干活也会变慢。,你餓壞了！吃東西之前跑不動，幹活也會變慢。
MSG_TIRED,You're getting tired. Sleep in your bed tonight.,Yorulmaya başladın. Bu gece yatağında uyu.,Du wirst müde. Schlaf heute Nacht in deinem Bett.,Te estás cansando. Duerme en tu cama esta noche.,Tu commences à fatiguer. Dors dans ton lit ce soir.,Ti stai stancando. Stanotte dormi nel tuo letto.,Você está ficando cansado. Durma na sua cama esta noite.,Ты устаёшь. Сегодня ночью поспи в своей кровати.,Robisz się zmęczony. Prześpij się dziś w łóżku.,疲れてきました。今夜はベッドで眠りましょう。,피곤해지기 시작했어요. 오늘 밤엔 침대에서 주무세요.,你累了。今晚回床上睡一觉吧。,你累了。今晚回床上睡一覺吧。
MSG_EXHAUSTED,"You're exhausted: too tired to run, and work goes slowly. Go to bed!","Bitkinsin: koşamaz, daha yavaş çalışırsın. Hemen yat!","Du bist erschöpft: Rennen geht nicht mehr, die Arbeit geht langsam. Ab ins Bett!",Estás agotado: no puedes correr y trabajas más lento. ¡A la cama!,Tu es épuisé : impossible de courir et tu travailles lentement. Au lit !,Sei esausto: non riesci a correre e lavori lentamente. A letto!,Você está exausto: não consegue correr e trabalha devagar. Vá para a cama!,"Ты вымотан: бегать нет сил, работа идёт медленно. Пора спать!",Jesteś wyczerpany: nie masz siły biegać i pracujesz wolno. Do łóżka!,へとへとです。走れず、作業も遅くなります。もう寝ましょう！,완전히 지쳤어요. 달릴 수 없고 일도 느려져요. 어서 주무세요!,你筋疲力尽：跑不动，干活也慢。快去睡觉！,你筋疲力盡：跑不動，幹活也慢。快去睡覺！
HUD_HUNGRY,HUNGRY,AÇ,HUNGRIG,HAMBRE,FAIM,FAME,FOME,ГОЛОД,GŁÓD,空腹,배고픔,饥饿,飢餓
HUD_STARVING,STARVING,ÇOK AÇ,AUSGEHUNGERT,FAMÉLICO,AFFAMÉ,AFFAMATO,FAMINTO,СИЛЬНЫЙ ГОЛОД,WYGŁODZONY,飢え,굶주림,饿坏了,餓壞了
HUD_TIRED,TIRED,YORGUN,MÜDE,CANSADO,FATIGUÉ,STANCO,CANSADO,УСТАЛОСТЬ,ZMĘCZONY,疲れ,피곤함,疲倦,疲倦
HUD_EXHAUSTED,EXHAUSTED,BİTKİN,ERSCHÖPFT,AGOTADO,ÉPUISÉ,ESAUSTO,EXAUSTO,ИЗНЕМОЖЕНИЕ,WYCZERPANY,へとへと,탈진,精疲力尽,精疲力盡
ITEM_FISH_RUDD,Rudd,Kızılkanat,Rotfeder,Gardí,Rotengle,Scardola,Escardínio,Краснопёрка,Wzdręga,ラッド,러드,红眼鱼,紅眼魚
ITEM_FISH_CRUCIAN,Crucian Carp,Havuz Balığı,Karausche,Carpín,Carassin,Carassio,Carássio,Карась,Karaś,フナ,붕어,鲫鱼,鯽魚
ITEM_FISH_PERCH,Perch,Tatlısu Levreği,Flussbarsch,Perca,Perche,Pesce persico,Perca,Окунь,Okoń,パーチ,퍼치,河鲈,河鱸
ITEM_FISH_CRAYFISH,Crayfish,Kerevit,Flusskrebs,Cangrejo de río,Écrevisse,Gambero di fiume,Lagostim,Рак,Rak,ザリガニ,가재,小龙虾,小龍蝦
ITEM_FISH_CARP,Carp,Sazan,Karpfen,Carpa,Carpe,Carpa,Carpa,Сазан,Karp,コイ,잉어,鲤鱼,鯉魚
ITEM_FISH_TENCH,Tench,Kadife Balığı,Schleie,Tenca,Tanche,Tinca,Tenca,Линь,Lin,テンチ,텐치,丁鱥,丁鱥
ITEM_FISH_TROUT,Rainbow Trout,Gökkuşağı Alabalığı,Regenbogenforelle,Trucha arcoíris,Truite arc-en-ciel,Trota iridea,Truta arco-íris,Радужная форель,Pstrąg tęczowy,ニジマス,무지개송어,虹鳟,虹鱒
ITEM_FISH_ZANDER,Zander,Sudak,Zander,Lucioperca,Sandre,Lucioperca,Lucioperca,Судак,Sandacz,ザンダー,잔더,梭鲈,梭鱸
ITEM_FISH_PIKE,Pike,Turna Balığı,Hecht,Lucio,Brochet,Luccio,Lúcio,Щука,Szczupak,パイク,강꼬치고기,狗鱼,狗魚
ITEM_FISH_CATFISH,Wels Catfish,Yayın Balığı,Wels,Siluro,Silure,Siluro,Bagre-europeu,Сом,Sum,ナマズ,메기,鲶鱼,鯰魚
ITEM_FISH_RUDD_COOKED,Grilled Rudd,Izgara Kızılkanat,Gegrillte Rotfeder,Gardí a la brasa,Rotengle grillé,Scardola alla griglia,Escardínio grelhado,Жареная краснопёрка,Wzdręga z grilla,ラッドの塩焼き,구운 러드,烤红眼鱼,烤紅眼魚
ITEM_FISH_CRUCIAN_COOKED,Grilled Crucian Carp,Izgara Havuz Balığı,Gegrillte Karausche,Carpín a la brasa,Carassin grillé,Carassio alla griglia,Carássio grelhado,Жареный карась,Karaś z grilla,フナの塩焼き,구운 붕어,烤鲫鱼,烤鯽魚
ITEM_FISH_PERCH_COOKED,Grilled Perch,Izgara Levrek,Gegrillter Flussbarsch,Perca a la brasa,Perche grillée,Persico alla griglia,Perca grelhada,Жареный окунь,Okoń z grilla,パーチの塩焼き,구운 퍼치,烤河鲈,烤河鱸
ITEM_FISH_CRAYFISH_COOKED,Grilled Crayfish,Izgara Kerevit,Gegrillter Flusskrebs,Cangrejo de río a la brasa,Écrevisse grillée,Gambero di fiume alla griglia,Lagostim grelhado,Жареный рак,Rak z grilla,焼きザリガニ,구운 가재,烤小龙虾,烤小龍蝦
ITEM_FISH_CARP_COOKED,Grilled Carp,Izgara Sazan,Gegrillter Karpfen,Carpa a la brasa,Carpe grillée,Carpa alla griglia,Carpa grelhada,Жареный сазан,Karp z grilla,コイの塩焼き,구운 잉어,烤鲤鱼,烤鯉魚
ITEM_FISH_TENCH_COOKED,Grilled Tench,Izgara Kadife,Gegrillte Schleie,Tenca a la brasa,Tanche grillée,Tinca alla griglia,Tenca grelhada,Жареный линь,Lin z grilla,テンチの塩焼き,구운 텐치,烤丁鱥,烤丁鱥
ITEM_FISH_TROUT_COOKED,Grilled Rainbow Trout,Izgara Gökkuşağı Alabalığı,Gegrillte Regenbogenforelle,Trucha arcoíris a la brasa,Truite arc-en-ciel grillée,Trota iridea alla griglia,Truta arco-íris grelhada,Жареная радужная форель,Pstrąg tęczowy z grilla,ニジマスの塩焼き,구운 무지개송어,烤虹鳟,烤虹鱒
ITEM_FISH_ZANDER_COOKED,Grilled Zander,Izgara Sudak,Gegrillter Zander,Lucioperca a la brasa,Sandre grillé,Lucioperca alla griglia,Lucioperca grelhada,Жареный судак,Sandacz z grilla,ザンダーの塩焼き,구운 잔더,烤梭鲈,烤梭鱸
ITEM_FISH_PIKE_COOKED,Grilled Pike,Izgara Turna,Gegrillter Hecht,Lucio a la brasa,Brochet grillé,Luccio alla griglia,Lúcio grelhado,Жареная щука,Szczupak z grilla,パイクの塩焼き,구운 강꼬치고기,烤狗鱼,烤狗魚
ITEM_FISH_CATFISH_COOKED,Grilled Catfish,Izgara Yayın,Gegrillter Wels,Siluro a la brasa,Silure grillé,Siluro alla griglia,Bagre-europeu grelhado,Жареный сом,Sum z grilla,ナマズの塩焼き,구운 메기,烤鲶鱼,烤鯰魚
DESC_FISH_RUDD,A silvery pond fish with bright red fins.,"Parlak kırmızı yüzgeçli, gümüşi bir gölet balığı.",Ein silbriger Teichfisch mit leuchtend roten Flossen.,Un pez plateado de estanque con aletas rojo vivo.,Un poisson d'étang argenté aux nageoires rouge vif.,Un pesce d'acqua dolce argenteo dalle pinne rosso acceso.,Um peixe prateado de lago com nadadeiras vermelhas.,Серебристая прудовая рыба с ярко-красными плавниками.,Srebrzysta ryba stawowa o jaskrawoczerwonych płetwach.,ひれが真っ赤な、銀色の池の魚。,지느러미가 새빨간 은빛 연못 물고기.,鳍鲜红的银色池塘鱼。,鰭鮮紅的銀色池塘魚。
DESC_FISH_CRUCIAN,"A round golden fish, the pond's most common catch.","Yuvarlak, altın rengi; göletin en yaygın balığı.","Ein runder, goldener Fisch – der häufigste Fang im Teich.","Un pez redondo y dorado, la captura más común del estanque.","Un poisson rond et doré, la prise la plus courante de l'étang.","Un pesce tondo e dorato, la preda più comune dello stagno.","Um peixe redondo e dourado, o mais comum do lago.",Круглая золотистая рыба — самый частый улов в пруду.,"Okrągła, złocista ryba – najczęstsza zdobycz w stawie.",丸くて金色の、池でいちばんよく釣れる魚。,"둥글고 금빛인, 연못에서 가장 흔한 물고기.",圆圆的金色小鱼，池塘里最常见的渔获。,圓圓的金色小魚，池塘裡最常見的漁獲。
DESC_FISH_PERCH,A striped hunter with a spiny fin. Loves worms.,"Dikenli yüzgeçli, çizgili bir avcı. Solucana bayılır.",Ein gestreifter Räuber mit stachliger Flosse. Liebt Würmer.,Un cazador rayado de aleta espinosa. Le encantan los gusanos.,Un chasseur rayé à la nageoire épineuse. Adore les vers.,Un predatore a strisce con la pinna spinosa. Adora i vermi.,Um caçador listrado de nadadeira espinhosa. Adora minhocas.,Полосатый хищник с колючим плавником. Обожает червей.,Pręgowany drapieżnik o kolczastej płetwie. Uwielbia robaki.,トゲのあるひれを持つ縞模様のハンター。ミミズが大好物。,가시 지느러미를 가진 줄무늬 사냥꾼. 지렁이를 좋아해요.,带刺鳍的条纹猎手，最爱蚯蚓。,帶刺鰭的條紋獵手，最愛蚯蚓。
DESC_FISH_CRAYFISH,"Crawls over the muddy bottom, mostly at night.","Çamurlu dipte gezinir, çoğunlukla geceleri.","Krabbelt über den schlammigen Grund, meist nachts.","Se arrastra por el fondo fangoso, sobre todo de noche.","Rampe sur le fond vaseux, surtout la nuit.","Striscia sul fondo fangoso, soprattutto di notte.","Rasteja pelo fundo lamacento, principalmente à noite.","Ползает по илистому дну, чаще ночью.","Pełza po mulistym dnie, głównie nocą.",泥の底をはい回る。夜によく釣れる。,진흙 바닥을 기어 다녀요. 주로 밤에.,在泥底爬行，多在夜间出没。,在泥底爬行，多在夜間出沒。
DESC_FISH_CARP,A heavy bronze-scaled carp. Bites best at dawn.,"İri, bronz pullu bir sazan. En iyi şafakta vurur.",Ein schwerer Karpfen mit Bronzeschuppen. Beißt am besten im Morgengrauen.,Una carpa pesada de escamas bronce. Pica mejor al amanecer.,Une lourde carpe aux écailles bronze. Mord surtout à l'aube.,Una carpa pesante dalle squame bronzee. Abbocca all'alba.,Uma carpa pesada de escamas bronze. Morde melhor ao amanhecer.,Тяжёлый сазан с бронзовой чешуёй. Лучше клюёт на рассвете.,Ciężki karp o brązowych łuskach. Najlepiej bierze o świcie.,ブロンズ色のうろこの大きなコイ。夜明けによく食う。,청동빛 비늘의 묵직한 잉어. 새벽에 입질이 좋아요.,青铜色鳞片的大鲤鱼，黎明时最爱咬钩。,青銅色鱗片的大鯉魚，黎明時最愛咬鉤。
DESC_FISH_TENCH,"A slimy, olive-green fish with red eyes.","Kaygan, zeytin yeşili, kırmızı gözlü bir balık.","Ein schleimiger, olivgrüner Fisch mit roten Augen.","Un pez viscoso, verde oliva y de ojos rojos.",Un poisson visqueux vert olive aux yeux rouges.,Un pesce viscido verde oliva dagli occhi rossi.,Um peixe viscoso verde-oliva de olhos vermelhos.,Скользкая оливково-зелёная рыба с красными глазами.,"Śliska, oliwkowozielona ryba o czerwonych oczach.",ぬるぬるしたオリーブ色の、赤い目の魚。,미끌미끌한 올리브색에 눈이 빨간 물고기.,滑溜溜的橄榄绿色红眼鱼。,滑溜溜的橄欖綠色紅眼魚。
DESC_FISH_TROUT,A spotted trout with a pink stripe. Rare in a pond.,"Pembe çizgili, benekli bir alabalık. Gölette nadirdir.",Eine gepunktete Forelle mit rosa Streifen. Im Teich selten.,Una trucha moteada con franja rosa. Rara en un estanque.,Une truite tachetée à bande rose. Rare dans un étang.,Una trota maculata con una striscia rosa. Rara in uno stagno.,Uma truta pintada com faixa rosa. Rara em lagos.,Пятнистая форель с розовой полосой. В пруду редкость.,Nakrapiany pstrąg z różowym pasem. W stawie rzadki.,ピンクの帯がある斑点模様のマス。池では珍しい。,분홍 줄무늬가 있는 점박이 송어. 연못에선 드물어요.,带粉色条纹的斑点鳟鱼，池塘里很少见。,帶粉色條紋的斑點鱒魚，池塘裡很少見。
DESC_FISH_ZANDER,A glassy-eyed predator that hunts at dusk.,"Alacakaranlıkta avlanan, cam gözlü bir yırtıcı.","Ein glasäugiger Räuber, der in der Dämmerung jagt.",Un depredador de ojos vidriosos que caza al anochecer.,Un prédateur aux yeux vitreux qui chasse au crépuscule.,Un predatore dagli occhi vitrei che caccia al tramonto.,Um predador de olhos vítreos que caça ao entardecer.,"Хищник со стеклянными глазами, охотится в сумерках.","Drapieżnik o szklistych oczach, poluje o zmierzchu.",夕暮れに狩りをする、ガラスのような目の捕食者。,해 질 녘에 사냥하는 유리 눈의 포식자.,在黄昏捕猎、眼睛像玻璃的掠食者。,在黃昏捕獵、眼睛像玻璃的掠食者。
DESC_FISH_PIKE,A long green ambusher with a mouthful of teeth.,"Ağzı diş dolu, uzun ve yeşil bir pusucu.","Ein langer, grüner Lauerjäger mit einem Maul voller Zähne.",Un largo acechador verde con la boca llena de dientes.,"Un long chasseur vert à l'affût, la gueule pleine de dents.","Un lungo predatore verde in agguato, con la bocca piena di denti.","Um longo caçador verde de tocaia, com a boca cheia de dentes.","Длинная зелёная засадчица с пастью, полной зубов.","Długi, zielony drapieżnik z paszczą pełną zębów.",口いっぱいに歯が並ぶ、細長い緑の待ち伏せ屋。,이빨이 가득한 길쭉한 녹색 매복꾼.,满嘴利齿、埋伏猎食的绿色长鱼。,滿嘴利齒、埋伏獵食的綠色長魚。
DESC_FISH_CATFISH,The pond's whiskered giant. Comes up at night.,Göletin bıyıklı devi. Geceleri ortaya çıkar.,Der bärtige Riese des Teichs. Kommt nachts hoch.,El gigante bigotudo del estanque. Sube de noche.,Le géant moustachu de l'étang. Remonte la nuit.,Il gigante baffuto dello stagno. Sale di notte.,O gigante bigodudo do lago. Sobe à noite.,Усатый великан пруда. Поднимается ночью.,Wąsaty olbrzym stawu. Wypływa nocą.,池に潜むひげの巨大魚。夜に上がってくる。,연못의 수염 난 거인. 밤에 올라와요.,池塘里长胡须的巨物，夜里才浮上来。,池塘裡長鬍鬚的巨物，夜裡才浮上來。
DESC_FISH_RUDD_COOKED,Grilled on the campfire. Right-click to eat it.,Kamp ateşinde ızgara. Yemek için sağ tıkla.,Über dem Lagerfeuer gegrillt. Rechtsklick zum Essen.,Asado en la fogata. Clic derecho para comerlo.,Grillé au feu de camp. Clic droit pour le manger.,Grigliato sul fuoco da campo. Clic destro per mangiarlo.,Grelhado na fogueira. Clique direito para comer.,"Зажарено на костре. Правый клик, чтобы съесть.","Upieczone na ognisku. Kliknij prawym, aby zjeść.",たき火で焼いたもの。右クリックで食べる。,모닥불에 구웠어요. 우클릭으로 먹어요.,在篝火上烤熟了。右键食用。,在營火上烤熟了。右鍵食用。
DESC_FISH_CRUCIAN_COOKED,Grilled on the campfire. Right-click to eat it.,Kamp ateşinde ızgara. Yemek için sağ tıkla.,Über dem Lagerfeuer gegrillt. Rechtsklick zum Essen.,Asado en la fogata. Clic derecho para comerlo.,Grillé au feu de camp. Clic droit pour le manger.,Grigliato sul fuoco da campo. Clic destro per mangiarlo.,Grelhado na fogueira. Clique direito para comer.,"Зажарено на костре. Правый клик, чтобы съесть.","Upieczone na ognisku. Kliknij prawym, aby zjeść.",たき火で焼いたもの。右クリックで食べる。,모닥불에 구웠어요. 우클릭으로 먹어요.,在篝火上烤熟了。右键食用。,在營火上烤熟了。右鍵食用。
DESC_FISH_PERCH_COOKED,Grilled on the campfire. Right-click to eat it.,Kamp ateşinde ızgara. Yemek için sağ tıkla.,Über dem Lagerfeuer gegrillt. Rechtsklick zum Essen.,Asado en la fogata. Clic derecho para comerlo.,Grillé au feu de camp. Clic droit pour le manger.,Grigliato sul fuoco da campo. Clic destro per mangiarlo.,Grelhado na fogueira. Clique direito para comer.,"Зажарено на костре. Правый клик, чтобы съесть.","Upieczone na ognisku. Kliknij prawym, aby zjeść.",たき火で焼いたもの。右クリックで食べる。,모닥불에 구웠어요. 우클릭으로 먹어요.,在篝火上烤熟了。右键食用。,在營火上烤熟了。右鍵食用。
DESC_FISH_CRAYFISH_COOKED,Grilled on the campfire. Right-click to eat it.,Kamp ateşinde ızgara. Yemek için sağ tıkla.,Über dem Lagerfeuer gegrillt. Rechtsklick zum Essen.,Asado en la fogata. Clic derecho para comerlo.,Grillé au feu de camp. Clic droit pour le manger.,Grigliato sul fuoco da campo. Clic destro per mangiarlo.,Grelhado na fogueira. Clique direito para comer.,"Зажарено на костре. Правый клик, чтобы съесть.","Upieczone na ognisku. Kliknij prawym, aby zjeść.",たき火で焼いたもの。右クリックで食べる。,모닥불에 구웠어요. 우클릭으로 먹어요.,在篝火上烤熟了。右键食用。,在營火上烤熟了。右鍵食用。
DESC_FISH_CARP_COOKED,Grilled on the campfire. Right-click to eat it.,Kamp ateşinde ızgara. Yemek için sağ tıkla.,Über dem Lagerfeuer gegrillt. Rechtsklick zum Essen.,Asado en la fogata. Clic derecho para comerlo.,Grillé au feu de camp. Clic droit pour le manger.,Grigliato sul fuoco da campo. Clic destro per mangiarlo.,Grelhado na fogueira. Clique direito para comer.,"Зажарено на костре. Правый клик, чтобы съесть.","Upieczone na ognisku. Kliknij prawym, aby zjeść.",たき火で焼いたもの。右クリックで食べる。,모닥불에 구웠어요. 우클릭으로 먹어요.,在篝火上烤熟了。右键食用。,在營火上烤熟了。右鍵食用。
DESC_FISH_TENCH_COOKED,Grilled on the campfire. Right-click to eat it.,Kamp ateşinde ızgara. Yemek için sağ tıkla.,Über dem Lagerfeuer gegrillt. Rechtsklick zum Essen.,Asado en la fogata. Clic derecho para comerlo.,Grillé au feu de camp. Clic droit pour le manger.,Grigliato sul fuoco da campo. Clic destro per mangiarlo.,Grelhado na fogueira. Clique direito para comer.,"Зажарено на костре. Правый клик, чтобы съесть.","Upieczone na ognisku. Kliknij prawym, aby zjeść.",たき火で焼いたもの。右クリックで食べる。,모닥불에 구웠어요. 우클릭으로 먹어요.,在篝火上烤熟了。右键食用。,在營火上烤熟了。右鍵食用。
DESC_FISH_TROUT_COOKED,Grilled on the campfire. Right-click to eat it.,Kamp ateşinde ızgara. Yemek için sağ tıkla.,Über dem Lagerfeuer gegrillt. Rechtsklick zum Essen.,Asado en la fogata. Clic derecho para comerlo.,Grillé au feu de camp. Clic droit pour le manger.,Grigliato sul fuoco da campo. Clic destro per mangiarlo.,Grelhado na fogueira. Clique direito para comer.,"Зажарено на костре. Правый клик, чтобы съесть.","Upieczone na ognisku. Kliknij prawym, aby zjeść.",たき火で焼いたもの。右クリックで食べる。,모닥불에 구웠어요. 우클릭으로 먹어요.,在篝火上烤熟了。右键食用。,在營火上烤熟了。右鍵食用。
DESC_FISH_ZANDER_COOKED,Grilled on the campfire. Right-click to eat it.,Kamp ateşinde ızgara. Yemek için sağ tıkla.,Über dem Lagerfeuer gegrillt. Rechtsklick zum Essen.,Asado en la fogata. Clic derecho para comerlo.,Grillé au feu de camp. Clic droit pour le manger.,Grigliato sul fuoco da campo. Clic destro per mangiarlo.,Grelhado na fogueira. Clique direito para comer.,"Зажарено на костре. Правый клик, чтобы съесть.","Upieczone na ognisku. Kliknij prawym, aby zjeść.",たき火で焼いたもの。右クリックで食べる。,모닥불에 구웠어요. 우클릭으로 먹어요.,在篝火上烤熟了。右键食用。,在營火上烤熟了。右鍵食用。
DESC_FISH_PIKE_COOKED,Grilled on the campfire. Right-click to eat it.,Kamp ateşinde ızgara. Yemek için sağ tıkla.,Über dem Lagerfeuer gegrillt. Rechtsklick zum Essen.,Asado en la fogata. Clic derecho para comerlo.,Grillé au feu de camp. Clic droit pour le manger.,Grigliato sul fuoco da campo. Clic destro per mangiarlo.,Grelhado na fogueira. Clique direito para comer.,"Зажарено на костре. Правый клик, чтобы съесть.","Upieczone na ognisku. Kliknij prawym, aby zjeść.",たき火で焼いたもの。右クリックで食べる。,모닥불에 구웠어요. 우클릭으로 먹어요.,在篝火上烤熟了。右键食用。,在營火上烤熟了。右鍵食用。
DESC_FISH_CATFISH_COOKED,Grilled on the campfire. Right-click to eat it.,Kamp ateşinde ızgara. Yemek için sağ tıkla.,Über dem Lagerfeuer gegrillt. Rechtsklick zum Essen.,Asado en la fogata. Clic derecho para comerlo.,Grillé au feu de camp. Clic droit pour le manger.,Grigliato sul fuoco da campo. Clic destro per mangiarlo.,Grelhado na fogueira. Clique direito para comer.,"Зажарено на костре. Правый клик, чтобы съесть.","Upieczone na ognisku. Kliknij prawym, aby zjeść.",たき火で焼いたもの。右クリックで食べる。,모닥불에 구웠어요. 우클릭으로 먹어요.,在篝火上烤熟了。右键食用。,在營火上烤熟了。右鍵食用。
ITEM_OLD_BOOT,Old Rubber Boot,Eski Lastik Çizme,Alter Gummistiefel,Bota de goma vieja,Vieille botte en caoutchouc,Vecchio stivale di gomma,Bota de borracha velha,Старый резиновый сапог,Stary gumowiec,古い長靴,낡은 장화,旧雨靴,舊雨靴
DESC_OLD_BOOT,Someone lost this in the pond long ago. Worth next to nothing.,Biri bunu çok önce gölete düşürmüş. Neredeyse hiç değeri yok.,Den hat jemand vor langer Zeit im Teich verloren. So gut wie wertlos.,Alguien la perdió en el estanque hace tiempo. No vale casi nada.,Quelqu'un l'a perdue dans l'étang il y a longtemps. Ne vaut presque rien.,Qualcuno l'ha perso nello stagno tanto tempo fa. Non vale quasi nulla.,Alguém perdeu isto no lago há muito tempo. Não vale quase nada.,Кто-то давно потерял его в пруду. Почти ничего не стоит.,Ktoś dawno zgubił go w stawie. Prawie nic nie jest wart.,だれかが昔池に落としたもの。ほとんど価値はない。,누가 오래전에 연못에 빠뜨렸어요. 거의 값어치가 없어요.,有人很久以前掉进池塘的，几乎一文不值。,有人很久以前掉進池塘的，幾乎一文不值。
CAT_FISH,Fish,Balık,Fisch,Pescado,Poisson,Pesce,Peixe,Рыба,Ryba,魚,물고기,鱼,魚
CAT_FOOD,Food,Yiyecek,Essen,Comida,Nourriture,Cibo,Comida,Еда,Jedzenie,食べ物,음식,食物,食物
CAT_JUNK,Junk,Hurda,Kram,Chatarra,Bric-à-brac,Cianfrusaglia,Tralha,Хлам,Rupieć,ガラクタ,잡동사니,杂物,雜物
FISH_RARITY_COMMON,Common,Yaygın,Häufig,Común,Commun,Comune,Comum,Обычная,Pospolita,コモン,흔함,常见,常見
FISH_RARITY_UNCOMMON,Uncommon,Az bulunur,Ungewöhnlich,Poco común,Peu commun,Non comune,Incomum,Необычная,Niepospolita,アンコモン,드묾,少见,少見
FISH_RARITY_RARE,Rare,Nadir,Selten,Rara,Rare,Rara,Rara,Редкая,Rzadka,レア,희귀,稀有,稀有
FISH_RARITY_LEGENDARY,Legendary,Efsanevi,Legendär,Legendaria,Légendaire,Leggendaria,Lendária,Легендарная,Legendarna,伝説,전설,传说,傳說
FISH_RARITY_JUNK,Junk,Hurda,Kram,Chatarra,Bric-à-brac,Cianfrusaglia,Tralha,Хлам,Rupieć,ガラクタ,잡동사니,杂物,雜物
MSG_FISH_CAUGHT,"Caught: %s, %s (%s)","Yakaladın: %s, %s (%s)","Gefangen: %s, %s (%s)","Capturado: %s, %s (%s)","Pris : %s, %s (%s)","Preso: %s, %s (%s)","Pegou: %s, %s (%s)","Поймано: %s, %s (%s)","Złowiono: %s, %s (%s)",釣れた：%s、%s（%s）,"잡았다: %s, %s (%s)",钓到了：%s，%s（%s）,釣到了：%s，%s（%s）
MSG_FISH_JUNK,Just junk: %s.,Sadece hurda: %s.,Nur Kram: %s.,Solo chatarra: %s.,Rien qu'un déchet : %s.,Solo robaccia: %s.,Só tralha: %s.,Всего лишь хлам: %s.,Tylko rupieć: %s.,ただのガラクタ：%s,그냥 잡동사니: %s,只是杂物：%s,只是雜物：%s
MSG_FISH_ESCAPED,It got away with the bait!,"Kaçtı, yemi de götürdü!",Weg ist er – samt Köder!,¡Se escapó con el cebo!,Il s'est échappé avec l'appât !,È scappato con l'esca!,Escapou com a isca!,Сорвалась вместе с наживкой!,Uciekła razem z przynętą!,エサごと逃げられた！,미끼만 먹고 도망갔다!,鱼跑了，饵也没了！,魚跑了，餌也沒了！
MSG_FISH_TOO_EARLY,Too early: nothing on the hook.,Çok erken: oltada bir şey yok.,Zu früh: nichts am Haken.,Demasiado pronto: no hay nada en el anzuelo.,Trop tôt : rien au bout de la ligne.,Troppo presto: niente all'amo.,Cedo demais: nada no anzol.,Слишком рано: на крючке пусто.,Za wcześnie: nic na haczyku.,早すぎた：何も掛かっていない。,너무 일러요: 바늘에 아무것도 없어요.,太早了：钩上什么都没有。,太早了：鉤上什麼都沒有。
MSG_FISH_NO_BAIT,No bait: buy worms or dough at the market.,Yem yok: pazardan solucan ya da hamur al.,Kein Köder: Kauf Würmer oder Teig auf dem Markt.,Sin cebo: compra gusanos o masa en el mercado.,Pas d'appât : achète des vers ou de la pâte au marché.,Niente esca: compra vermi o pasta al mercato.,Sem isca: compre minhocas ou massa no mercado.,Нет наживки: купи червей или тесто на рынке.,Brak przynęty: kup robaki lub ciasto na targu.,エサがない：市場でミミズか練りエサを買おう。,미끼가 없어요: 시장에서 지렁이나 떡밥을 사세요.,没有鱼饵：去集市买蚯蚓或面团。,沒有魚餌：去市集買蚯蚓或麵團。
MSG_FISH_NO_WATER,Face the pond to cast.,Oltayı atmak için gölete dön.,"Dreh dich zum Teich, um auszuwerfen.",Mira hacia el estanque para lanzar.,Tourne-toi vers l'étang pour lancer.,Girati verso lo stagno per lanciare.,Vire-se para o lago para arremessar.,"Повернись к пруду, чтобы забросить.","Stań twarzą do stawu, żeby zarzucić.",池の方を向いて投げよう。,연못 쪽을 보고 던지세요.,面向池塘才能抛竿。,面向池塘才能拋竿。
MSG_FISH_ON_LAND,The float landed on the bank: cast into the water.,Şamandıra kıyıya düştü: suya at.,Die Pose ist am Ufer gelandet: Wirf ins Wasser.,El flotador cayó en la orilla: lanza al agua.,Le flotteur est tombé sur la rive : lance dans l'eau.,Il galleggiante è finito sulla riva: lancia in acqua.,A boia caiu na margem: arremesse na água.,Поплавок упал на берег: забрасывай в воду.,Spławik wylądował na brzegu: zarzuć do wody.,ウキが岸に落ちた：水面に投げよう。,찌가 물가에 떨어졌어요: 물에 던지세요.,浮漂落在岸上了：往水里抛。,浮標落在岸上了：往水裡拋。
MSG_FISH_BAIT,Bait: %s,Yem: %s,Köder: %s,Cebo: %s,Appât : %s,Esca: %s,Isca: %s,Наживка: %s,Przynęta: %s,エサ：%s,미끼: %s,鱼饵：%s,魚餌：%s
HINT_FISH_NO_BAIT,No bait (worms or dough),Yem yok (solucan ya da hamur),Kein Köder (Würmer oder Teig),Sin cebo (gusanos o masa),Pas d'appât (vers ou pâte),Niente esca (vermi o pasta),Sem isca (minhocas ou massa),Нет наживки (черви или тесто),Brak przynęty (robaki lub ciasto),エサなし（ミミズか練りエサ）,미끼 없음 (지렁이나 떡밥),没有鱼饵（蚯蚓或面团）,沒有魚餌（蚯蚓或麵團）
ACTION_CAST,Cast,Oltayı at,Auswerfen,Lanzar,Lancer,Lancia,Arremessar,Забросить,Zarzuć,投げる,던지기,抛竿,拋竿
ACTION_CHANGE_BAIT,Change bait,Yemi değiştir,Köder wechseln,Cambiar cebo,Changer d'appât,Cambia esca,Trocar isca,Сменить наживку,Zmień przynętę,エサを変える,미끼 바꾸기,换鱼饵,換魚餌
ACTION_REEL_IN,Reel in,Oltayı çek,Einholen,Recoger,Ramener,Recupera,Recolher,Смотать,Zwiń,巻き取る,감기,收线,收線
ACTION_STRIKE,Strike!,Çek!,Anschlagen!,¡Tira!,Ferre !,Ferra!,Fisgue!,Подсекай!,Zatnij!,合わせる！,챔질!,提竿！,提竿！
PROGRESS_CAST,Cast power,Atış gücü,Wurfkraft,Fuerza del lanzamiento,Force du lancer,Forza del lancio,Força do arremesso,Сила заброса,Siła rzutu,キャストの強さ,던지기 힘,抛竿力度,拋竿力道
SAPLING_STAGE_0,Sapling,Fidan,Setzling,Plantón,Jeune plant,Alberello,Muda,Саженец,Sadzonka,苗木,묘목,树苗,樹苗
SAPLING_STAGE_1,Young tree,Genç ağaç,Junger Baum,Árbol joven,Jeune arbre,Albero giovane,Árvore jovem,Молодое дерево,Młode drzewo,若木,어린 나무,幼树,幼樹
SAPLING_STAGE_2,Growing tree,Büyüyen ağaç,Wachsender Baum,Árbol en crecimiento,Arbre en croissance,Albero in crescita,Árvore em crescimento,Подрастающее дерево,Rosnące drzewo,成長中の木,자라는 나무,成长中的树,成長中的樹
TREE_KIND_CONIFER,Conifer,İğne yapraklı,Nadelbaum,Conífera,Conifère,Conifera,Conífera,Хвойное,Iglaste,針葉樹,침엽수,针叶树,針葉樹
TREE_KIND_BROADLEAF,Broadleaf,Geniş yapraklı,Laubbaum,Frondoso,Feuillu,Latifoglia,Folhosa,Лиственное,Liściaste,広葉樹,활엽수,阔叶树,闊葉樹
SAPLING_NEEDS_WATER,Needs water to grow,Büyümek için su istiyor,Braucht Wasser zum Wachsen,Necesita agua para crecer,A besoin d'eau pour pousser,Ha bisogno d'acqua per crescere,Precisa de água para crescer,"Нужна вода, чтобы расти","Potrzebuje wody, by rosnąć",育つには水が必要,자라려면 물이 필요해요,需要浇水才能生长,需要澆水才能生長
SAPLING_NOT_HERE,"Plant saplings in open ground, away from paths, fields and buildings.","Fidanı yollardan, tarlalardan ve binalardan uzakta açık toprağa dik.","Setzlinge gehören auf freien Boden, abseits von Wegen, Feldern und Gebäuden.","Planta los plantones en terreno abierto, lejos de caminos, campos y edificios.","Plante les jeunes plants en terrain dégagé, loin des chemins, des champs et des bâtiments.","Pianta gli alberelli in terreno aperto, lontano da sentieri, campi ed edifici.","Plante mudas em terreno aberto, longe de caminhos, campos e construções.","Сажай саженцы на открытой земле, подальше от дорог, полей и построек.","Sadź sadzonki na otwartym terenie, z dala od ścieżek, pól i budynków.",苗木は道や畑、建物から離れた開けた地面に植えよう。,"묘목은 길, 밭, 건물에서 떨어진 빈 땅에 심으세요.",请把树苗种在远离道路、田地和建筑的空地上。,請把樹苗種在遠離道路、田地和建築的空地上。
SAPLING_TOO_CLOSE,Too close to another tree.,Başka bir ağaca çok yakın.,Zu nah an einem anderen Baum.,Demasiado cerca de otro árbol.,Trop près d'un autre arbre.,Troppo vicino a un altro albero.,Perto demais de outra árvore.,Слишком близко к другому дереву.,Za blisko innego drzewa.,ほかの木に近すぎる。,다른 나무와 너무 가까워요.,离其他树太近了。,離其他樹太近了。
ACTION_DIG_UP,DIG UP,SÖK,AUSGRABEN,DESENTERRAR,DÉTERRER,DISSOTTERRA,DESENTERRAR,ВЫКОПАТЬ,WYKOP,掘り起こす,파내기,挖出,挖出
MSG_SAPLING_PLANTED,Sapling planted. Water it and it grows into a tree in about two days.,Fidan dikildi. Sularsan yaklaşık iki günde ağaca dönüşür.,"Setzling gepflanzt. Gieß ihn, dann wird er in etwa zwei Tagen ein Baum.",Plantón plantado. Riégalo y en unos dos días será un árbol.,Jeune plant planté. Arrose-le et il deviendra un arbre en deux jours environ.,Alberello piantato. Annaffialo e in circa due giorni diventerà un albero.,Muda plantada. Regue-a e em cerca de dois dias ela vira uma árvore.,"Саженец посажен. Поливай его, и примерно через два дня он станет деревом.","Sadzonka posadzona. Podlewaj ją, a za około dwa dni wyrośnie z niej drzewo.",苗木を植えた。水をやれば2日ほどで木に育つ。,묘목을 심었어요. 물을 주면 이틀쯤 뒤 나무로 자라요.,树苗种好了。给它浇水，大约两天后就会长成大树。,樹苗種好了。給它澆水，大約兩天後就會長成大樹。
MSG_SAPLING_GROWN,A sapling has grown into a tree!,Bir fidan ağaca dönüştü!,Ein Setzling ist zu einem Baum herangewachsen!,¡Un plantón se ha convertido en árbol!,Un jeune plant est devenu un arbre !,Un alberello è diventato un albero!,Uma muda virou uma árvore!,Саженец вырос в дерево!,Sadzonka wyrosła na drzewo!,苗木が木に育った！,묘목이 나무로 자랐어요!,一棵树苗长成了大树！,一棵樹苗長成了大樹！
QUEST_HARVEST2,Harvest your ripe crops (%d),Olgunlaşan ekinlerini hasat et (%d),"Ernte, was auf dem Feld reif ist (%d)",Cosecha lo que esté maduro (%d),Récolte ce qui est mûr (%d),Raccogli ciò che è maturo (%d),Colha o que estiver maduro (%d),Собери созревший урожай (%d),Zbierz dojrzałe plony (%d),実った作物を収穫しよう（%d）,다 익은 작물을 수확하세요 (%d),收获成熟的作物（%d）,收成成熟的作物（%d）
QUEST_LOAD_CROPS,Load the harvest into the pickup's bed (%d),Hasadı pikabın kasasına yükle (%d),Lade die Ernte auf die Ladefläche des Pick-ups (%d),Carga la cosecha en la caja de la camioneta (%d),Charge la récolte dans la benne du pick-up (%d),Carica il raccolto sul cassone del pick-up (%d),Carregue a colheita na caçamba da caminhonete (%d),Погрузи урожай в кузов пикапа (%d),Załaduj plony na pakę pikapa (%d),収穫物をピックアップの荷台に積もう（%d）,수확물을 픽업 짐칸에 실으세요 (%d),把收成装上皮卡的货斗（%d）,把收成裝上皮卡的貨斗（%d）
QUEST_SELL_MARKET,Drive to the Yeşilova market and sell the harvest (%d),Pikapla Yeşilova marketine git ve hasadı sat (%d),Fahr zum Markt in Yeşilova und verkaufe die Ernte (%d),Conduce al mercado de Yeşilova y vende la cosecha (%d),Va au marché de Yeşilova et vends la récolte (%d),Guida fino al mercato di Yeşilova e vendi il raccolto (%d),Dirija até o mercado de Yeşilova e venda a colheita (%d),Доедь до рынка в Ешилове и продай урожай (%d),Jedź na targ w Yeşilova i sprzedaj plony (%d),イェシロヴァの市場まで運転して収穫物を売ろう（%d）,예실로바 시장으로 가서 수확물을 파세요 (%d),开车去耶希洛瓦市场卖掉收成（%d）,開車去耶希洛瓦市場賣掉收成（%d）
HINT_SELL_TOWN,Load your goods into the pickup and sell them at the Yeşilova market,Ürünlerini pikaba yükle ve Yeşilova marketinde sat,Lade deine Waren in den Pick-up und verkaufe sie auf dem Markt in Yeşilova,Carga tus productos en la camioneta y véndelos en el mercado de Yeşilova,Charge tes produits dans le pick-up et vends-les au marché de Yeşilova,Carica i tuoi prodotti sul pick-up e vendili al mercato di Yeşilova,Carregue seus produtos na caminhonete e venda-os no mercado de Yeşilova,Погрузи товар в пикап и продай его на рынке в Ешилове,Załaduj towar na pikapa i sprzedaj go na targu w Yeşilova,品物をピックアップに積んでイェシロヴァの市場で売ろう,물건을 픽업에 싣고 예실로바 시장에서 파세요,把货物装上皮卡，拿到耶希洛瓦市场去卖,把貨物裝上皮卡，拿到耶希洛瓦市場去賣
ACTION_MARKET_PEN,Animal market: %s,Hayvan pazarı: %s,Tiermarkt: %s,Mercado de animales: %s,Marché aux bestiaux : %s,Mercato del bestiame: %s,Feira de animais: %s,Скотный рынок: %s,Targ zwierząt: %s,家畜市場：%s,가축 시장: %s,牲畜市场：%s,牲畜市場：%s
MARKET_FOR_SALE,For sale,Satılık,Zu verkaufen,En venta,À vendre,In vendita,À venda,В продаже,Na sprzedaż,販売中,판매 중,出售中,出售中
MARKET_REQUIREMENTS,What the farm needs,Çiftlikte gerekenler,Was der Hof braucht,Lo que necesita la granja,Ce qu’il faut à la ferme,Cosa serve alla fattoria,O que a fazenda precisa,Что нужно на ферме,Czego potrzebuje farma,農場に必要なもの,농장에 필요한 것,农场需要的条件,農場需要的條件
MARKET_REQ_LEVEL,Farm level %d,Çiftlik seviyesi %d,Hofstufe %d,Nivel de granja %d,Ferme de niveau %d,Livello fattoria %d,Nível da fazenda %d,Уровень фермы %d,Poziom farmy %d,農場レベル %d,농장 레벨 %d,农场等级 %d,農場等級 %d
MARKET_BUILT,Built,Var,Gebaut,Construido,Construit,Costruito,Construído,Построено,Zbudowane,建設済み,건설됨,已建成,已建成
MARKET_NOT_BUILT,Not built,Yok,Nicht gebaut,Sin construir,Pas construit,Non costruito,Não construído,Не построено,Niezbudowane,未建設,미건설,未建造,未建造
MARKET_DELIVERY,The dealer brings it straight to its place on your farm.,Satıcı hayvanı doğrudan çiftliğindeki yerine getirir.,Der Händler bringt es direkt an seinen Platz auf deinem Hof.,El vendedor lo lleva directamente a su sitio en tu granja.,Le marchand l’amène directement à sa place dans ta ferme.,Il mercante lo porta direttamente al suo posto nella tua fattoria.,O vendedor leva o animal direto para o lugar dele na sua fazenda.,Торговец сам доставит животное на его место на твоей ферме.,Handlarz przywiezie zwierzę prosto na jego miejsce na twojej farmie.,商人が農場のすみかまで直接届けてくれます。,상인이 농장의 우리까지 바로 데려다줘요.,商贩会直接把它送到你农场上的住处。,商販會直接把牠送到你農場上的住處。
ANIMAL_ROOSTER,Rooster,Horoz,Hahn,Gallo,Coq,Gallo,Galo,Петух,Kogut,オンドリ,수탉,公鸡,公雞
ANIMAL_ROOSTER_BABY,Chick,Civciv,Küken,Pollito,Poussin,Pulcino,Pintinho,Цыплёнок,Kurczę,ヒヨコ,병아리,小鸡,小雞
ITEM_ROOSTER_CRATE,Crated Rooster,Kafesli Horoz,Hahn in der Kiste,Gallo en jaula,Coq en caisse,Gallo in cassetta,Galo na caixa,Петух в ящике,Kogut w skrzynce,箱入りのオンドリ,상자 속 수탉,笼装公鸡,籠裝公雞
DESC_ROOSTER_CRATE,"A live rooster in a wooden transport crate. Let him out at a coop: he crows at dawn, and the eggs his hens leave in the nests hatch into chicks.","Tahta taşıma kafesinde canlı bir horoz. Onu bir kümese sal: şafakta öter, tavukların yuvada bıraktığı yumurtalardan civciv çıkar.","Ein lebender Hahn in einer Transportkiste aus Holz. Lass ihn in einem Hühnerstall frei: Er kräht im Morgengrauen, und aus den Eiern, die seine Hennen im Nest lassen, schlüpfen Küken.","Un gallo vivo en una jaula de transporte de madera. Suéltalo en un gallinero: canta al amanecer, y de los huevos que sus gallinas dejan en el nido salen pollitos.","Un coq vivant dans une caisse de transport en bois. Lâche-le dans un poulailler : il chante à l'aube, et les œufs que ses poules laissent au nid donnent des poussins.","Un gallo vivo in una cassetta di legno da trasporto. Liberalo in un pollaio: canta all'alba, e dalle uova che le sue galline lasciano nel nido nascono pulcini.","Um galo vivo numa caixa de transporte de madeira. Solte-o num galinheiro: ele canta ao amanhecer, e dos ovos que as galinhas deixam no ninho nascem pintinhos.","Живой петух в деревянном транспортном ящике. Выпусти его в курятник: он поёт на рассвете, а из яиц, оставленных курами в гнёздах, вылупляются цыплята.","Żywy kogut w drewnianej skrzynce transportowej. Wypuść go w kurniku: pieje o świcie, a z jaj, które jego kury zostawią w gniazdach, wykluwają się kurczęta.",木の運搬箱に入った生きたオンドリ。鶏小屋に放そう。夜明けに鳴き、メンドリが巣に残した卵からヒヨコがかえる。,"나무 운반 상자에 든 살아 있는 수탉. 닭장에 풀어 주세요. 새벽마다 울고, 암탉들이 둥지에 남긴 알에서 병아리가 깨어나요.",装在木制运输笼里的活公鸡。把它放进鸡舍：它天一亮就打鸣，母鸡留在窝里的蛋会孵出小鸡。,裝在木製運輸籠裡的活公雞。把牠放進雞舍：牠天一亮就啼叫，母雞留在窩裡的蛋會孵出小雞。
MSG_CHICK_HATCHED,A chick hatched: %s (mother: %s)!,Bir civciv yumurtadan çıktı: %s (anne: %s)!,Ein Küken ist geschlüpft: %s (Mutter: %s)!,¡Ha nacido un pollito: %s (madre: %s)!,Un poussin est né : %s (mère : %s) !,È nato un pulcino: %s (madre: %s)!,Nasceu um pintinho: %s (mãe: %s)!,Вылупился цыплёнок: %s (мама: %s)!,Wykluło się kurczę: %s (matka: %s)!,ヒヨコがかえりました：%s（母親：%s）！,병아리가 태어났어요: %s (어미: %s)!,孵出了一只小鸡：%s（妈妈：%s）！,孵出了一隻小雞：%s（媽媽：%s）！
MSG_EGG_NO_ROOM,The coop is full: an egg in the nest couldn't hatch.,Kümes dolu: yuvadaki bir yumurtadan civciv çıkamadı.,Der Stall ist voll: Aus einem Ei im Nest konnte kein Küken schlüpfen.,El gallinero está lleno: un huevo del nido no pudo eclosionar.,Le poulailler est plein : un œuf du nid n'a pas pu éclore.,Il pollaio è pieno: un uovo nel nido non ha potuto schiudersi.,O galinheiro está cheio: um ovo do ninho não pôde chocar.,Курятник полон: из яйца в гнезде не смог вылупиться цыплёнок.,Kurnik jest pełny: z jaja w gnieździe nic nie mogło się wykluć.,鶏小屋が満員のため、巣の卵がかえりませんでした。,닭장이 꽉 차서 둥지의 알이 부화하지 못했어요.,鸡舍满了：窝里的一枚蛋没能孵出来。,雞舍滿了：窩裡的一顆蛋沒能孵出來。
MSG_ROOSTER_IN,The rooster has moved in: eggs you leave in the nests will hatch into chicks a day later.,Horoz kümese yerleşti: yuvada bıraktığın yumurtalardan bir gün sonra civciv çıkacak.,"Der Hahn ist eingezogen: Aus Eiern, die du im Nest lässt, schlüpfen einen Tag später Küken.",El gallo ya vive en el gallinero: de los huevos que dejes en el nido saldrán pollitos al día siguiente.,Le coq s'est installé : les œufs que tu laisses au nid donneront des poussins le lendemain.,Il gallo si è sistemato: dalle uova che lasci nel nido nasceranno pulcini il giorno dopo.,O galo se mudou: dos ovos que você deixar no ninho nascerão pintinhos um dia depois.,"Петух поселился в курятнике: из яиц, оставленных в гнёздах, через день вылупятся цыплята.",Kogut się wprowadził: z jaj zostawionych w gniazdach dzień później wyklują się kurczęta.,オンドリが住みつきました。巣に残した卵は、1日後にヒヨコになります。,수탉이 닭장에 들어왔어요. 둥지에 남겨 둔 알은 하루 뒤 병아리로 깨어나요.,公鸡住进来了：留在窝里的蛋，一天后就会孵出小鸡。,公雞住進來了：留在窩裡的蛋，一天後就會孵出小雞。
QUEST_ROOSTER_WAIT,Free time: Grandpa's next plans come tomorrow morning,Serbest zaman: dedenin yeni planları yarın sabah,Freie Zeit: Opas nächste Pläne kommen morgen früh,Tiempo libre: los siguientes planes del abuelo llegan mañana por la mañana,Temps libre : les prochains projets de grand-père arrivent demain matin,Tempo libero: i prossimi piani del nonno arrivano domattina,Tempo livre: os próximos planos do vovô chegam amanhã de manhã,Свободное время: новые планы деда — завтра утром,Czas wolny: kolejne plany dziadka przyjdą jutro rano,自由時間：おじいちゃんの次の計画は明日の朝に,자유 시간: 할아버지의 다음 계획은 내일 아침에,自由时间：爷爷的下一步计划明天早上揭晓,自由時間：爺爺的下一步計畫明天早上揭曉
QUEST_ROOSTER_BUY,Buy a rooster at the animal market in Yeşilova,Yeşilova'daki hayvan pazarından bir horoz al,Kauf einen Hahn auf dem Tiermarkt in Yeşilova,Compra un gallo en el mercado de animales de Yeşilova,Achète un coq au marché aux bestiaux de Yeşilova,Compra un gallo al mercato degli animali di Yeşilova,Compre um galo na feira de animais de Yeşilova,Купи петуха на скотном рынке в Ешилове,Kup koguta na targu zwierząt w Yeşilova,イェシロヴァの家畜市場でオンドリを買う,예실로바 가축 시장에서 수탉 사기,在耶希洛瓦的牲畜市场买一只公鸡,在耶希洛瓦的牲畜市場買一隻公雞
QUEST_ROOSTER_IN,Let the rooster into the coop (E at the door),Horozu kümesin kapısından içeri bırak (E),Lass den Hahn in den Hühnerstall (E an der Tür),Suelta el gallo en el gallinero (E en la puerta),Lâche le coq dans le poulailler (E à la porte),Libera il gallo nel pollaio (E alla porta),Solte o galo no galinheiro (E na porta),Выпусти петуха в курятник (E у двери),Wpuść koguta do kurnika (E przy drzwiach),オンドリを鶏小屋に放す（戸口でE）,수탉을 닭장에 풀어 주기 (문 앞에서 E),把公鸡放进鸡舍（在门口按 E）,把公雞放進雞舍（在門口按 E）
CHAPTER_ROOSTER,The flock grows,Sürü büyüyor,Die Schar wächst,La bandada crece,La basse-cour s'agrandit,Il pollaio cresce,O galinheiro cresce,Стая растёт,Stado rośnie,群れが増える,식구가 늘다,鸡群壮大,雞群壯大
CHAPTER_ROOSTER_NOTE,"Good morning, child! A coop without a rooster is a quiet coop. Bring a proud one home from the animal market and name him well; the proud ones crow till they faint. Eggs left in the nests under him hatch the next day. Then water the new beds: a crop wants water every morning.","Günaydın evladım! Horozsuz kümes sessiz kümestir. Hayvan pazarından gururlu bir horoz getir, adını da güzel koy; gururlusu öte öte bayılır. Yuvada bırakılan yumurtalar ertesi gün civciv olur. Sonra yeni yatakları sula: ekin her sabah su ister.","Guten Morgen, Kind! Ein Stall ohne Hahn ist ein stiller Stall. Hol einen stolzen vom Tiermarkt und gib ihm einen guten Namen; die Stolzen krähen, bis sie umfallen. Eier, die unter ihm in den Nestern bleiben, schlüpfen am nächsten Tag. Dann gieß die neuen Beete: Was wächst, will jeden Morgen Wasser.","¡Buenos días, hijo! Un gallinero sin gallo es un gallinero callado. Tráete uno orgulloso del mercado de animales y ponle un buen nombre; los orgullosos cantan hasta desmayarse. Los huevos que queden en los nidos con él eclosionan al día siguiente. Luego riega las parcelas nuevas: lo sembrado pide agua cada mañana.","Bonjour, mon petit ! Un poulailler sans coq est un poulailler bien silencieux. Ramène un fier coq du marché aux bêtes et donne-lui un beau nom ; les plus fiers chantent jusqu'à s'évanouir. Les œufs laissés dans les nids éclosent le lendemain. Ensuite, arrose les nouvelles parcelles : ce qui pousse veut de l'eau chaque matin.","Buongiorno, ragazzo! Un pollaio senza gallo è un pollaio silenzioso. Porta a casa un gallo fiero dal mercato degli animali e dagli un bel nome; i più fieri cantano fino a svenire. Le uova lasciate nei nidi si schiudono il giorno dopo. Poi annaffia le aiuole nuove: quel che cresce vuole acqua ogni mattina.","Bom dia, meu filho! Galinheiro sem galo é galinheiro calado. Traga um galo orgulhoso da feira de animais e dê a ele um bom nome; os orgulhosos cantam até desmaiar. Os ovos deixados nos ninhos chocam no dia seguinte. Depois regue os canteiros novos: planta quer água toda manhã.","Доброе утро, дитя! Курятник без петуха — тихий курятник. Привези с животного рынка гордого петуха и дай ему достойное имя; гордецы кукарекают, пока не упадут в обморок. Яйца, оставленные в гнёздах, наутро станут цыплятами. А потом полей новые грядки: посевы просят воды каждое утро.","Dzień dobry, dziecko! Kurnik bez koguta to cichy kurnik. Przywieź z targu zwierząt dumnego koguta i nadaj mu porządne imię; te dumne pieją, aż zemdleją. Jajka zostawione w gniazdach wyklują się następnego dnia. Potem podlej nowe grządki: uprawy chcą wody co rano.",おはよう！オンドリのいない小屋は静かな小屋じゃ。家畜市場から威勢のいいのを連れてきて、立派な名前をつけてやりなさい。威勢のいいのは鳴きすぎて気絶するがな。巣に残した卵は次の日にかえる。それから、新しい畑に水をやっておくれ。作物は毎朝水を欲しがるからな。,좋은 아침이다! 수탉 없는 닭장은 조용한 닭장이지. 가축 시장에서 늠름한 녀석을 데려와 멋진 이름을 지어 주거라. 늠름한 놈들은 울다가 기절하기도 한단다. 둥지에 남겨 둔 알은 다음 날 부화하지. 그다음엔 새로 심은 밭에 물을 주거라. 작물은 매일 아침 물을 원하지.,早上好，孩子！没有公鸡的鸡舍可冷清了。去牲畜市场挑只神气的带回来，给它起个响亮的名字；神气的公鸡打鸣能把自己打晕过去。留在窝里的蛋第二天就会孵出小鸡。然后给新种的地浇浇水：庄稼每天早上都要喝水。,早安，孩子！沒有公雞的雞舍可冷清了。去牲畜市場挑隻神氣的帶回來，給牠起個響亮的名字；神氣的公雞打鳴能把自己打暈過去。留在窩裡的蛋第二天就會孵出小雞。然後給新種的地澆澆水：莊稼每天早上都要喝水。
RANCHER_ROOSTER,"Crows at dawn; with him in the coop, eggs left in the nests hatch into chicks.",Şafakta öter; kümesteyken yuvada bırakılan yumurtalardan civciv çıkar.,"Kräht im Morgengrauen; ist er im Stall, schlüpfen aus Eiern im Nest Küken.","Canta al amanecer; con él en el gallinero, de los huevos del nido salen pollitos.","Chante à l'aube ; avec lui au poulailler, les œufs laissés au nid donnent des poussins.","Canta all'alba; con lui nel pollaio, dalle uova lasciate nel nido nascono pulcini.","Canta ao amanhecer; com ele no galinheiro, dos ovos deixados no ninho nascem pintinhos.",Поёт на рассвете; с ним в курятнике из яиц в гнёздах вылупляются цыплята.,"Pieje o świcie; gdy jest w kurniku, z jaj w gniazdach wykluwają się kurczęta.",夜明けに鳴く。鶏小屋にいれば、巣に残した卵からヒヨコがかえる。,새벽에 울어요. 닭장에 있으면 둥지에 남긴 알에서 병아리가 깨어나요.,天亮就打鸣；有它在鸡舍，窝里留下的蛋会孵出小鸡。,天亮就啼叫；有牠在雞舍，窩裡留下的蛋會孵出小雞。
ACTION_RELEASE_ROOSTER,LET THE ROOSTER IN,HOROZU SAL,HAHN HINEINLASSEN,SOLTAR EL GALLO,LÂCHER LE COQ,LIBERA IL GALLO,SOLTAR O GALO,ВЫПУСТИТЬ ПЕТУХА,WYPUŚĆ KOGUTA,オンドリを放す,수탉 풀어 주기,放出公鸡,放出公雞
ITEM_BLUEBERRY,Blueberries,Yaban Mersini,Heidelbeeren,Arándanos,Myrtilles,Mirtilli,Mirtilos,Черника,Borówki,ブルーベリー,블루베리,蓝莓,藍莓
DESC_BLUEBERRY,A handful of wild blueberries from the forest's edge. Right-click to eat.,Orman kenarından bir avuç yabani yaban mersini. Yemek için sağ tıkla.,Eine Handvoll wilder Heidelbeeren vom Waldrand. Rechtsklick zum Essen.,Un puñado de arándanos silvestres del linde del bosque. Clic derecho para comer.,Une poignée de myrtilles sauvages de l'orée du bois. Clic droit pour manger.,Una manciata di mirtilli selvatici dal margine del bosco. Clic destro per mangiare.,Um punhado de mirtilos silvestres da beira da mata. Clique direito para comer.,Горсть лесной черники с опушки. Правый клик — съесть.,"Garść dzikich borówek ze skraju lasu. Kliknij prawym, aby zjeść.",森のはずれで摘んだ野生のブルーベリー。右クリックで食べる。,숲 가장자리에서 딴 야생 블루베리 한 줌. 우클릭으로 먹기.,从林边采来的一把野生蓝莓。右键食用。,從林邊採來的一把野生藍莓。右鍵食用。
ITEM_BLACKBERRY,Blackberries,Böğürtlen,Brombeeren,Moras,Mûres,More,Amoras,Ежевика,Jeżyny,ブラックベリー,블랙베리,黑莓,黑莓
DESC_BLACKBERRY,Sweet wild blackberries picked off the bramble. Right-click to eat.,Çalıdan toplanmış tatlı yabani böğürtlen. Yemek için sağ tıkla.,Süße wilde Brombeeren vom Dornbusch. Rechtsklick zum Essen.,Moras silvestres dulces recogidas de la zarza. Clic derecho para comer.,Des mûres sauvages bien sucrées cueillies sur la ronce. Clic droit pour manger.,More selvatiche dolci colte dal rovo. Clic destro per mangiare.,Amoras silvestres doces colhidas do espinheiro. Clique direito para comer.,Сладкая дикая ежевика с колючего куста. Правый клик — съесть.,"Słodkie dzikie jeżyny zerwane z krzaka. Kliknij prawym, aby zjeść.",茂みから摘んだ甘い野生のブラックベリー。右クリックで食べる。,덤불에서 딴 달콤한 야생 블랙베리. 우클릭으로 먹기.,从荆棘丛摘下的甜美野生黑莓。右键食用。,從荊棘叢摘下的甜美野生黑莓。右鍵食用。
ITEM_RASPBERRY,Raspberries,Ahududu,Himbeeren,Frambuesas,Framboises,Lamponi,Framboesas,Малина,Maliny,ラズベリー,라즈베리,覆盆子,覆盆子
DESC_RASPBERRY,"Soft wild raspberries, sweet and a little tart. Right-click to eat.","Yumuşacık yabani ahududu, tatlı ve hafif ekşi. Yemek için sağ tıkla.","Weiche wilde Himbeeren, süß und leicht säuerlich. Rechtsklick zum Essen.","Frambuesas silvestres tiernas, dulces y algo ácidas. Clic derecho para comer.","De tendres framboises sauvages, sucrées et un peu acidulées. Clic droit pour manger.","Lamponi selvatici morbidi, dolci e un po' aspri. Clic destro per mangiare.","Framboesas silvestres macias, doces e levemente azedas. Clique direito para comer.","Нежная лесная малина, сладкая с кислинкой. Правый клик — съесть.","Miękkie dzikie maliny, słodkie i lekko kwaskowe. Kliknij prawym, aby zjeść.",甘酸っぱくやわらかい野生のラズベリー。右クリックで食べる。,달콤새콤하고 부드러운 야생 라즈베리. 우클릭으로 먹기.,柔软的野生覆盆子，酸甜可口。右键食用。,柔軟的野生覆盆子，酸甜可口。右鍵食用。
ITEM_ROSEHIP,Rosehips,Kuşburnu,Hagebutten,Escaramujos,Cynorhodons,Bacche di rosa canina,Frutos de roseira-brava,Шиповник,Owoce dzikiej róży,ローズヒップ,로즈힙,野玫瑰果,野玫瑰果
DESC_ROSEHIP,"Tart red hips of the wild dog rose, full of vitamins. Right-click to eat.","Yabani gülün ekşimsi kırmızı meyveleri, vitamin deposu. Yemek için sağ tıkla.","Herbe rote Früchte der wilden Hundsrose, voller Vitamine. Rechtsklick zum Essen.","Frutos rojos y ácidos del rosal silvestre, llenos de vitaminas. Clic derecho para comer.","Fruits rouges acidulés de l'églantier, pleins de vitamines. Clic droit pour manger.","Bacche rosse e aspre della rosa canina, piene di vitamine. Clic destro per mangiare.","Frutos vermelhos e azedos da roseira-brava, cheios de vitaminas. Clique direito para comer.","Терпкие красные плоды дикой розы, полные витаминов. Правый клик — съесть.","Cierpkie czerwone owoce dzikiej róży, pełne witamin. Kliknij prawym, aby zjeść.",野バラの酸っぱい赤い実。ビタミンたっぷり。右クリックで食べる。,비타민이 가득한 들장미의 새콤한 빨간 열매. 우클릭으로 먹기.,野蔷薇酸酸的红色果实，富含维生素。右键食用。,野薔薇酸酸的紅色果實，富含維生素。右鍵食用。
ITEM_RABBIT,Wild Rabbit,Yabani Tavşan,Wildkaninchen,Conejo salvaje,Lapin sauvage,Coniglio selvatico,Coelho selvagem,Дикий кролик,Dziki królik,野ウサギ,야생 토끼,野兔,野兔
DESC_RABBIT,"Caught with your bare hands after a chase. Sell it, or clean it at the food table for meat.",Kovalayıp çıplak elle yakaladın. Satabilir ya da yemek tezgahında temizleyip et çıkarabilirsin.,Nach einer Verfolgungsjagd mit bloßen Händen gefangen. Verkaufe es oder zerlege es am Küchentisch zu Fleisch.,Atrapado con tus propias manos tras una persecución. Véndelo o límpialo en la mesa de cocina para sacar carne.,Attrapé à mains nues après une course-poursuite. Vends-le ou prépare-le à la table de cuisine pour en tirer de la viande.,Catturato a mani nude dopo un inseguimento. Vendilo o puliscilo al banco da cucina per ricavarne carne.,Pego com as próprias mãos depois de uma perseguição. Venda-o ou limpe-o na bancada de cozinha para tirar carne.,Пойман голыми руками после погони. Продай его или разделай на кухонном столе на мясо.,Złapany gołymi rękami po pościgu. Sprzedaj go albo oporządź przy stole kuchennym na mięso.,追いかけて素手で捕まえた。売るか、調理台でさばいて肉にしよう。,쫓아가서 맨손으로 잡았다. 팔거나 요리대에서 손질해 고기를 얻자.,追了一阵后徒手抓到的。可以卖掉，或在料理台处理成肉。,追了一陣後徒手抓到的。可以賣掉，或在料理台處理成肉。
CAT_FORAGE,Wild food,Yabani yemiş,Waldfrüchte,Fruto silvestre,Cueillette,Frutti selvatici,Frutos silvestres,Дикоросы,Runo leśne,山の幸,야생 열매,野果,野果
CAT_GAME,Game,Av,Wild,Caza,Gibier,Selvaggina,Caça,Дичь,Dziczyzna,獲物,사냥감,野味,野味
BUSH_BLUEBERRY,Blueberry bush,Yaban mersini çalısı,Heidelbeerstrauch,Arbusto de arándanos,Buisson de myrtilles,Cespuglio di mirtilli,Arbusto de mirtilo,Куст черники,Krzak borówki,ブルーベリーの茂み,블루베리 덤불,蓝莓丛,藍莓叢
BUSH_BLACKBERRY,Blackberry bramble,Böğürtlen çalısı,Brombeerstrauch,Zarzamora,Ronce à mûres,Rovo di more,Amoreira-silvestre,Куст ежевики,Krzak jeżyn,ブラックベリーの茂み,블랙베리 덤불,黑莓丛,黑莓叢
BUSH_RASPBERRY,Raspberry bush,Ahududu çalısı,Himbeerstrauch,Arbusto de frambuesas,Framboisier,Cespuglio di lamponi,Pé de framboesa,Куст малины,Krzak malin,ラズベリーの茂み,라즈베리 덤불,覆盆子丛,覆盆子叢
BUSH_ROSEHIP,Dog rose,Kuşburnu çalısı,Hundsrose,Rosal silvestre,Églantier,Rosa canina,Roseira-brava,Шиповник,Dzika róża,野バラ,들장미,野蔷薇,野薔薇
ACTION_PICK_BERRIES,PICK,TOPLA,PFLÜCKEN,RECOGER,CUEILLIR,RACCOGLI,COLHER,СОБРАТЬ,ZERWIJ,摘む,따기,采摘,採摘
BUSH_BARE,Picked clean: new berries in a few days,Toplandı: birkaç güne yeni meyve verir,Leer gepflückt: in ein paar Tagen wachsen neue Beeren,Recogido: en unos días dará frutos nuevos,Tout cueilli : de nouvelles baies dans quelques jours,Già raccolto: nuove bacche fra qualche giorno,Já colhido: novos frutos em alguns dias,Всё собрано: новые ягоды через несколько дней,Zebrane: nowe owoce za kilka dni,摘み取り済み：数日で新しい実がなる,다 땄다: 며칠 뒤 새 열매가 열린다,已采光：几天后会结新果,已採光：幾天後會結新果
BUSH_WINTER,Bare for the winter,Kışın meyve vermez,Im Winter trägt er keine Früchte,Sin frutos en invierno,Sans fruits en hiver,Niente frutti d'inverno,Sem frutos no inverno,Зимой не плодоносит,Zimą nie owocuje,冬は実がならない,겨울에는 열매가 없다,冬天不结果,冬天不結果
ACTION_CATCH,CATCH,YAKALA,FANGEN,ATRAPAR,ATTRAPER,PRENDI,PEGAR,ПОЙМАТЬ,ZŁAP,捕まえる,잡기,抓住,抓住
RABBIT_TITLE,Wild rabbit,Yabani tavşan,Wildkaninchen,Conejo salvaje,Lapin sauvage,Coniglio selvatico,Coelho selvagem,Дикий кролик,Dziki królik,野ウサギ,야생 토끼,野兔,野兔
RABBIT_HINT,Sprint after it (Shift) and grab it,Peşinden koş (Shift) ve yakala,Renn hinterher (Shift) und pack es,Corre tras él (Shift) y atrápalo,Cours après (Maj) et attrape-le,Corrigli dietro (Shift) e afferralo,Corra atrás dele (Shift) e agarre,Беги за ним (Shift) и хватай,Biegnij za nim (Shift) i łap,走って（Shift）追いかけて捕まえよう,달려서(Shift) 쫓아가 잡자,冲刺（Shift）追上去抓住它,衝刺（Shift）追上去抓住它
ITEM_FISH_RUDD_CLEANED,Cleaned Rudd,Temizlenmiş Kızılkanat,Ausgenommene Rotfeder,Gardí limpio,Rotengle vidé,Scardola pulita,Escardínio limpo,Разделанная краснопёрка,Oczyszczona wzdręga,下処理したラッド,손질한 러드,净膛红眼鱼,淨膛紅眼魚
ITEM_FISH_CRUCIAN_CLEANED,Cleaned Crucian Carp,Temizlenmiş Havuz Balığı,Ausgenommene Karausche,Carpín limpio,Carassin vidé,Carassio pulito,Carássio limpo,Разделанный карась,Oczyszczony karaś,下処理したフナ,손질한 붕어,净膛鲫鱼,淨膛鯽魚
ITEM_FISH_PERCH_CLEANED,Cleaned Perch,Temizlenmiş Tatlısu Levreği,Ausgenommener Flussbarsch,Perca limpia,Perche vidée,Pesce persico pulito,Perca limpa,Разделанный окунь,Oczyszczony okoń,下処理したパーチ,손질한 퍼치,净膛河鲈,淨膛河鱸
ITEM_FISH_CARP_CLEANED,Cleaned Carp,Temizlenmiş Sazan,Ausgenommener Karpfen,Carpa limpia,Carpe vidée,Carpa pulita,Carpa limpa,Разделанный сазан,Oczyszczony karp,下処理したコイ,손질한 잉어,净膛鲤鱼,淨膛鯉魚
ITEM_FISH_TENCH_CLEANED,Cleaned Tench,Temizlenmiş Kadife Balığı,Ausgenommene Schleie,Tenca limpia,Tanche vidée,Tinca pulita,Tenca limpa,Разделанный линь,Oczyszczony lin,下処理したテンチ,손질한 텐치,净膛丁鱥,淨膛丁鱥
ITEM_FISH_TROUT_CLEANED,Cleaned Rainbow Trout,Temizlenmiş Gökkuşağı Alabalığı,Ausgenommene Regenbogenforelle,Trucha arcoíris limpia,Truite arc-en-ciel vidée,Trota iridea pulita,Truta arco-íris limpa,Разделанная радужная форель,Oczyszczony pstrąg tęczowy,下処理したニジマス,손질한 무지개송어,净膛虹鳟,淨膛虹鱒
ITEM_FISH_ZANDER_CLEANED,Cleaned Zander,Temizlenmiş Sudak,Ausgenommener Zander,Lucioperca limpia,Sandre vidé,Lucioperca pulita,Lucioperca limpa,Разделанный судак,Oczyszczony sandacz,下処理したザンダー,손질한 잔더,净膛梭鲈,淨膛梭鱸
ITEM_FISH_PIKE_CLEANED,Cleaned Pike,Temizlenmiş Turna Balığı,Ausgenommener Hecht,Lucio limpio,Brochet vidé,Luccio pulito,Lúcio limpo,Разделанная щука,Oczyszczony szczupak,下処理したパイク,손질한 강꼬치고기,净膛狗鱼,淨膛狗魚
ITEM_FISH_CATFISH_CLEANED,Cleaned Wels Catfish,Temizlenmiş Yayın Balığı,Ausgenommener Wels,Siluro limpio,Silure vidé,Siluro pulito,Bagre-europeu limpo,Разделанный сом,Oczyszczony sum,下処理したナマズ,손질한 메기,净膛鲶鱼,淨膛鯰魚
ITEM_FISH_RUDD_CLEANED_COOKED,Grilled Cleaned Rudd,Temizlenmiş Izgara Kızılkanat,Gegrillte ausgenommene Rotfeder,Gardí limpio a la brasa,Rotengle vidé grillé,Scardola pulita alla griglia,Escardínio limpo grelhado,Жареная разделанная краснопёрка,Oczyszczona wzdręga z grilla,下処理したラッドの塩焼き,손질해 구운 러드,烤净膛红眼鱼,烤淨膛紅眼魚
ITEM_FISH_CRUCIAN_CLEANED_COOKED,Grilled Cleaned Crucian Carp,Temizlenmiş Izgara Havuz Balığı,Gegrillte ausgenommene Karausche,Carpín limpio a la brasa,Carassin vidé grillé,Carassio pulito alla griglia,Carássio limpo grelhado,Жареный разделанный карась,Oczyszczony karaś z grilla,下処理したフナの塩焼き,손질해 구운 붕어,烤净膛鲫鱼,烤淨膛鯽魚
ITEM_FISH_PERCH_CLEANED_COOKED,Grilled Cleaned Perch,Temizlenmiş Izgara Tatlısu Levreği,Gegrillter ausgenommener Flussbarsch,Perca limpia a la brasa,Perche vidée grillée,Pesce persico pulito alla griglia,Perca limpa grelhada,Жареный разделанный окунь,Oczyszczony okoń z grilla,下処理したパーチの塩焼き,손질해 구운 퍼치,烤净膛河鲈,烤淨膛河鱸
ITEM_FISH_CARP_CLEANED_COOKED,Grilled Cleaned Carp,Temizlenmiş Izgara Sazan,Gegrillter ausgenommener Karpfen,Carpa limpia a la brasa,Carpe vidée grillée,Carpa pulita alla griglia,Carpa limpa grelhada,Жареный разделанный сазан,Oczyszczony karp z grilla,下処理したコイの塩焼き,손질해 구운 잉어,烤净膛鲤鱼,烤淨膛鯉魚
ITEM_FISH_TENCH_CLEANED_COOKED,Grilled Cleaned Tench,Temizlenmiş Izgara Kadife Balığı,Gegrillte ausgenommene Schleie,Tenca limpia a la brasa,Tanche vidée grillée,Tinca pulita alla griglia,Tenca limpa grelhada,Жареный разделанный линь,Oczyszczony lin z grilla,下処理したテンチの塩焼き,손질해 구운 텐치,烤净膛丁鱥,烤淨膛丁鱥
ITEM_FISH_TROUT_CLEANED_COOKED,Grilled Cleaned Rainbow Trout,Temizlenmiş Izgara Gökkuşağı Alabalığı,Gegrillte ausgenommene Regenbogenforelle,Trucha arcoíris limpia a la brasa,Truite arc-en-ciel vidée grillée,Trota iridea pulita alla griglia,Truta arco-íris limpa grelhada,Жареная разделанная радужная форель,Oczyszczony pstrąg tęczowy z grilla,下処理したニジマスの塩焼き,손질해 구운 무지개송어,烤净膛虹鳟,烤淨膛虹鱒
ITEM_FISH_ZANDER_CLEANED_COOKED,Grilled Cleaned Zander,Temizlenmiş Izgara Sudak,Gegrillter ausgenommener Zander,Lucioperca limpia a la brasa,Sandre vidé grillé,Lucioperca pulita alla griglia,Lucioperca limpa grelhada,Жареный разделанный судак,Oczyszczony sandacz z grilla,下処理したザンダーの塩焼き,손질해 구운 잔더,烤净膛梭鲈,烤淨膛梭鱸
ITEM_FISH_PIKE_CLEANED_COOKED,Grilled Cleaned Pike,Temizlenmiş Izgara Turna Balığı,Gegrillter ausgenommener Hecht,Lucio limpio a la brasa,Brochet vidé grillé,Luccio pulito alla griglia,Lúcio limpo grelhado,Жареная разделанная щука,Oczyszczony szczupak z grilla,下処理したパイクの塩焼き,손질해 구운 강꼬치고기,烤净膛狗鱼,烤淨膛狗魚
ITEM_FISH_CATFISH_CLEANED_COOKED,Grilled Cleaned Wels Catfish,Temizlenmiş Izgara Yayın Balığı,Gegrillter ausgenommener Wels,Siluro limpio a la brasa,Silure vidé grillé,Siluro pulito alla griglia,Bagre-europeu limpo grelhado,Жареный разделанный сом,Oczyszczony sum z grilla,下処理したナマズの塩焼き,손질해 구운 메기,烤净膛鲶鱼,烤淨膛鯰魚
ITEM_FISH_RUDD_TROPHY,Giant Rudd,Dev Kızılkanat,Riesenrotfeder,Gardí gigante,Rotengle géant,Scardola gigante,Escardínio gigante,Гигантская краснопёрка,Olbrzymia wzdręga,巨大ラッド,거대 러드,巨型红眼鱼,巨型紅眼魚
ITEM_FISH_CRUCIAN_TROPHY,Giant Crucian Carp,Dev Havuz Balığı,Riesenkarausche,Carpín gigante,Carassin géant,Carassio gigante,Carássio gigante,Гигантский карась,Olbrzymi karaś,巨大フナ,거대 붕어,巨型鲫鱼,巨型鯽魚
ITEM_FISH_PERCH_TROPHY,Giant Perch,Dev Tatlısu Levreği,Riesenflussbarsch,Perca gigante,Perche géante,Pesce persico gigante,Perca gigante,Гигантский окунь,Olbrzymi okoń,巨大パーチ,거대 퍼치,巨型河鲈,巨型河鱸
ITEM_FISH_CRAYFISH_TROPHY,Giant Crayfish,Dev Kerevit,Riesenflusskrebs,Cangrejo de río gigante,Écrevisse géante,Gambero di fiume gigante,Lagostim gigante,Гигантский рак,Olbrzymi rak,巨大ザリガニ,거대 가재,巨型小龙虾,巨型小龍蝦
ITEM_FISH_CARP_TROPHY,Giant Carp,Dev Sazan,Riesenkarpfen,Carpa gigante,Carpe géante,Carpa gigante,Carpa gigante,Гигантский сазан,Olbrzymi karp,巨大コイ,거대 잉어,巨型鲤鱼,巨型鯉魚
ITEM_FISH_TENCH_TROPHY,Giant Tench,Dev Kadife Balığı,Riesenschleie,Tenca gigante,Tanche géante,Tinca gigante,Tenca gigante,Гигантский линь,Olbrzymi lin,巨大テンチ,거대 텐치,巨型丁鱥,巨型丁鱥
ITEM_FISH_TROUT_TROPHY,Giant Rainbow Trout,Dev Gökkuşağı Alabalığı,Riesenregenbogenforelle,Trucha arcoíris gigante,Truite arc-en-ciel géante,Trota iridea gigante,Truta arco-íris gigante,Гигантская радужная форель,Olbrzymi pstrąg tęczowy,巨大ニジマス,거대 무지개송어,巨型虹鳟,巨型虹鱒
ITEM_FISH_ZANDER_TROPHY,Giant Zander,Dev Sudak,Riesenzander,Lucioperca gigante,Sandre géant,Lucioperca gigante,Lucioperca gigante,Гигантский судак,Olbrzymi sandacz,巨大ザンダー,거대 잔더,巨型梭鲈,巨型梭鱸
ITEM_FISH_PIKE_TROPHY,Giant Pike,Dev Turna Balığı,Riesenhecht,Lucio gigante,Brochet géant,Luccio gigante,Lúcio gigante,Гигантская щука,Olbrzymi szczupak,巨大パイク,거대 강꼬치고기,巨型狗鱼,巨型狗魚
ITEM_FISH_CATFISH_TROPHY,Giant Wels Catfish,Dev Yayın Balığı,Riesenwels,Siluro gigante,Silure géant,Siluro gigante,Bagre-europeu gigante,Гигантский сом,Olbrzymi sum,巨大ナマズ,거대 메기,巨型鲶鱼,巨型鯰魚
ITEM_FOOD_TABLE,Food Table,Yemek Tezgahı,Zerlegetisch,Mesa de preparación,Table de préparation,Banco di preparazione,Bancada de preparo,Разделочный стол,Stół do oprawiania,調理台,손질대,料理台,料理台
DESC_FOOD_TABLE,"A butcher's table with a thick chopping board. Lay a fish or game on it and clean it with a knife from your bag. Raises the food's nutrition: a cleaned catch, cooked, fills you up far more.","Kalın kesme tahtalı bir kasap tezgahı. Üstüne balık ya da av koy, çantandaki bıçakla temizle. Yemeğin besin değerini artırır: temizlenip pişen av çok daha fazla doyurur.",Ein Metzgertisch mit dickem Hackbrett. Leg einen Fisch oder Wild darauf und nimm es mit einem Messer aus deiner Tasche aus. Erhöht den Nährwert: Ausgenommen und gegart macht der Fang viel satter.,Una mesa de carnicero con una tabla gruesa. Pon encima un pescado o una pieza de caza y límpiala con un cuchillo de tu bolsa. Aumenta el valor nutritivo: lo que limpias y cocinas sacia mucho más.,Une table de boucher avec une épaisse planche à découper. Poses-y un poisson ou du gibier et vide-le avec un couteau de ton sac. Augmente la valeur nutritive : une prise vidée puis cuite rassasie bien plus.,Un tavolo da macellaio con un grosso tagliere. Posaci un pesce o della selvaggina e puliscilo con un coltello dalla borsa. Aumenta il valore nutritivo: il pescato pulito e cotto sazia molto di più.,Uma bancada de açougueiro com uma tábua grossa. Coloque um peixe ou uma caça nela e limpe com uma faca da sua bolsa. Aumenta o valor nutritivo: o que é limpo e cozido sacia muito mais.,Стол мясника с толстой разделочной доской. Положи на него рыбу или дичь и разделай ножом из сумки. Повышает питательность еды: разделанный и приготовленный улов насыщает гораздо сильнее.,Stół rzeźnicki z grubą deską. Połóż na nim rybę lub zwierzynę i oczyść ją nożem z torby. Zwiększa wartość odżywczą: oczyszczony i upieczony połów syci o wiele bardziej.,厚いまな板のある肉屋の作業台。魚や獲物を置いて、バッグのナイフでさばく。食べ物の栄養価が上がる：さばいてから焼くと、ずっとお腹が満たされる。,두꺼운 도마가 있는 정육 작업대. 물고기나 사냥감을 올려놓고 가방 속 칼로 손질해요. 음식의 영양가가 올라가요: 손질해서 구우면 훨씬 더 배가 불러요.,带厚砧板的屠宰台。把鱼或猎物放在上面，用包里的小刀处理。提高食物的营养价值：处理后再烤，能填饱更多肚子。,帶厚砧板的屠宰台。把魚或獵物放在上面，用包裡的小刀處理。提高食物的營養價值：處理後再烤，能填飽更多肚子。
ITEM_RABBIT_MEAT,Rabbit Meat,Tavşan Eti,Kaninchenfleisch,Carne de conejo,Viande de lapin,Carne di coniglio,Carne de coelho,Крольчатина,Mięso królika,ウサギ肉,토끼고기,兔肉,兔肉
DESC_RABBIT_MEAT,A jointed hind leg of rabbit. Cook it on the campfire.,Parçalanmış bir tavşan budu. Kamp ateşinde pişir.,Eine zerlegte Kaninchenkeule. Brate sie am Lagerfeuer.,Un muslo de conejo despiezado. Ásalo en la hoguera.,Une cuisse de lapin découpée. Fais-la cuire sur le feu de camp.,Una coscia di coniglio sezionata. Cuocila sul falò.,Uma coxa de coelho cortada. Asse na fogueira.,Разделанная задняя ножка кролика. Пожарь её на костре.,Porcjowany udziec królika. Upiecz go na ognisku.,さばいたウサギのもも肉。たき火で焼こう。,손질한 토끼 뒷다리. 모닥불에 구워요.,切好的兔后腿。放在篝火上烤。,切好的兔後腿。放在營火上烤。
ITEM_RABBIT_MEAT_COOKED,Roast Rabbit,Kızarmış Tavşan,Gebratenes Kaninchen,Conejo asado,Lapin rôti,Coniglio arrosto,Coelho assado,Жареная крольчатина,Pieczony królik,ウサギのロースト,구운 토끼고기,烤兔肉,烤兔肉
CAT_MEAT,Meat,Et,Fleisch,Carne,Viande,Carne,Carne,Мясо,Mięso,肉,고기,肉类,肉類
ACTION_PUT_ON_TABLE,PUT ON THE TABLE,TEZGAHA KOY,AUF DEN TISCH LEGEN,PONER EN LA MESA,POSER SUR LA TABLE,METTI SUL BANCO,COLOCAR NA BANCADA,ПОЛОЖИТЬ НА СТОЛ,POŁÓŻ NA STOLE,台に置く,올려놓기,放到台上,放到台上
ACTION_CLEAN,CLEAN,TEMİZLE,AUSNEHMEN,LIMPIAR,VIDER,PULISCI,LIMPAR,РАЗДЕЛАТЬ,OCZYŚĆ,さばく,손질하기,处理,處理
ACTION_TAKE_BACK,Take back,Geri al,Zurücknehmen,Recuperar,Reprendre,Riprendi,Pegar de volta,Забрать,Zabierz,取り戻す,도로 가져가기,拿回,拿回
PROGRESS_CLEANING,Cleaning...,Temizleniyor...,Ausnehmen...,Limpiando...,Préparation...,Pulizia...,Limpando...,Разделка...,Oczyszczanie...,下処理中...,손질하는 중...,处理中……,處理中……
HINT_FOOD_TABLE,Hold a fish or game and press E to lay it on the board,Tahtaya koymak için elinde balık ya da av tutup E'ye bas,"Mit einem Fisch oder Wild in der Hand E drücken, um es aufs Brett zu legen","Con un pescado o una pieza de caza en la mano, pulsa E para ponerlo en la tabla","Un poisson ou du gibier en main, appuie sur E pour le poser sur la planche","Con un pesce o della selvaggina in mano, premi E per posarlo sul tagliere","Com um peixe ou uma caça na mão, aperte E para colocá-lo na tábua","С рыбой или дичью в руке нажми E, чтобы положить на доску","Z rybą lub zwierzyną w ręce naciśnij E, by położyć ją na desce",魚か獲物を持ってEを押すと、まな板に置けます,물고기나 사냥감을 들고 E를 누르면 도마에 올려요,手持鱼或猎物按 E 放到砧板上,手持魚或獵物按 E 放到砧板上
MSG_FOOD_TABLE_NEED_KNIFE,You need a knife to clean it.,Temizlemek için bıçak gerekli.,Zum Ausnehmen brauchst du ein Messer.,Necesitas un cuchillo para limpiarlo.,Il te faut un couteau pour le vider.,Ti serve un coltello per pulirlo.,Você precisa de uma faca para limpá-lo.,"Чтобы разделать, нужен нож.",Do oczyszczenia potrzebny jest nóż.,さばくにはナイフが必要です。,손질하려면 칼이 필요해요.,需要一把小刀才能处理。,需要一把小刀才能處理。
MSG_FISH_TROPHY,"TROPHY CATCH! %s, %s","REKOR AV! %s, %s","TROPHÄENFANG! %s, %s","¡CAPTURA DE TROFEO! %s, %s","PRISE RECORD ! %s, %s","CATTURA DA TROFEO! %s, %s","CAPTURA TROFÉU! %s, %s","ТРОФЕЙНЫЙ УЛОВ! %s, %s","TROFEUM! %s, %s",大物だ！　%s、%s,"월척이다! %s, %s",巨物上钩！%s，%s,巨物上鉤！%s，%s
MSG_ROOSTER_FAINTED,The rooster fainted!,Horoz bayıldı!,Der Hahn ist in Ohnmacht gefallen!,¡El gallo se desmayó!,Le coq s'est évanoui !,Il gallo è svenuto!,O galo desmaiou!,Петух упал в обморок!,Kogut zemdlał!,オンドリが気絶した！,수탉이 기절했다!,公鸡晕倒了！,公雞暈倒了！
VEHICLE_PICKUP_CANOPY,Lightbody '90 Canopy,Lightbody '90 Kabinli Kasa,Lightbody '90 mit Hardtop,Lightbody '90 con cubierta,Lightbody '90 à hard-top,Lightbody '90 con hard top,Lightbody '90 com capota,Lightbody '90 с кунгом,Lightbody '90 z zabudową,Lightbody '90 キャノピー付き,Lightbody '90 캐노피,Lightbody '90 带顶棚皮卡,Lightbody '90 附頂棚貨卡
VEHICLE_PICKUP_CANOPY_DESC,"The Lightbody '90 with a cab-high fibreglass canopy over its bed: the load rides dry and out of the wind behind tinted glass. A market gardener's truck, kept tidy.","Kasasının üstüne kabin boyunda fiber bir kapak takılmış Lightbody '90: yük, füme camların ardında yağmurdan ve rüzgârdan korunur. Bir bahçıvanın temiz tuttuğu kamyonet.",Der Lightbody '90 mit einem kabinenhohen Hardtop aus Glasfaser über der Ladefläche: Die Ladung fährt trocken und windgeschützt hinter getönten Scheiben. Der gepflegte Wagen eines Gemüsegärtners.,La Lightbody '90 con una cubierta de fibra de vidrio a la altura de la cabina: la carga viaja seca y protegida del viento tras los cristales tintados. La camioneta bien cuidada de un hortelano.,"Le Lightbody '90 coiffé d'un hard-top en fibre de verre à hauteur de cabine : le chargement voyage au sec, à l'abri du vent derrière des vitres teintées. Le pick-up bien tenu d'un maraîcher.",Il Lightbody '90 con un hard top in vetroresina alto come la cabina: il carico viaggia all'asciutto e al riparo dal vento dietro i vetri oscurati. Il pick-up ben tenuto di un ortolano.,A Lightbody '90 com uma capota de fibra na altura da cabine: a carga viaja seca e protegida do vento atrás dos vidros escuros. A picape bem cuidada de um horticultor.,Lightbody '90 со стеклопластиковым кунгом высотой с кабину: груз едет сухим и защищённым от ветра за тонированными стёклами. Ухоженная машина огородника.,Lightbody '90 z zabudową z włókna szklanego na wysokość kabiny: ładunek jedzie suchy i osłonięty od wiatru za przyciemnianymi szybami. Zadbany samochód ogrodnika.,荷台にキャビンと同じ高さのFRP製キャノピーを載せたLightbody '90。荷物はスモークガラスの内側で雨風から守られます。野菜農家が大切に乗ってきた一台です。,적재함에 캐빈 높이의 FRP 캐노피를 얹은 Lightbody '90이에요. 짐은 틴팅 유리 안쪽에서 비바람을 피해 실려요. 채소 농가가 깔끔하게 관리해 온 차예요.,车斗上加装了与驾驶室齐高的玻璃钢顶棚的 Lightbody '90：货物在茶色玻璃后面不怕风吹雨淋。一位菜农细心保养的车。,後斗上加裝了與駕駛室齊高的玻璃纖維頂棚的 Lightbody '90：貨物在茶色玻璃後面不怕風吹雨淋。一位菜農細心保養的車。
VEHICLE_PICKUP_STAKE,Lightbody '90 Stake Bed,Lightbody '90 Ahşap Kasa,Lightbody '90 Pritsche,Lightbody '90 de estacas,Lightbody '90 plateau à ridelles,Lightbody '90 con sponde,Lightbody '90 carroceria de madeira,Lightbody '90 бортовой,Lightbody '90 skrzyniowy,Lightbody '90 平ボディ,Lightbody '90 목재 적재함,Lightbody '90 栏板皮卡,Lightbody '90 欄板貨卡
VEHICLE_PICKUP_STAKE_DESC,"An older Lightbody '90 whose steel bed was swapped for a flat wooden deck with stakes and drop boards. Faded paint and a tired engine, but it carries more than any pickup on the lot.","Çelik kasası sökülüp yerine direkli, indirilebilir tahta yanaklı düz bir ahşap kasa takılmış eski bir Lightbody '90. Boyası solmuş, motoru yorgun ama galerideki pikapların hepsinden fazla yük alır.","Ein älterer Lightbody '90, dessen Stahlmulde gegen eine flache Holzpritsche mit Rungen und Bordbrettern getauscht wurde. Verblichener Lack, müder Motor – aber er lädt mehr als jeder andere Pick-up auf dem Hof.","Una Lightbody '90 más vieja a la que le cambiaron la caja de acero por una plataforma de madera con estacas y tablas abatibles. Pintura descolorida y motor cansado, pero carga más que cualquier camioneta del lote.","Un Lightbody '90 plus ancien dont la benne d'acier a été remplacée par un plateau en bois à ridelles et ranchers. Peinture passée, moteur fatigué, mais il emporte plus que n'importe quel pick-up du parc.","Un Lightbody '90 più vecchio, con il cassone d'acciaio sostituito da un pianale di legno con stanti e sponde ribaltabili. Vernice sbiadita e motore stanco, ma carica più di qualsiasi pick-up del piazzale.","Uma Lightbody '90 mais velha que trocou a caçamba de aço por uma carroceria plana de madeira com fueiros e tábuas removíveis. Pintura desbotada e motor cansado, mas leva mais carga que qualquer picape do pátio.","Старый Lightbody '90, у которого стальной кузов заменили плоской деревянной платформой со стойками и откидными бортами. Выцветшая краска, уставший мотор — зато берёт больше любого пикапа на площадке.","Starszy Lightbody '90, któremu stalową pakę zamieniono na płaską drewnianą skrzynię z kłonicami i opuszczanymi burtami. Wyblakły lakier i zmęczony silnik, ale zabierze więcej niż każdy pikap na placu.",鋼製の荷台を、鳥居とあおり板の付いた木製の平ボディに載せ替えた古いLightbody '90。塗装はあせてエンジンもくたびれていますが、ここにあるどのピックアップより多く積めます。,"강철 적재함을 떼어 내고 기둥과 여닫이 판자가 달린 평평한 목재 적재함을 얹은 오래된 Lightbody '90이에요. 도장은 바래고 엔진도 지쳤지만, 매장의 어떤 픽업트럭보다 많이 실어요.",一辆旧款 Lightbody '90，原来的钢制车斗换成了带立柱和可放倒栏板的平板木车厢。漆面褪色，发动机也累了，但它比车行里任何一辆皮卡都装得多。,一台舊款 Lightbody '90，原本的鋼製後斗換成了帶立柱和可放倒欄板的平板木車廂。烤漆褪色，引擎也累了，但它比車行裡任何一台貨卡都載得多。
VEHICLE_PICKUP_BOX,Lightbody '90 Box Van,Lightbody '90 Kapalı Kasa,Lightbody '90 Kofferaufbau,Lightbody '90 furgón,Lightbody '90 fourgon,Lightbody '90 furgonato,Lightbody '90 baú,Lightbody '90 фургон,Lightbody '90 furgon,Lightbody '90 箱バン,Lightbody '90 탑차,Lightbody '90 厢式货车,Lightbody '90 廂型車
VEHICLE_PICKUP_BOX_DESC,"The town's old produce van: a Lightbody '90 cab with a closed aluminium box and barn doors. Everything inside stays dry and out of sight, and a stronger engine hauls the extra weight.","Kasabanın eski sebze kamyoneti: Lightbody '90 kabinine kapalı alüminyum bir kasa ve iki kanatlı arka kapı. İçindeki her şey kuru kalır, gözden uzak durur; daha güçlü motoru fazladan ağırlığı rahat çeker.","Der alte Gemüsewagen des Ortes: ein Lightbody '90 mit geschlossenem Aluminiumkoffer und Flügeltüren. Alles darin bleibt trocken und außer Sicht, und ein stärkerer Motor zieht das Mehrgewicht.","El viejo furgón de verduras del pueblo: una cabina Lightbody '90 con caja cerrada de aluminio y puertas de doble hoja. Todo va seco y a resguardo de miradas, y un motor más potente arrastra el peso extra.","Le vieux fourgon à légumes du bourg : une cabine Lightbody '90 avec un caisson fermé en aluminium et des portes battantes. Tout reste au sec et à l'abri des regards, et un moteur plus costaud tire le poids en plus.","Il vecchio furgone della verdura del paese: una cabina Lightbody '90 con cassone chiuso in alluminio e porte a battente. Tutto resta all'asciutto e al riparo da occhi indiscreti, e un motore più forte regge il peso in più.","O velho baú de verduras da cidade: uma cabine Lightbody '90 com baú fechado de alumínio e portas de duas folhas. Tudo fica seco e longe dos olhos, e um motor mais forte puxa o peso extra.","Старый овощной фургон городка: кабина Lightbody '90 с закрытой алюминиевой будкой и распашными дверями. Всё внутри остаётся сухим и скрытым от глаз, а мотор помощнее тянет лишний вес.","Stary warzywniak na kołach z miasteczka: kabina Lightbody '90 z zamkniętą aluminiową skrzynią i dwuskrzydłowymi drzwiami. Wszystko w środku jest suche i niewidoczne, a mocniejszy silnik ciągnie dodatkowy ciężar.",町の古い青果配送車。Lightbody '90のキャブにアルミ製の箱と観音開きの扉を載せたもの。中の荷物は濡れず人目にもつかず、強化されたエンジンが重さをものともしません。,"마을의 오래된 청과 배달차예요. Lightbody '90 캐빈에 닫힌 알루미늄 짐칸과 양문형 뒷문을 달았어요. 안의 짐은 젖지도, 눈에 띄지도 않고, 더 힘센 엔진이 늘어난 무게를 끌어요.",镇上的老蔬菜配送车：Lightbody '90 的驾驶室配上封闭的铝制货厢和对开后门。里面的货物不怕淋雨也不惹眼，更强劲的发动机拉得动多出来的重量。,鎮上的老蔬菜配送車：Lightbody '90 的駕駛室配上封閉的鋁製貨廂和對開後門。裡面的貨物不怕淋雨也不惹眼，更強勁的引擎拉得動多出來的重量。
VEHICLE_WAGON,Atmaca 1600 Estate,Atmaca 1600 Station,Atmaca 1600 Kombi,Atmaca 1600 familiar,Atmaca 1600 break,Atmaca 1600 station wagon,Atmaca 1600 perua,Atmaca 1600 универсал,Atmaca 1600 kombi,Atmaca 1600 ステーションワゴン,Atmaca 1600 왜건,Atmaca 1600 旅行车,Atmaca 1600 旅行車
VEHICLE_WAGON_DESC,"A boxy eighties estate, the family car of half the farms around here. Light, cheap and thrifty; with the rear bench folded flat it swallows a fair load of crates, and there's a rack on the roof.","Seksenlerden köşeli bir station, buralardaki çiftliklerin yarısının aile arabası. Hafif, ucuz ve az yakar; arka koltuk yatırılınca epey kasa alır, tavanında da bir bagaj var.","Ein kantiger Kombi aus den Achtzigern, das Familienauto auf jedem zweiten Hof hier. Leicht, billig und sparsam; mit umgeklappter Rückbank schluckt er ordentlich Kisten, und aufs Dach passt auch noch was.","Un familiar cuadrado de los ochenta, el coche de la mitad de las granjas de la zona. Ligero, barato y ahorrador; con el asiento trasero abatido traga un buen montón de cajas, y lleva baca en el techo.","Un break carré des années quatre-vingt, la voiture familiale d'une ferme sur deux par ici. Léger, bon marché et sobre ; banquette rabattue, il avale une bonne pile de caisses, et il a une galerie sur le toit.","Una station wagon squadrata degli anni Ottanta, l'auto di famiglia di metà delle fattorie della zona. Leggera, economica e parca nei consumi; col divano posteriore abbattuto inghiotte parecchie casse, e ha il portapacchi.","Uma perua quadradona dos anos 80, o carro de família de metade dos sítios da região. Leve, barata e econômica; com o banco de trás rebatido engole um bom tanto de caixotes, e ainda tem bagageiro no teto.","Угловатый универсал восьмидесятых — семейная машина на половине окрестных ферм. Лёгкий, дешёвый и экономичный; со сложенным задним сиденьем проглатывает немало ящиков, а на крыше есть багажник.","Kanciaste kombi z lat osiemdziesiątych, rodzinne auto co drugiego gospodarstwa w okolicy. Lekkie, tanie i oszczędne; po złożeniu tylnej kanapy łyka sporo skrzynek, a na dachu ma bagażnik.",このあたりの農家の半分が乗っていた、80年代の角ばったステーションワゴン。軽くて安くて燃費もよく、後席を倒せば木箱がたっぷり積め、屋根にはキャリアもあります。,"이 근방 농가의 절반이 타던 80년대의 각진 왜건이에요. 가볍고 싸고 연비도 좋아요. 뒷좌석을 접으면 상자가 꽤 들어가고, 지붕에는 루프랙도 있어요.",一辆方方正正的八十年代旅行车，这一带一半农家的家用车。轻巧、便宜又省油；后排座椅放平后能塞下不少箱子，车顶还有行李架。,一台方方正正的八〇年代旅行車，這一帶一半農家的家用車。輕巧、便宜又省油；後座放平後能塞下不少箱子，車頂還有行李架。
VEHICLE_OFFROAD,Kaya 88 4x4,Kaya 88 4x4,Kaya 88 Geländewagen,Kaya 88 4x4,Kaya 88 4x4,Kaya 88 fuoristrada,Kaya 88 4x4,Kaya 88 внедорожник,Kaya 88 terenówka,Kaya 88 四駆,Kaya 88 사륜구동,Kaya 88 四驱越野车,Kaya 88 四驅越野車
VEHICLE_OFFROAD_DESC,"A short-wheelbase four-by-four from the late seventies, with a white hardtop and the spare wheel on the bonnet. Drive to all four wheels and long, soft springs for muddy hill tracks; the vet swore by it.","Yetmişlerin sonundan kısa şasi bir arazi aracı; beyaz sert tavanlı, stepnesi kaputun üstünde. Dört çeker, çamurlu yayla yolları için uzun ve yumuşak yayları var; veteriner buna yemin ederdi.","Ein kurzer Geländewagen aus den späten Siebzigern mit weißem Hardtop und dem Reserverad auf der Motorhaube. Allradantrieb und lange, weiche Federn für schlammige Bergwege; der Tierarzt schwor darauf.","Un todoterreno de batalla corta de finales de los setenta, con techo rígido blanco y la rueda de repuesto sobre el capó. Tracción a las cuatro ruedas y ballestas largas y blandas para caminos de monte embarrados; el veterinario no lo cambiaba por nada.","Un 4x4 à empattement court de la fin des années soixante-dix, hard-top blanc et roue de secours sur le capot. Quatre roues motrices et de longs ressorts souples pour les chemins de colline boueux ; le vétérinaire ne jurait que par lui.","Un fuoristrada a passo corto della fine degli anni Settanta, con hard top bianco e la ruota di scorta sul cofano. Trazione integrale e balestre lunghe e morbide per le mulattiere fangose; il veterinario ci giurava sopra.","Um 4x4 de entre-eixos curto do fim dos anos 70, com capota rígida branca e o estepe sobre o capô. Tração nas quatro rodas e molas longas e macias para trilhas enlameadas nos morros; o veterinário jurava por ele.",Короткобазный внедорожник конца семидесятых с белой жёсткой крышей и запаской на капоте. Полный привод и длинные мягкие рессоры для грязных горных дорог; ветеринар не мог на него нарадоваться.,"Krótka terenówka z końca lat siedemdziesiątych, z białym hardtopem i kołem zapasowym na masce. Napęd na cztery koła i długie, miękkie resory na błotniste górskie drogi; weterynarz dałby się za nią pokroić.",70年代末のショートホイールベースの四駆。白いハードトップに、スペアタイヤはボンネットの上。四輪駆動と長く柔らかいばねで、ぬかるんだ山道もへっちゃら。獣医さんの愛車でした。,70년대 말의 숏휠베이스 사륜구동차예요. 흰색 하드톱에 스페어타이어는 보닛 위에 있어요. 네 바퀴 굴림과 길고 부드러운 스프링으로 진흙투성이 산길도 거뜬해요. 수의사가 아끼던 차예요.,一辆七十年代末的短轴距四驱车，白色硬顶，备胎放在发动机盖上。四轮驱动加上又长又软的钢板弹簧，泥泞的山路也不在话下；兽医对它赞不绝口。,一台七〇年代末的短軸距四驅車，白色硬頂，備胎放在引擎蓋上。四輪驅動加上又長又軟的鋼板彈簧，泥濘的山路也不在話下；獸醫對它讚不絕口。
VEHICLE_TRUCK,Yayla 35 Dropside Truck,Yayla 35 Açık Kasa Kamyonet,Yayla 35 Pritschenwagen,Camión Yayla 35 de caja abierta,Camion plateau Yayla 35,Autocarro Yayla 35 cassonato,Caminhão Yayla 35 de carroceria,Бортовой грузовик Yayla 35,Ciężarówka skrzyniowa Yayla 35,Yayla 35 平ボディトラック,Yayla 35 카고 트럭,Yayla 35 栏板货车,Yayla 35 欄板貨車
VEHICLE_TRUCK_DESC,"A cab-over 3.5-tonne dropside with twin rear wheels. Its long wooden floor takes a whole harvest to market in one trip; slow to stop and thirsty, but nothing else in town carries as much.","Çift arka tekerli, önü küt 3,5 tonluk açık kasa bir kamyonet. Uzun ahşap kasası bütün hasadı tek seferde pazara götürür; zor durur, çok yakar ama kasabada bu kadar yük alan başka araç yok.","Ein 3,5-Tonner mit Frontlenkerkabine, Pritsche und Zwillingsreifen hinten. Sein langer Holzboden bringt die ganze Ernte auf einmal zum Markt; bremst träge und säuft, aber nichts im Ort lädt so viel.","Un camión de cabina avanzada de 3,5 toneladas con caja abierta y ruedas gemelas detrás. Su largo piso de madera lleva toda la cosecha al mercado de un viaje; frena con pereza y bebe mucho, pero nada en el pueblo carga tanto.","Un 3,5 tonnes à cabine avancée, plateau à ridelles et roues jumelées à l'arrière. Son long plancher de bois emmène toute la récolte au marché en un voyage ; il freine mollement et boit beaucoup, mais rien au bourg ne charge autant.","Un 3,5 tonnellate a cabina avanzata con cassone a sponde e ruote gemellate dietro. Il suo lungo pianale di legno porta al mercato tutto il raccolto in un viaggio; frena pigro e beve tanto, ma in paese nient'altro carica così.","Um caminhão de 3,5 toneladas com cabine avançada, carroceria aberta e rodado duplo atrás. Seu longo assoalho de madeira leva a colheita inteira à feira numa viagem só; freia devagar e bebe muito, mas nada na cidade carrega tanto.","Бескапотный трёхтонник с бортовой платформой и сдвоенными задними колёсами. Длинный деревянный пол увозит на рынок весь урожай за один рейс; тормозит неохотно и много пьёт, но больше него в городке не везёт никто.","Trzyipółtonowa ciężarówka z kabiną nad silnikiem, skrzynią z opuszczanymi burtami i bliźniaczymi kołami z tyłu. Długa drewniana podłoga zabiera całe zbiory na targ za jednym razem; hamuje ociężale i dużo pali, ale nic w miasteczku nie zabierze tyle.",後輪ダブルタイヤの3.5トンキャブオーバー平ボディ車。長い木の荷台で収穫をまるごと一度に市場へ運べます。止まるのは遅く燃費も悪いけれど、町でこれほど積める車はほかにありません。,"뒷바퀴가 복륜인 3.5톤 캡오버 카고 트럭이에요. 긴 목재 적재함으로 수확물을 한 번에 시장까지 실어 날라요. 잘 서지 않고 기름도 많이 먹지만, 마을에서 이만큼 싣는 차는 없어요.",一辆平头 3.5 吨栏板货车，后轮是双胎。长长的木地板一趟就能把整季收成运到市场；刹车迟缓又费油，但镇上没有别的车能装这么多。,一台平頭 3.5 噸欄板貨車，後輪是雙胎。長長的木地板一趟就能把整季收成運到市場；煞車遲緩又耗油，但鎮上沒有別的車能載這麼多。
VEHICLE_TRACTOR,Tarla 45 Tractor,Tarla 45 Traktör,Tarla 45 Traktor,Tractor Tarla 45,Tracteur Tarla 45,Trattore Tarla 45,Trator Tarla 45,Трактор Tarla 45,Ciągnik Tarla 45,Tarla 45 トラクター,Tarla 45 트랙터,Tarla 45 拖拉机,Tarla 45 曳引機
VEHICLE_TRACTOR_DESC,"A compact 45 hp tractor from the eighties, its red paint gone chalky in the sun. Slow on the road, but strong and sure-footed on its lugged tyres, with a steel carry box on the three-point linkage.","Seksenlerden 45 beygirlik küçük bir traktör, kırmızı boyası güneşte tebeşirleşmiş. Yolda yavaş ama güçlü, kramponlu lastikleriyle sağlam basar; üç nokta askısında çelik bir taşıma kasası var.","Ein kompakter 45-PS-Traktor aus den Achtzigern, der rote Lack in der Sonne kreidig geworden. Langsam auf der Straße, aber kräftig und trittsicher auf seinen Stollenreifen, mit einer Stahl-Transportbox im Dreipunkt.","Un tractor compacto de 45 CV de los ochenta, con la pintura roja calcinada por el sol. Lento en carretera, pero fuerte y firme sobre sus neumáticos de tacos, con un cajón de acero en el enganche de tres puntos.","Un petit tracteur de 45 ch des années quatre-vingt, la peinture rouge farinée par le soleil. Lent sur la route, mais costaud et sûr sur ses pneus à crampons, avec une caisse en acier sur le relevage trois points.","Un trattore compatto da 45 cavalli degli anni Ottanta, la vernice rossa sbiancata dal sole. Lento su strada, ma forte e sicuro sulle sue gomme scolpite, con una cassa d'acciaio sull'attacco a tre punti.","Um trator compacto de 45 cv dos anos 80, com a tinta vermelha desbotada pelo sol. Lento na estrada, mas forte e firme nos pneus garrados, com uma caçamba de aço no engate de três pontos.","Компактный 45-сильный трактор восьмидесятых, красная краска выгорела на солнце до мела. Медленный на дороге, зато сильный и цепкий на своих грунтозацепах, со стальным ящиком на трёхточечной навеске.","Kompaktowy 45-konny ciągnik z lat osiemdziesiątych, czerwony lakier wyblakł na słońcu do kredy. Wolny na drodze, ale mocny i pewny na oponach z bieżnikiem, ze stalową skrzynią na podnośniku trzypunktowym.",80年代の45馬力の小型トラクター。赤い塗装は日に焼けて白っぽくなっています。道路では遅いものの、ラグ付きタイヤで力強く踏ん張り、三点リンクには鋼製の運搬箱が付いています。,"80년대의 45마력 소형 트랙터예요. 빨간 도장은 햇볕에 바래 분필처럼 됐어요. 도로에서는 느리지만 러그 타이어로 힘 있게 버티고, 3점 링크에는 강철 운반 상자가 달려 있어요.",一台八十年代的 45 马力小型拖拉机，红漆被太阳晒得发白。上路很慢，但凭着花纹深的轮胎又有劲又稳当，三点悬挂上挂着一个钢制运输箱。,一台八〇年代的 45 匹馬力小型曳引機，紅漆被太陽曬得發白。上路很慢，但靠著花紋深的輪胎又有力又穩當，三點懸掛上掛著一個鋼製運輸箱。
VEHICLE_4WD,Four-wheel drive,Dört çeker,Allradantrieb,Tracción total,Quatre roues motrices,Trazione integrale,Tração 4x4,Полный привод,Napęd na cztery koła,四輪駆動,사륜구동,四轮驱动,四輪驅動
VEHICLE_WEIGHT,Weight,Ağırlık,Gewicht,Peso,Poids,Peso,Peso,Масса,Masa,車両重量,차량 중량,整备质量,車重
VEHICLE_BUY_VEHICLE,Buy this vehicle,Bu aracı satın al,Dieses Fahrzeug kaufen,Comprar este vehículo,Acheter ce véhicule,Acquista questo veicolo,Comprar este veículo,Купить эту машину,Kup ten pojazd,この車を購入,이 차 구매,买下这辆车,買下這台車
VEHICLE_OWNED_ANY,"It's yours. Press E on it to drive, F for its load space.","Artık senin. Sürmek için üzerine E, yük yeri için F.","Er gehört dir. Drück E daran zum Fahren, F für den Laderaum.",Ya es tuyo. Presiona E junto a él para conducir o F para abrir la zona de carga.,"Il est à toi. Appuie sur E devant lui pour le conduire, F pour l'espace de chargement.","È tuo. Premi E davanti al veicolo per guidarlo, F per il vano di carico.",Agora é seu. Pressione E nele para dirigir ou F para abrir o espaço de carga.,"Теперь она твоя. Нажми E у машины, чтобы сесть за руль, или F, чтобы открыть грузовое место.","Teraz jest twój. Naciśnij E przy nim, aby prowadzić, lub F, aby otworzyć przestrzeń ładunkową.",あなたの車になりました。車に向かってEで運転、Fで荷室を開けます。,"이제 당신의 차예요. 차 앞에서 E를 누르면 운전, F를 누르면 짐칸이 열려요.",它归你了。对着它按 E 驾驶，按 F 打开载货空间。,它是你的了。對著它按 E 開車，按 F 打開載貨空間。
MSG_VEHICLE_DELIVERED,%s is yours! The keys are in it — it's been brought round to the service bay beside the showroom.,"%s artık senin! Anahtar kontakta, galerinin yanındaki servis kapısının önüne çıkarıldı.",%s gehört dir! Der Schlüssel steckt – das Fahrzeug steht vor der Werkstatt neben dem Ausstellungsraum.,"¡Ya tienes tu %s! Tiene las llaves puestas y te lo han sacado al taller, junto a la sala de exposición.","%s est à toi ! Les clés sont sur le contact — on te l'a sorti devant l'atelier, à côté du hall d'exposition.","%s è tuo! Le chiavi sono nel quadro — te l'hanno portato davanti all'officina, accanto al salone.",Compra concluída: %s! A chave está na ignição e o veículo foi levado até a oficina ao lado do salão.,"Теперь %s принадлежит тебе! Ключи в замке зажигания, машину выгнали к мастерской рядом с салоном.","Teraz %s należy do ciebie! Kluczyki są w stacyjce, a pojazd wyprowadzono przed warsztat obok salonu.",%sはあなたのものです！　キーは差したまま、ショールーム横の整備場の前に出してあります。,"%s의 주인이 됐어요! 키는 꽂혀 있고, 전시장 옆 정비소 앞으로 꺼내 뒀어요.",%s归你了！钥匙就在车上——车已经开到展厅旁边的维修间门口了。,%s是你的了！鑰匙就在車上——車子已經開到展示間旁的保養廠門口了。
DEALER_IN_SHOWROOM,Showroom,Salonda,Ausstellung,Exposición,Hall d'expo,Salone,Salão,В салоне,Salon,ショールーム,전시장,展厅,展示間
DEALER_ON_LOT,On the lot,Galeri önünde,Auf dem Hof,En el lote,Sur le parc,Nel piazzale,No pátio,На площадке,Na placu,屋外展示,야외 전시,露天展区,戶外展區
ACTION_GREET,Greet,Selam ver,Grüßen,Saludar,Saluer,Salutare,Cumprimentar,Поздороваться,Przywitaj się,あいさつする,인사하기,打招呼,打招呼
PERSON_SHOPKEEPER,Hasan the grocer,Bakkal Hasan,Kaufmann Hasan,"Hasan, el tendero",Hasan l'épicier,Hasan il droghiere,"Hasan, o merceeiro",Бакалейщик Хасан,Sklepikarz Hasan,雑貨屋のハサン,식료품점 주인 하산,杂货店老板哈桑,雜貨店老闆哈桑
PERSON_ATTENDANT,Murat the pump attendant,Pompacı Murat,Tankwart Murat,"Murat, el gasolinero",Murat le pompiste,Murat il benzinaio,"Murat, o frentista",Заправщик Мурат,Murat z dystrybutora,給油係のムラト,주유원 무라트,加油员穆拉特,加油員穆拉特
PERSON_SALESMAN,Kemal the car dealer,Galerici Kemal,Autohändler Kemal,"Kemal, el vendedor de coches",Kemal le concessionnaire,Kemal il concessionario,"Kemal, o vendedor de carros",Автодилер Кемаль,Handlarz Kemal,車屋のケマル,자동차 판매상 케말,车商凯末尔,車商凱末爾
PERSON_RANCHER,Rıza the stockman,Celep Rıza,Viehhändler Rıza,"Rıza, el tratante de ganado",Rıza le marchand de bestiaux,Rıza il mercante di bestiame,"Rıza, o negociante de gado",Скотопромышленник Рыза,Handlarz bydłem Rıza,家畜商のルザ,가축상 르자,牲畜商人勒扎,牲畜商人勒扎
PERSON_SWEEPER,Ali the shop boy,Çırak Ali,Lehrling Ali,"Ali, el aprendiz",Ali l'apprenti,Ali il garzone,"Ali, o aprendiz",Подмастерье Али,Pomocnik Ali,見習いのアリ,견습생 알리,学徒阿里,學徒阿里
PERSON_ELDER,Grandpa Osman,Osman Dede,Opa Osman,El abuelo Osman,Papi Osman,Nonno Osman,Vovô Osman,Дед Осман,Dziadek Osman,オスマンじいさん,오스만 할아버지,奥斯曼爷爷,奧斯曼爺爺
PERSON_TEACHER,"Nuri, the retired teacher",Nuri Hoca,"Nuri, der Lehrer im Ruhestand","Nuri, el maestro jubilado","Nuri, l'instituteur retraité","Nuri, il maestro in pensione","Nuri, o professor aposentado","Нури, учитель на пенсии","Nuri, emerytowany nauczyciel",元教師のヌリ,은퇴한 교사 누리,退休教师努里,退休教師努里
PERSON_VILLAGER,Auntie Ayşe,Ayşe Teyze,Tante Ayşe,La tía Ayşe,Tatie Ayşe,Zia Ayşe,Tia Ayşe,Тётя Айше,Ciocia Ayşe,アイシェおばさん,아이셰 아주머니,阿依谢阿姨,阿依謝阿姨
PERSON_YOUNG,Emre,Emre,Emre,Emre,Emre,Emre,Emre,Эмре,Emre,エムレ,엠레,埃姆雷,埃姆雷
PERSON_FARMER,Halil the farmer,Çiftçi Halil,Bauer Halil,"Halil, el granjero",Halil le fermier,Halil il contadino,"Halil, o fazendeiro",Фермер Халил,Rolnik Halil,農家のハリル,농부 할릴,农夫哈利勒,農夫哈利勒
SAY_SHOPKEEPER_1,"Welcome, neighbour! May your work go well.","Hoş geldin komşu, hayırlı işler!","Willkommen, Nachbar! Gutes Gelingen!","¡Bienvenido, vecino! Que te vaya bien.","Bienvenue, voisin ! Bon courage !","Benvenuto, vicino! Buon lavoro!","Bem-vindo, vizinho! Bom trabalho!","Добро пожаловать, сосед! Удачи в делах!","Witaj, sąsiedzie! Powodzenia w pracy!",いらっしゃい、お隣さん！お仕事ご苦労さん！,"어서 와요, 이웃 양반! 일 잘 되길 바라요!",欢迎，邻居！生意兴隆！,歡迎，鄰居！生意興隆！
SAY_SHOPKEEPER_2,"Fresh bread came in this morning, have a look.","Ekmek sabah taze geldi, bir bak istersen.","Heute früh kam frisches Brot, schau mal.","El pan llegó fresco esta mañana, échale un vistazo.","Le pain est arrivé frais ce matin, jette un œil.","Il pane è arrivato fresco stamattina, dai un'occhiata.","O pão chegou fresquinho hoje cedo, dá uma olhada.","Утром привезли свежий хлеб, посмотри.","Rano przyszedł świeży chleb, zajrzyj.",今朝、焼きたてのパンが入ったよ。見ていって。,"오늘 아침에 빵이 새로 들어왔어요, 한번 봐요.",今早刚到了新鲜面包，看看吧。,今早剛到了新鮮麵包，看看吧。
SAY_ATTENDANT_1,"Welcome, brother! Shall I fill her up?","Hoş geldin abi, fulleyelim mi?",Willkommen! Soll ich volltanken?,¡Bienvenido! ¿Le lleno el depósito?,Bienvenue ! Je fais le plein ?,Benvenuto! Faccio il pieno?,Bem-vindo! Completo o tanque?,Добро пожаловать! Залить полный бак?,Witaj! Do pełna?,いらっしゃい！満タンにしますか？,어서 오세요! 가득 넣어 드릴까요?,欢迎！给您加满吗？,歡迎！給您加滿嗎？
SAY_ATTENDANT_2,Easy work to you! Safe roads.,"Kolay gelsin, yolun açık olsun!",Frohes Schaffen! Gute Fahrt!,¡Que no te canses! Buen viaje.,Bon courage ! Bonne route !,Buon lavoro! Buon viaggio!,Bom trabalho! Boa viagem!,Лёгкой работы! Счастливого пути!,Owocnej pracy! Szerokiej drogi!,お疲れさま！道中お気をつけて。,수고하세요! 안전 운전하세요!,辛苦了！一路顺风！,辛苦了！一路順風！
SAY_SALESMAN_1,Welcome! Shall I order you a tea?,"Buyur, hoş geldin! Bir çay söyleyeyim mi?",Willkommen! Soll ich dir einen Tee bestellen?,¡Bienvenido! ¿Te pido un té?,Bienvenue ! Je te commande un thé ?,Benvenuto! Ti faccio portare un tè?,Bem-vindo! Peço um chá para você?,Добро пожаловать! Чаю заказать?,Witaj! Zamówić ci herbatę?,いらっしゃい！お茶でもどうです？,어서 오세요! 차 한잔 드릴까요?,欢迎！给你来杯茶吗？,歡迎！給你來杯茶嗎？
SAY_SALESMAN_2,"Clean cars, every one of them. Take a look!","Hepsi temiz araç, gel bir bak!","Alles gepflegte Wagen, schau sie dir an!","Coches limpios, todos. ¡Echa un vistazo!","Des voitures impeccables, toutes. Regarde !","Auto pulite, tutte quante. Dai un'occhiata!","Carros inteiros, todos eles. Dá uma olhada!",Все машины чистые. Посмотри!,Same zadbane auta. Rzuć okiem!,どれも程度のいい車だよ。見てってよ！,다 깨끗한 차예요. 한번 보세요!,辆辆都是好车，来看看！,輛輛都是好車，來看看！
SAY_RANCHER_1,Good work to you! The animals look fine today.,Hayırlı işler! Hayvanlar bugün pek güzel.,Gutes Gelingen! Die Tiere sind heute prächtig.,¡Buen trabajo! Los animales están hermosos hoy.,Bon travail ! Les bêtes sont belles aujourd'hui.,Buon lavoro! Le bestie sono belle oggi.,Bom trabalho! Os animais estão bonitos hoje.,Удачи в делах! Скотина сегодня загляденье.,Dobrej roboty! Zwierzęta dziś piękne.,ご苦労さん！今日の家畜は上物だよ。,수고 많아요! 오늘 가축들이 아주 좋아요.,辛苦了！今天的牲口可真不错。,辛苦了！今天的牲口可真不錯。
SAY_RANCHER_2,"What do you need, friend? Hens, a cow?","Ne lazım hemşerim? Tavuk mu, inek mi?","Was brauchst du, Freund? Hühner, eine Kuh?","¿Qué necesitas, paisano? ¿Gallinas, una vaca?","Qu'est-ce qu'il te faut, l'ami ? Des poules, une vache ?","Che ti serve, compaesano? Galline, una mucca?","Do que precisa, conterrâneo? Galinhas, uma vaca?","Что нужно, земляк? Куры, корова?","Czego trzeba, ziomku? Kury, krowa?",何が要るんだい？鶏か、牛か？,뭐가 필요해요? 닭? 소?,老乡，要点什么？鸡还是牛？,老鄉，要點什麼？雞還是牛？
SAY_SWEEPER_1,"Morning, brother! Mind the dust.","Günaydın abi, tozdan sakın!",Morgen! Pass auf den Staub auf.,¡Buenos días! Cuidado con el polvo.,Bonjour ! Attention à la poussière.,Buongiorno! Attento alla polvere.,Bom dia! Cuidado com a poeira.,"Доброе утро! Осторожно, пыль.",Dzień dobry! Uważaj na kurz.,おはよう！ほこりに気をつけて。,안녕하세요! 먼지 조심하세요.,早上好！小心灰尘。,早安！小心灰塵。
SAY_SWEEPER_2,Easy work to you!,Kolay gelsin!,Frohes Schaffen!,¡Que no te canses!,Bon courage !,Buon lavoro!,Bom trabalho!,Лёгкой работы!,Owocnej pracy!,お疲れさま！,수고하세요!,辛苦了！,辛苦了！
SAY_ELDER_1,"Peace be upon you, son!",Selamünaleyküm evlat!,"Friede sei mit dir, mein Sohn!","¡La paz sea contigo, hijo!","Que la paix soit avec toi, fiston !","La pace sia con te, figliolo!","A paz esteja com você, filho!","Мир тебе, сынок!","Pokój z tobą, synu!",やあ、若いの。平安あれ！,"평안하시게, 젊은이!",孩子，愿你平安！,孩子，願你平安！
SAY_ELDER_2,"Lovely weather today, bless it.","Hava pek güzel bugün, maşallah.","Herrliches Wetter heute, Gott sei Dank.","Qué buen tiempo hace hoy, bendito sea.","Quel beau temps aujourd'hui, Dieu merci.","Che bel tempo oggi, benedetto.","Que tempo bonito hoje, graças a Deus.","Погода сегодня чудесная, слава богу.","Piękna dziś pogoda, chwała Bogu.",今日はいい天気だねえ、ありがたい。,오늘 날씨 참 좋구먼.,今天天气真好啊。,今天天氣真好啊。
SAY_TEACHER_1,"Come, sit, have a glass of tea!","Gel otur, bir çay iç!","Komm, setz dich, trink ein Glas Tee!","¡Ven, siéntate y tómate un té!","Viens t'asseoir, prends un verre de thé !","Vieni, siediti, bevi un bicchiere di tè!","Vem, senta, toma um copo de chá!","Садись, выпей стаканчик чаю!","Chodź, siadaj, napij się herbaty!",まあ座って、お茶を一杯どうぞ！,이리 앉아서 차 한잔하게!,来，坐下喝杯茶！,來，坐下喝杯茶！
SAY_TEACHER_2,"How are the crops, son? Bountiful?","Ekinler nasıl evlat, bereketli mi?","Wie steht das Korn, mein Junge? Gute Ernte?","¿Cómo van los cultivos, hijo? ¿Buena cosecha?","Comment vont les cultures, fiston ? Belle récolte ?","Come vanno i raccolti, figliolo? Abbondanti?","Como vão as plantações, filho? Farta colheita?","Как урожай, сынок? Богатый?","Jak plony, synu? Obfite?",作物はどうだい？豊作かね？,"농사는 어떤가, 풍년인가?",孩子，庄稼怎么样？丰收吗？,孩子，莊稼怎麼樣？豐收嗎？
SAY_VILLAGER_1,"Good day, dear! May it be easy for you.","Hayırlı günler evladım, kolay gelsin!","Guten Tag, mein Kind! Frohes Schaffen!","¡Buenos días, hijo! Que no te canses.","Bonne journée, mon petit ! Bon courage !","Buona giornata, figliolo! Buon lavoro!","Bom dia, meu filho! Bom trabalho!","Добрый день, сынок! Лёгкой работы!","Dzień dobry, dziecko! Owocnej pracy!",こんにちは、ご苦労さんだねえ！,"좋은 하루 보내요, 수고해요!",孩子，日安！辛苦了！,孩子，日安！辛苦了！
SAY_VILLAGER_2,Are your hens laying well?,Tavukların iyi yumurtluyor mu?,Legen deine Hühner gut?,¿Ponen bien tus gallinas?,Tes poules pondent bien ?,Le tue galline fanno le uova?,Suas galinhas estão botando bem?,Хорошо твои куры несутся?,Dobrze ci się kury niosą?,鶏はよく卵を産んでるかい？,닭들이 알은 잘 낳아요?,你家的鸡下蛋多吗？,你家的雞下蛋多嗎？
SAY_YOUNG_1,"Hey brother, what's up?","Selam abi, naber?","Hey, alles klar?","¡Hola, hermano! ¿Qué tal?",Salut ! Ça va ?,"Ciao fratello, come va?","E aí, irmão, beleza?","Привет, брат, как дела?","Cześć, co słychać?",やあ、元気？,"안녕하세요, 형님! 잘 지내요?",嗨，大哥，最近怎样？,嗨，大哥，最近怎樣？
SAY_YOUNG_2,Waiting for the bus. It's late again.,"Otobüsü bekliyorum, yine gecikti.",Ich warte auf den Bus. Wieder zu spät.,Espero el autobús. Otra vez tarde.,J'attends le bus. Encore en retard.,Aspetto l'autobus. Di nuovo in ritardo.,Esperando o ônibus. Atrasado de novo.,Жду автобус. Опять опаздывает.,Czekam na autobus. Znowu się spóźnia.,バス待ち。また遅れてるよ。,버스 기다려요. 또 늦네요.,在等公交车，又晚点了。,在等公車，又誤點了。
SAY_FARMER_1,"Rain is coming, the fields will be glad.","Yağmur gelecek, tarlalar sevinecek.","Es kommt Regen, die Felder werden sich freuen.","Viene lluvia, los campos lo agradecerán.","La pluie arrive, les champs seront contents.","Arriva la pioggia, i campi ne saranno felici.","Vem chuva aí, os campos vão agradecer.","Дождь идёт, поля обрадуются.","Idzie deszcz, pola się ucieszą.",雨が来るぞ、畑が喜ぶ。,"비가 오겠네, 밭이 좋아하겠어.",要下雨了，地里要高兴了。,要下雨了，田裡要高興了。
SAY_FARMER_2,"Good work to you, neighbour!",Hayırlı işler komşu!,"Gutes Gelingen, Nachbar!","¡Buen trabajo, vecino!","Bon travail, voisin !","Buon lavoro, vicino!","Bom trabalho, vizinho!","Удачи в делах, сосед!","Dobrej roboty, sąsiedzie!",ご苦労さん、お隣さん！,"수고하게, 이웃 양반!",邻居，辛苦了！,鄰居，辛苦了！
HINT_NEW_BUILDING,Your %s is here,%s burada,Hier steht: %s,Aquí está: %s,C'est ici : %s,È qui: %s,Fica aqui: %s,Здесь: %s,Tutaj: %s,%sはここ,%s 여기 있어요,%s在这里,%s在這裡
MSG_BUILT_FOLLOW,%s is ready! Follow the gold dot to it.,%s hazır! Altın nokta seni oraya götürür.,%s ist fertig! Folge dem goldenen Punkt dorthin.,¡Obra terminada: %s! Sigue el punto dorado para llegar.,Construction terminée : %s ! Suis le point doré pour y aller.,Costruzione completata: %s! Segui il punto dorato per arrivarci.,Obra concluída: %s! Siga o ponto dourado até lá.,Готово: %s! Иди за золотой точкой.,Gotowe: %s! Idź za złotą kropką.,%sが完成しました！金色の点についていこう。,%s 공사가 끝났어요! 금색 점을 따라가 보세요.,%s建造完成！跟着金色圆点过去看看。,%s完工了！跟著金色圓點過去看看。
LETTER_CARNIVAL_TITLE,An invitation from the market,Marketten bir davet,Eine Einladung vom Markt,Una invitación del mercado,Une invitation du marché,Un invito dal mercato,Um convite do mercado,Приглашение из магазина,Zaproszenie ze sklepu,マーケットからの招待状,마켓에서 온 초대장,来自市场的邀请,來自市場的邀請
LETTER_CARNIVAL_BODY,"Hello, neighbour!|Tonight Yeşilova holds its carnival night! From {start} the whole town will be lit up, with music, stalls and a Ferris wheel on the green behind the market.|And here's the best part: everything you sell in town tonight (at my counter, straight from your pickup, or for an order on the board) will be bought at twice its value! Bring your best goods.|The carnival ends at {end}, so don't be late. See you tonight!","Merhaba komşu!|Bu akşam Yeşilova'da karnaval gecesi var! Saat {start}'den itibaren bütün kasaba ışıl ışıl olacak; müzik, tezgâhlar ve marketin arkasındaki çayırda bir dönme dolap seni bekliyor.|Asıl güzel haber şu: bu gece kasabada sattığın her şey (tezgâhımda, pikabından ya da panodaki siparişler için) değerinin iki katına alınacak! En güzel ürünlerini getir.|Karnaval saat {end}'te sona eriyor, sakın geç kalma. Akşam görüşmek üzere!","Hallo, Nachbar!|Heute Abend feiert Yeşilova seine Karnevalsnacht! Ab {start} Uhr leuchtet die ganze Stadt, mit Musik, Ständen und einem Riesenrad auf der Wiese hinter dem Markt.|Und das Beste: Alles, was du heute Abend in der Stadt verkaufst (an meiner Theke, direkt vom Pick-up oder für einen Auftrag am Brett), wird zum doppelten Wert angekauft! Bring deine besten Waren mit.|Der Karneval endet um {end} Uhr, also komm nicht zu spät. Bis heute Abend!","¡Hola, vecino!|¡Esta noche Yeşilova celebra su noche de carnaval! Desde las {start} todo el pueblo estará iluminado, con música, puestos y una noria en el prado detrás del mercado.|Y lo mejor: todo lo que vendas hoy en el pueblo (en mi mostrador, directamente desde tu camioneta o para un pedido del tablón) se comprará al doble de su valor. ¡Trae tus mejores productos!|El carnaval termina a las {end}, así que no llegues tarde. ¡Nos vemos esta noche!","Bonjour, voisin !|Ce soir, Yeşilova fête sa nuit de carnaval ! Dès {start}, toute la ville sera illuminée, avec de la musique, des stands et une grande roue sur le pré derrière le marché.|Et le meilleur : tout ce que tu vendras en ville ce soir (à mon comptoir, directement depuis ton pick-up ou pour une commande du tableau) sera acheté au double de sa valeur ! Apporte tes plus beaux produits.|Le carnaval se termine à {end}, alors ne sois pas en retard. À ce soir !","Ciao, vicino!|Stasera Yeşilova festeggia la sua notte di carnevale! Dalle {start} tutto il paese sarà illuminato, con musica, bancarelle e una ruota panoramica sul prato dietro il mercato.|E la parte migliore: tutto quello che vendi in paese stasera (al mio bancone, direttamente dal tuo pick-up o per un ordine della bacheca) sarà comprato al doppio del suo valore! Porta i tuoi prodotti migliori.|Il carnevale finisce alle {end}, quindi non fare tardi. Ci vediamo stasera!","Olá, vizinho!|Hoje à noite Yeşilova faz a sua noite de carnaval! A partir das {start}, a cidade inteira vai estar iluminada, com música, barracas e uma roda-gigante no gramado atrás do mercado.|E o melhor: tudo o que você vender na cidade hoje à noite (no meu balcão, direto da sua picape ou para um pedido do quadro) será comprado pelo dobro do valor! Traga seus melhores produtos.|O carnaval termina às {end}, então não se atrase. Até a noite!","Привет, сосед!|Сегодня вечером в Yeşilova карнавальная ночь! С {start} весь городок засияет огнями: музыка, лотки и колесо обозрения на лугу за магазином.|А самое приятное: всё, что ты продашь сегодня вечером в городке (у моего прилавка, прямо из пикапа или по заказу с доски), купят вдвое дороже! Привози свои лучшие товары.|Карнавал закончится в {end}, так что не опаздывай. До вечера!","Cześć, sąsiedzie!|Dziś wieczorem w Yeşilova noc karnawałowa! Od {start} całe miasteczko rozbłyśnie światłami: muzyka, stragany i diabelski młyn na łące za sklepem.|A najlepsze jest to, że wszystko, co dziś wieczorem sprzedasz w miasteczku (przy mojej ladzie, prosto z pikapa albo na zamówienie z tablicy), zostanie kupione za podwójną cenę! Przywieź swoje najlepsze towary.|Karnawał kończy się o {end}, więc się nie spóźnij. Do zobaczenia wieczorem!",こんにちは、お隣さん！|今夜はYeşilovaのカーニバルの夜です！{start}から町じゅうがライトアップされて、音楽や屋台、それにマーケットの裏の広場には観覧車も出ますよ。|そして一番のお知らせ：今夜、町で売ったものは（私のカウンターでも、ピックアップの荷台からでも、掲示板の注文でも）すべて価値の2倍で買い取ります！自慢の品を持ってきてね。|カーニバルは{end}で終わるから、遅れないでね。今夜会いましょう！,"안녕하세요, 이웃님!|오늘 밤 Yeşilova에서 카니발의 밤이 열려요! {start}부터 온 마을이 불빛으로 반짝이고, 음악과 노점, 그리고 마켓 뒤 풀밭에는 대관람차도 있어요.|가장 좋은 소식은요, 오늘 밤 마을에서 파는 모든 것(제 카운터에서든, 픽업트럭에서 바로든, 게시판 주문이든)을 가치의 두 배로 사 드린다는 거예요! 가장 좋은 물건을 가져오세요.|카니발은 {end}에 끝나니 늦지 마세요. 오늘 밤에 봬요!",你好，邻居！|今晚 Yeşilova 有狂欢夜！从 {start} 起，整个小镇都会灯火通明，有音乐、小摊，市场后面的草地上还有摩天轮。|最棒的是：今晚你在镇上卖出的所有东西（在我的柜台、直接从你的皮卡上，或是交付告示板上的订单）都会按两倍价值收购！带上你最好的货物吧。|狂欢节在 {end} 结束，别迟到哦。晚上见！,你好，鄰居！|今晚 Yeşilova 有嘉年華之夜！從 {start} 起，整個小鎮都會燈火通明，有音樂、小攤，市場後面的草地上還有摩天輪。|最棒的是：今晚你在鎮上賣出的所有東西（在我的櫃台、直接從你的貨卡上，或是交付告示板上的訂單）都會以兩倍價值收購！帶上你最好的貨物吧。|嘉年華在 {end} 結束，別遲到喔。晚上見！
LETTER_CARNIVAL_SIGN,"— Beyza, Yeşilova Market","— Beyza, Yeşilova Market","— Beyza, Yeşilova Market","— Beyza, Yeşilova Market","— Beyza, Yeşilova Market","— Beyza, Yeşilova Market","— Beyza, Yeşilova Market","— Бейза, Yeşilova Market","— Beyza, Yeşilova Market",— Yeşilova Market　ベイザより,— Yeşilova Market 베이자,—— Yeşilova Market 贝伊扎,—— Yeşilova Market 貝伊扎
LETTER_CARNIVAL_BUTTON,See you tonight!,Akşam görüşürüz!,Bis heute Abend!,¡Hasta esta noche!,À ce soir !,A stasera!,Até a noite!,До вечера!,Do wieczora!,今夜会いましょう！,오늘 밤에 봐요!,晚上见！,晚上見！
MSG_CARNIVAL_LETTER,A letter has come from Beyza at the market,Marketteki Beyza'dan bir mektup geldi,Ein Brief von Beyza vom Markt ist angekommen,"Ha llegado una carta de Beyza, la del mercado","Une lettre de Beyza, du marché, est arrivée","È arrivata una lettera di Beyza, del mercato","Chegou uma carta da Beyza, do mercado",Пришло письмо от Бейзы из магазина,Przyszedł list od Beyzy ze sklepu,マーケットのベイザから手紙が届きました,마켓의 베이자에게서 편지가 왔어요,市场的贝伊扎寄来了一封信,市場的貝伊扎寄來了一封信
MSG_CARNIVAL_OVER,The carnival is over. Thanks for coming! Prices are back to normal.,Karnaval sona erdi. Geldiğin için teşekkürler! Fiyatlar normale döndü.,Der Karneval ist vorbei. Danke fürs Kommen! Die Preise sind wieder normal.,El carnaval ha terminado. ¡Gracias por venir! Los precios vuelven a la normalidad.,Le carnaval est terminé. Merci d'être venu ! Les prix reviennent à la normale.,Il carnevale è finito. Grazie di essere venuto! I prezzi tornano normali.,O carnaval acabou. Obrigado por vir! Os preços voltaram ao normal.,"Карнавал закончился. Спасибо, что пришёл! Цены снова обычные.","Karnawał się skończył. Dzięki, że wpadłeś! Ceny wróciły do normy.",カーニバルは終わりました。来てくれてありがとう！価格は元に戻りました。,카니발이 끝났어요. 와 줘서 고마워요! 가격이 평소대로 돌아왔어요.,狂欢节结束了，谢谢光临！价格已恢复正常。,嘉年華結束了，謝謝光臨！價格已恢復正常。
CARNIVAL_BANNER_KICKER,Yeşilova · Carnival night,Yeşilova · Karnaval gecesi,Yeşilova · Karnevalsnacht,Yeşilova · Noche de carnaval,Yeşilova · Nuit de carnaval,Yeşilova · Notte di carnevale,Yeşilova · Noite de carnaval,Yeşilova · Карнавальная ночь,Yeşilova · Noc karnawałowa,Yeşilova · カーニバルの夜,Yeşilova · 카니발의 밤,Yeşilova · 狂欢夜,Yeşilova · 嘉年華之夜
CARNIVAL_BANNER_TITLE,The carnival has begun!,Karnaval başladı!,Der Karneval hat begonnen!,¡Empieza el carnaval!,Le carnaval a commencé !,Il carnevale è cominciato!,O carnaval começou!,Карнавал начался!,Karnawał się zaczął!,カーニバルが始まりました！,카니발이 시작됐어요!,狂欢节开始啦！,嘉年華開始囉！
CARNIVAL_BANNER_TEXT,Until %s everything you sell in town pays double,Saat %s'e kadar kasabada sattığın her şey iki kat para getiriyor,"Bis %s Uhr bringt alles, was du in der Stadt verkaufst, das Doppelte","Hasta las %s, todo lo que vendas en el pueblo vale el doble","Jusqu'à %s, tout ce que tu vends en ville rapporte le double",Fino alle %s tutto ciò che vendi in paese rende il doppio,"Até as %s, tudo o que você vender na cidade vale o dobro","До %s всё, что ты продашь в городке, стоит вдвое дороже","Do %s wszystko, co sprzedasz w miasteczku, jest warte podwójnie",%sまで、町で売るものはすべて2倍の値段に,%s까지 마을에서 파는 모든 것이 두 배 가격이에요,%s 前在镇上卖出的所有东西都按两倍价格收购,%s 前在鎮上賣出的所有東西都以兩倍價格收購
SHOP_CARNIVAL_STRIP,Carnival night: everything you sell pays double until %s,Karnaval gecesi: %s'e kadar sattığın her şey iki katına alınıyor,Karnevalsnacht: Bis %s Uhr zahlen wir das Doppelte für alles,Noche de carnaval: hasta las %s pagamos el doble por todo,"Nuit de carnaval : jusqu'à %s, tout est acheté au double",Notte di carnevale: fino alle %s paghiamo il doppio per tutto,"Noite de carnaval: até as %s, pagamos o dobro por tudo",Карнавальная ночь: до %s всё покупаем вдвое дороже,Noc karnawałowa: do %s płacimy podwójnie za wszystko,カーニバルの夜：%sまで何でも2倍で買い取り,카니발의 밤: %s까지 모든 물건을 두 배로 사들여요,狂欢夜：%s 前所有商品按两倍价格收购,嘉年華之夜：%s 前所有商品以兩倍價格收購
ACTION_TAKE_EGG,Take the egg,Yumurtayı al,Ei nehmen,Coger el huevo,Prendre l'œuf,Prendi l'uovo,Pegar o ovo,Взять яйцо,Weź jajko,卵を取る,달걀 집기,拿鸡蛋,拿雞蛋
ITEM_FISH_ROACH,Roach,Kızılgöz,Rotauge,Rutilo,Gardon,Rutilo,Rútilo,Плотва,Płoć,ローチ,로치,拟鲤,擬鯉
ITEM_FISH_ROACH_COOKED,Grilled Roach,Izgara Kızılgöz,Gegrilltes Rotauge,Rutilo a la brasa,Gardon grillé,Rutilo alla griglia,Rútilo grelhado,Жареная плотва,Płoć z grilla,ローチの塩焼き,구운 로치,烤拟鲤,烤擬鯉
ITEM_FISH_ROACH_CLEANED,Cleaned Roach,Temizlenmiş Kızılgöz,Ausgenommenes Rotauge,Rutilo limpio,Gardon vidé,Rutilo pulito,Rútilo limpo,Разделанная плотва,Oczyszczona płoć,下処理したローチ,손질한 로치,净膛拟鲤,淨膛擬鯉
ITEM_FISH_ROACH_CLEANED_COOKED,Grilled Cleaned Roach,Temizlenmiş Izgara Kızılgöz,Gegrilltes ausgenommenes Rotauge,Rutilo limpio a la brasa,Gardon vidé grillé,Rutilo pulito alla griglia,Rútilo limpo grelhado,Жареная разделанная плотва,Oczyszczona płoć z grilla,下処理したローチの塩焼き,손질해 구운 로치,烤净膛拟鲤,烤淨膛擬鯉
ITEM_FISH_ROACH_TROPHY,Giant Roach,Dev Kızılgöz,Riesenrotauge,Rutilo gigante,Gardon géant,Rutilo gigante,Rútilo gigante,Гигантская плотва,Olbrzymia płoć,巨大ローチ,거대 로치,巨型拟鲤,巨型擬鯉
DESC_FISH_ROACH,A silver fish with a red eye and orange fins. Loves maggots; bites by day.,"Kırmızı gözlü, turuncu yüzgeçli gümüşi bir balık. Kurtçuğa bayılır; gündüz vurur.",Ein silberner Fisch mit rotem Auge und orangen Flossen. Liebt Maden; beißt tagsüber.,Un pez plateado de ojo rojo y aletas naranjas. Le encantan los gusanos blancos; pica de día.,Un poisson argenté à l'œil rouge et aux nageoires orange. Adore les asticots ; mord le jour.,Un pesce argenteo dall'occhio rosso e le pinne arancio. Adora i bigattini; abbocca di giorno.,Um peixe prateado de olho vermelho e nadadeiras laranja. Adora larvas; morde de dia.,Серебристая рыба с красным глазом и оранжевыми плавниками. Обожает опарыша; клюёт днём.,Srebrzysta ryba o czerwonym oku i pomarańczowych płetwach. Uwielbia białe robaki; bierze za dnia.,赤い目とオレンジのひれの銀色の魚。サシが大好物で、昼に釣れる。,빨간 눈에 주황 지느러미를 가진 은빛 물고기. 구더기를 아주 좋아하고 낮에 물어요.,红眼橙鳍的银色鱼。最爱蛆虫饵，白天咬钩。,紅眼橙鰭的銀色魚。最愛蛆蟲餌，白天咬鉤。
DESC_FISH_ROACH_COOKED,Grilled on the campfire. Right-click to eat it.,Kamp ateşinde ızgara. Yemek için sağ tıkla.,Über dem Lagerfeuer gegrillt. Rechtsklick zum Essen.,Asado en la fogata. Clic derecho para comerlo.,Grillé au feu de camp. Clic droit pour le manger.,Grigliato sul fuoco da campo. Clic destro per mangiarlo.,Grelhado na fogueira. Clique direito para comer.,"Зажарено на костре. Правый клик, чтобы съесть.","Upieczone na ognisku. Kliknij prawym, aby zjeść.",たき火で焼いたもの。右クリックで食べる。,모닥불에 구웠어요. 우클릭으로 먹어요.,在篝火上烤熟了。右键食用。,在營火上烤熟了。右鍵食用。
ITEM_FISH_BLEAK,Bleak,İnci Balığı,Ukelei,Alburno,Ablette,Alborella,Alburno,Уклейка,Ukleja,ブリーク,블리크,欧白鱼,歐白魚
ITEM_FISH_BLEAK_COOKED,Grilled Bleak,Izgara İnci Balığı,Gegrillter Ukelei,Alburno a la brasa,Ablette grillée,Alborella alla griglia,Alburno grelhado,Жареная уклейка,Ukleja z grilla,ブリークの塩焼き,구운 블리크,烤欧白鱼,烤歐白魚
ITEM_FISH_BLEAK_CLEANED,Cleaned Bleak,Temizlenmiş İnci Balığı,Ausgenommener Ukelei,Alburno limpio,Ablette vidée,Alborella pulita,Alburno limpo,Разделанная уклейка,Oczyszczona ukleja,下処理したブリーク,손질한 블리크,净膛欧白鱼,淨膛歐白魚
ITEM_FISH_BLEAK_CLEANED_COOKED,Grilled Cleaned Bleak,Temizlenmiş Izgara İnci Balığı,Gegrillter ausgenommener Ukelei,Alburno limpio a la brasa,Ablette vidée grillée,Alborella pulita alla griglia,Alburno limpo grelhado,Жареная разделанная уклейка,Oczyszczona ukleja z grilla,下処理したブリークの塩焼き,손질해 구운 블리크,烤净膛欧白鱼,烤淨膛歐白魚
ITEM_FISH_BLEAK_TROPHY,Giant Bleak,Dev İnci Balığı,Riesenukelei,Alburno gigante,Ablette géante,Alborella gigante,Alburno gigante,Гигантская уклейка,Olbrzymia ukleja,巨大ブリーク,거대 블리크,巨型欧白鱼,巨型歐白魚
DESC_FISH_BLEAK,A slim flash of silver near the surface. Takes maggots by day.,"Suyun yüzüne yakın, ince bir gümüş parıltı. Gündüz kurtçuk alır.",Ein schlanker Silberblitz dicht unter der Oberfläche. Nimmt tagsüber Maden.,Un destello plateado y esbelto junto a la superficie. Pica con gusanos blancos de día.,Un mince éclair d'argent près de la surface. Prend les asticots le jour.,Un sottile lampo d'argento a pelo d'acqua. Prende i bigattini di giorno.,Um fino lampejo prateado perto da superfície. Pega larvas de dia.,Тонкая серебристая молния у самой поверхности. Днём берёт опарыша.,Smukły srebrny błysk tuż pod powierzchnią. Za dnia bierze na białe robaki.,水面近くできらめく細身の銀色の魚。昼にサシで釣れる。,수면 가까이서 반짝이는 날씬한 은빛 물고기. 낮에 구더기를 물어요.,贴着水面闪过的一道细长银光。白天吃蛆虫饵。,貼著水面閃過的一道細長銀光。白天吃蛆蟲餌。
DESC_FISH_BLEAK_COOKED,Grilled on the campfire. Right-click to eat it.,Kamp ateşinde ızgara. Yemek için sağ tıkla.,Über dem Lagerfeuer gegrillt. Rechtsklick zum Essen.,Asado en la fogata. Clic derecho para comerlo.,Grillé au feu de camp. Clic droit pour le manger.,Grigliato sul fuoco da campo. Clic destro per mangiarlo.,Grelhado na fogueira. Clique direito para comer.,"Зажарено на костре. Правый клик, чтобы съесть.","Upieczone na ognisku. Kliknij prawym, aby zjeść.",たき火で焼いたもの。右クリックで食べる。,모닥불에 구웠어요. 우클릭으로 먹어요.,在篝火上烤熟了。右键食用。,在營火上烤熟了。右鍵食用。
ITEM_FISH_GUDGEON,Gudgeon,Dere Kayası,Gründling,Gobio,Goujon,Gobione,Gobião,Пескарь,Kiełb,ガジョン,모래무지,鮈鱼,鮈魚
ITEM_FISH_GUDGEON_COOKED,Grilled Gudgeon,Izgara Dere Kayası,Gegrillter Gründling,Gobio a la brasa,Goujon grillé,Gobione alla griglia,Gobião grelhado,Жареный пескарь,Kiełb z grilla,ガジョンの塩焼き,구운 모래무지,烤鮈鱼,烤鮈魚
ITEM_FISH_GUDGEON_CLEANED,Cleaned Gudgeon,Temizlenmiş Dere Kayası,Ausgenommener Gründling,Gobio limpio,Goujon vidé,Gobione pulito,Gobião limpo,Разделанный пескарь,Oczyszczony kiełb,下処理したガジョン,손질한 모래무지,净膛鮈鱼,淨膛鮈魚
ITEM_FISH_GUDGEON_CLEANED_COOKED,Grilled Cleaned Gudgeon,Temizlenmiş Izgara Dere Kayası,Gegrillter ausgenommener Gründling,Gobio limpio a la brasa,Goujon vidé grillé,Gobione pulito alla griglia,Gobião limpo grelhado,Жареный разделанный пескарь,Oczyszczony kiełb z grilla,下処理したガジョンの塩焼き,손질해 구운 모래무지,烤净膛鮈鱼,烤淨膛鮈魚
ITEM_FISH_GUDGEON_TROPHY,Giant Gudgeon,Dev Dere Kayası,Riesengründling,Gobio gigante,Goujon géant,Gobione gigante,Gobião gigante,Гигантский пескарь,Olbrzymi kiełb,巨大ガジョン,거대 모래무지,巨型鮈鱼,巨型鮈魚
DESC_FISH_GUDGEON,A small whiskered fish of the sandy bottom. Takes worms and maggots by day.,"Kumlu dipte yaşayan küçük, bıyıklı bir balık. Gündüz solucan ve kurtçuk alır.",Ein kleiner Bartelfisch vom sandigen Grund. Nimmt tagsüber Würmer und Maden.,Un pececillo con barbillas del fondo arenoso. Pica con lombrices y gusanos blancos de día.,Un petit poisson à barbillons des fonds sableux. Prend vers et asticots le jour.,Un pesciolino coi barbigli del fondo sabbioso. Prende vermi e bigattini di giorno.,Um peixinho de barbilhos do fundo arenoso. Pega minhocas e larvas de dia.,Маленькая усатая рыбка песчаного дна. Днём берёт червя и опарыша.,Mała wąsata rybka piaszczystego dna. Za dnia bierze na robaki i białe robaki.,砂底にすむ小さなひげのある魚。昼にミミズやサシで釣れる。,모래 바닥에 사는 수염 난 작은 물고기. 낮에 지렁이와 구더기를 물어요.,沙底的长须小鱼。白天吃蚯蚓和蛆虫饵。,沙底的長鬚小魚。白天吃蚯蚓和蛆蟲餌。
DESC_FISH_GUDGEON_COOKED,Grilled on the campfire. Right-click to eat it.,Kamp ateşinde ızgara. Yemek için sağ tıkla.,Über dem Lagerfeuer gegrillt. Rechtsklick zum Essen.,Asado en la fogata. Clic derecho para comerlo.,Grillé au feu de camp. Clic droit pour le manger.,Grigliato sul fuoco da campo. Clic destro per mangiarlo.,Grelhado na fogueira. Clique direito para comer.,"Зажарено на костре. Правый клик, чтобы съесть.","Upieczone na ognisku. Kliknij prawym, aby zjeść.",たき火で焼いたもの。右クリックで食べる。,모닥불에 구웠어요. 우클릭으로 먹어요.,在篝火上烤熟了。右键食用。,在營火上烤熟了。右鍵食用。
ITEM_FISH_BREAM,Bream,Çapak,Brachse,Brema,Brème,Abramide,Brema,Лещ,Leszcz,ブリーム,브림,欧鳊,歐鯿
ITEM_FISH_BREAM_COOKED,Grilled Bream,Izgara Çapak,Gegrillte Brachse,Brema a la brasa,Brème grillée,Abramide alla griglia,Brema grelhada,Жареный лещ,Leszcz z grilla,ブリームの塩焼き,구운 브림,烤欧鳊,烤歐鯿
ITEM_FISH_BREAM_CLEANED,Cleaned Bream,Temizlenmiş Çapak,Ausgenommene Brachse,Brema limpia,Brème vidée,Abramide pulito,Brema limpa,Разделанный лещ,Oczyszczony leszcz,下処理したブリーム,손질한 브림,净膛欧鳊,淨膛歐鯿
ITEM_FISH_BREAM_CLEANED_COOKED,Grilled Cleaned Bream,Temizlenmiş Izgara Çapak,Gegrillte ausgenommene Brachse,Brema limpia a la brasa,Brème vidée grillée,Abramide pulito alla griglia,Brema limpa grelhada,Жареный разделанный лещ,Oczyszczony leszcz z grilla,下処理したブリームの塩焼き,손질해 구운 브림,烤净膛欧鳊,烤淨膛歐鯿
ITEM_FISH_BREAM_TROPHY,Giant Bream,Dev Çapak,Riesenbrachse,Brema gigante,Brème géante,Abramide gigante,Brema gigante,Гигантский лещ,Olbrzymi leszcz,巨大ブリーム,거대 브림,巨型欧鳊,巨型歐鯿
DESC_FISH_BREAM,"A deep, bronze slab of a fish that shoals over the bottom at dusk. Sweetcorn and maggots.","Akşamüstü dipte sürü halinde dolaşan, yassı ve bronz renkli bir balık. Mısır ve kurtçuk sever.","Ein hoher, bronzener Fisch, der in der Dämmerung in Schwärmen am Grund zieht. Mais und Maden.",Un pez alto y bronceado que forma bancos sobre el fondo al atardecer. Maíz y gusanos blancos.,Un poisson haut et bronze qui croise en bancs sur le fond au crépuscule. Maïs et asticots.,Un pesce alto e bronzeo che al tramonto gira in branchi sul fondo. Mais e bigattini.,Um peixe alto e bronzeado que anda em cardume no fundo ao entardecer. Milho e larvas.,"Высокая бронзовая рыба, в сумерках стаями ходит у дна. Кукуруза и опарыш.","Wysoka, brązowa ryba, o zmierzchu krąży ławicami przy dnie. Kukurydza i białe robaki.",夕暮れに群れで底を回る、体高のある青銅色の魚。コーンとサシ。,해 질 녘 바닥에서 떼 지어 다니는 넓적한 청동빛 물고기. 옥수수와 구더기.,黄昏时成群游过水底的高背古铜色鱼。爱吃甜玉米和蛆虫饵。,黃昏時成群游過水底的高背古銅色魚。愛吃甜玉米和蛆蟲餌。
DESC_FISH_BREAM_COOKED,Grilled on the campfire. Right-click to eat it.,Kamp ateşinde ızgara. Yemek için sağ tıkla.,Über dem Lagerfeuer gegrillt. Rechtsklick zum Essen.,Asado en la fogata. Clic derecho para comerlo.,Grillé au feu de camp. Clic droit pour le manger.,Grigliato sul fuoco da campo. Clic destro per mangiarlo.,Grelhado na fogueira. Clique direito para comer.,"Зажарено на костре. Правый клик, чтобы съесть.","Upieczone na ognisku. Kliknij prawym, aby zjeść.",たき火で焼いたもの。右クリックで食べる。,모닥불에 구웠어요. 우클릭으로 먹어요.,在篝火上烤熟了。右键食用。,在營火上烤熟了。右鍵食用。
ITEM_FISH_CHUB,Chub,Tatlısu Kefali,Döbel,Cacho,Chevesne,Cavedano,Escalo,Голавль,Kleń,チャブ,처브,圆鳍雅罗鱼,圓鰭雅羅魚
ITEM_FISH_CHUB_COOKED,Grilled Chub,Izgara Tatlısu Kefali,Gegrillter Döbel,Cacho a la brasa,Chevesne grillé,Cavedano alla griglia,Escalo grelhado,Жареный голавль,Kleń z grilla,チャブの塩焼き,구운 처브,烤圆鳍雅罗鱼,烤圓鰭雅羅魚
ITEM_FISH_CHUB_CLEANED,Cleaned Chub,Temizlenmiş Tatlısu Kefali,Ausgenommener Döbel,Cacho limpio,Chevesne vidé,Cavedano pulito,Escalo limpo,Разделанный голавль,Oczyszczony kleń,下処理したチャブ,손질한 처브,净膛圆鳍雅罗鱼,淨膛圓鰭雅羅魚
ITEM_FISH_CHUB_CLEANED_COOKED,Grilled Cleaned Chub,Temizlenmiş Izgara Tatlısu Kefali,Gegrillter ausgenommener Döbel,Cacho limpio a la brasa,Chevesne vidé grillé,Cavedano pulito alla griglia,Escalo limpo grelhado,Жареный разделанный голавль,Oczyszczony kleń z grilla,下処理したチャブの塩焼き,손질해 구운 처브,烤净膛圆鳍雅罗鱼,烤淨膛圓鰭雅羅魚
ITEM_FISH_CHUB_TROPHY,Giant Chub,Dev Tatlısu Kefali,Riesendöbel,Cacho gigante,Chevesne géant,Cavedano gigante,Escalo gigante,Гигантский голавль,Olbrzymi kleń,巨大チャブ,거대 처브,巨型圆鳍雅罗鱼,巨型圓鰭雅羅魚
DESC_FISH_CHUB,"A bold, big-mouthed fish with orange fins. Can't resist cheese.","Turuncu yüzgeçli, iri ağızlı, gözü pek bir balık. Peynire dayanamaz.","Ein kecker, großmäuliger Fisch mit orangen Flossen. Käse kann er nicht widerstehen.",Un pez atrevido de boca grande y aletas naranjas. No resiste el queso.,Un poisson hardi à grande bouche et nageoires orange. Ne résiste pas au fromage.,Un pesce audace dalla bocca grande e le pinne arancio. Non resiste al formaggio.,Um peixe ousado de boca grande e nadadeiras laranja. Não resiste a queijo.,Смелая большеротая рыба с оранжевыми плавниками. Перед сыром не устоит.,Śmiała ryba o wielkim pysku i pomarańczowych płetwach. Nie oprze się serowi.,オレンジのひれを持つ大口の大胆な魚。チーズに目がない。,주황 지느러미에 입이 큰 대담한 물고기. 치즈를 못 참아요.,橙色鳍、大嘴巴的大胆鱼。抵挡不住奶酪。,橙色鰭、大嘴巴的大膽魚。抵擋不住起司。
DESC_FISH_CHUB_COOKED,Grilled on the campfire. Right-click to eat it.,Kamp ateşinde ızgara. Yemek için sağ tıkla.,Über dem Lagerfeuer gegrillt. Rechtsklick zum Essen.,Asado en la fogata. Clic derecho para comerlo.,Grillé au feu de camp. Clic droit pour le manger.,Grigliato sul fuoco da campo. Clic destro per mangiarlo.,Grelhado na fogueira. Clique direito para comer.,"Зажарено на костре. Правый клик, чтобы съесть.","Upieczone na ognisku. Kliknij prawym, aby zjeść.",たき火で焼いたもの。右クリックで食べる。,모닥불에 구웠어요. 우클릭으로 먹어요.,在篝火上烤熟了。右键食用。,在營火上烤熟了。右鍵食用。
ITEM_FISH_BARBEL,Barbel,Bıyıklı Balık,Barbe,Barbo,Barbeau,Barbo,Barbo,Усач,Brzana,バーベル,바벨,鲃鱼,鲃魚
ITEM_FISH_BARBEL_COOKED,Grilled Barbel,Izgara Bıyıklı Balık,Gegrillte Barbe,Barbo a la brasa,Barbeau grillé,Barbo alla griglia,Barbo grelhado,Жареный усач,Brzana z grilla,バーベルの塩焼き,구운 바벨,烤鲃鱼,烤鲃魚
ITEM_FISH_BARBEL_CLEANED,Cleaned Barbel,Temizlenmiş Bıyıklı Balık,Ausgenommene Barbe,Barbo limpio,Barbeau vidé,Barbo pulito,Barbo limpo,Разделанный усач,Oczyszczona brzana,下処理したバーベル,손질한 바벨,净膛鲃鱼,淨膛鲃魚
ITEM_FISH_BARBEL_CLEANED_COOKED,Grilled Cleaned Barbel,Temizlenmiş Izgara Bıyıklı Balık,Gegrillte ausgenommene Barbe,Barbo limpio a la brasa,Barbeau vidé grillé,Barbo pulito alla griglia,Barbo limpo grelhado,Жареный разделанный усач,Oczyszczona brzana z grilla,下処理したバーベルの塩焼き,손질해 구운 바벨,烤净膛鲃鱼,烤淨膛鲃魚
ITEM_FISH_BARBEL_TROPHY,Giant Barbel,Dev Bıyıklı Balık,Riesenbarbe,Barbo gigante,Barbeau géant,Barbo gigante,Barbo gigante,Гигантский усач,Olbrzymia brzana,巨大バーベル,거대 바벨,巨型鲃鱼,巨型鲃魚
DESC_FISH_BARBEL,A golden bottom fish with four whiskers. Cheese and worms at dusk.,"Dört bıyıklı, altın renkli bir dip balığı. Akşamüstü peynir ve solucan sever.",Ein goldener Grundfisch mit vier Barteln. Käse und Würmer in der Dämmerung.,Un pez de fondo dorado con cuatro barbillas. Queso y lombrices al atardecer.,Un poisson de fond doré à quatre barbillons. Fromage et vers au crépuscule.,Un pesce di fondo dorato con quattro barbigli. Formaggio e vermi al tramonto.,Um peixe de fundo dourado com quatro barbilhos. Queijo e minhocas ao entardecer.,Золотистая донная рыба с четырьмя усиками. Сыр и червь в сумерках.,Złocista ryba denna z czterema wąsikami. Ser i robaki o zmierzchu.,4本のひげを持つ金色の底魚。夕暮れにチーズとミミズで。,수염이 네 개 달린 금빛 바닥 물고기. 해 질 녘 치즈와 지렁이.,长着四根须的金色底栖鱼。黄昏时爱吃奶酪和蚯蚓。,長著四根鬚的金色底棲魚。黃昏時愛吃起司和蚯蚓。
DESC_FISH_BARBEL_COOKED,Grilled on the campfire. Right-click to eat it.,Kamp ateşinde ızgara. Yemek için sağ tıkla.,Über dem Lagerfeuer gegrillt. Rechtsklick zum Essen.,Asado en la fogata. Clic derecho para comerlo.,Grillé au feu de camp. Clic droit pour le manger.,Grigliato sul fuoco da campo. Clic destro per mangiarlo.,Grelhado na fogueira. Clique direito para comer.,"Зажарено на костре. Правый клик, чтобы съесть.","Upieczone na ognisku. Kliknij prawym, aby zjeść.",たき火で焼いたもの。右クリックで食べる。,모닥불에 구웠어요. 우클릭으로 먹어요.,在篝火上烤熟了。右键食用。,在營火上烤熟了。右鍵食用。
ITEM_FISH_EEL,Eel,Yılan Balığı,Aal,Anguila,Anguille,Anguilla,Enguia,Угорь,Węgorz,ウナギ,뱀장어,鳗鱼,鰻魚
ITEM_FISH_EEL_COOKED,Grilled Eel,Izgara Yılan Balığı,Gegrillter Aal,Anguila a la brasa,Anguille grillée,Anguilla alla griglia,Enguia grelhada,Жареный угорь,Węgorz z grilla,ウナギの塩焼き,구운 뱀장어,烤鳗鱼,烤鰻魚
ITEM_FISH_EEL_CLEANED,Cleaned Eel,Temizlenmiş Yılan Balığı,Ausgenommener Aal,Anguila limpia,Anguille vidée,Anguilla pulita,Enguia limpa,Разделанный угорь,Oczyszczony węgorz,下処理したウナギ,손질한 뱀장어,净膛鳗鱼,淨膛鰻魚
ITEM_FISH_EEL_CLEANED_COOKED,Grilled Cleaned Eel,Temizlenmiş Izgara Yılan Balığı,Gegrillter ausgenommener Aal,Anguila limpia a la brasa,Anguille vidée grillée,Anguilla pulita alla griglia,Enguia limpa grelhada,Жареный разделанный угорь,Oczyszczony węgorz z grilla,下処理したウナギの塩焼き,손질해 구운 뱀장어,烤净膛鳗鱼,烤淨膛鰻魚
ITEM_FISH_EEL_TROPHY,Giant Eel,Dev Yılan Balığı,Riesenaal,Anguila gigante,Anguille géante,Anguilla gigante,Enguia gigante,Гигантский угорь,Olbrzymi węgorz,巨大ウナギ,거대 뱀장어,巨型鳗鱼,巨型鰻魚
DESC_FISH_EEL,A slippery eel from the mud. Comes out at night for worms and live bait.,Çamurdan çıkan kaygan bir yılan balığı. Geceleri solucan ve canlı yeme gelir.,Ein glitschiger Aal aus dem Schlamm. Kommt nachts auf Würmer und Köderfische.,Una anguila escurridiza del fango. Sale de noche a por lombrices y cebo vivo.,Une anguille glissante sortie de la vase. Sort la nuit pour les vers et les vifs.,Un'anguilla viscida del fango. Esce di notte per vermi ed esche vive.,Uma enguia escorregadia da lama. Sai à noite atrás de minhocas e isca viva.,Скользкий угорь из ила. Выходит ночью на червя и живца.,Śliski węgorz z mułu. Wychodzi nocą na robaki i żywca.,泥から出てくるぬるぬるのウナギ。夜にミミズや活き餌で釣れる。,진흙에서 나오는 미끌미끌한 뱀장어. 밤에 지렁이와 산 미끼를 물어요.,从泥里钻出的滑溜鳗鱼。夜里出来吃蚯蚓和活饵。,從泥裡鑽出的滑溜鰻魚。夜裡出來吃蚯蚓和活餌。
DESC_FISH_EEL_COOKED,Grilled on the campfire. Right-click to eat it.,Kamp ateşinde ızgara. Yemek için sağ tıkla.,Über dem Lagerfeuer gegrillt. Rechtsklick zum Essen.,Asado en la fogata. Clic derecho para comerlo.,Grillé au feu de camp. Clic droit pour le manger.,Grigliato sul fuoco da campo. Clic destro per mangiarlo.,Grelhado na fogueira. Clique direito para comer.,"Зажарено на костре. Правый клик, чтобы съесть.","Upieczone na ognisku. Kliknij prawym, aby zjeść.",たき火で焼いたもの。右クリックで食べる。,모닥불에 구웠어요. 우클릭으로 먹어요.,在篝火上烤熟了。右键食用。,在營火上烤熟了。右鍵食用。
ITEM_FISH_GRASS_CARP,Grass Carp,Ot Sazanı,Graskarpfen,Carpa herbívora,Carpe amour,Carpa erbivora,Carpa-capim,Белый амур,Amur biały,ソウギョ,초어,草鱼,草魚
ITEM_FISH_GRASS_CARP_COOKED,Grilled Grass Carp,Izgara Ot Sazanı,Gegrillter Graskarpfen,Carpa herbívora a la brasa,Carpe amour grillée,Carpa erbivora alla griglia,Carpa-capim grelhada,Жареный белый амур,Amur biały z grilla,ソウギョの塩焼き,구운 초어,烤草鱼,烤草魚
ITEM_FISH_GRASS_CARP_CLEANED,Cleaned Grass Carp,Temizlenmiş Ot Sazanı,Ausgenommener Graskarpfen,Carpa herbívora limpia,Carpe amour vidée,Carpa erbivora pulita,Carpa-capim limpa,Разделанный белый амур,Oczyszczony amur biały,下処理したソウギョ,손질한 초어,净膛草鱼,淨膛草魚
ITEM_FISH_GRASS_CARP_CLEANED_COOKED,Grilled Cleaned Grass Carp,Temizlenmiş Izgara Ot Sazanı,Gegrillter ausgenommener Graskarpfen,Carpa herbívora limpia a la brasa,Carpe amour vidée grillée,Carpa erbivora pulita alla griglia,Carpa-capim limpa grelhada,Жареный разделанный белый амур,Oczyszczony amur biały z grilla,下処理したソウギョの塩焼き,손질해 구운 초어,烤净膛草鱼,烤淨膛草魚
ITEM_FISH_GRASS_CARP_TROPHY,Giant Grass Carp,Dev Ot Sazanı,Riesengraskarpfen,Carpa herbívora gigante,Carpe amour géante,Carpa erbivora gigante,Carpa-capim gigante,Гигантский белый амур,Olbrzymi amur biały,巨大ソウギョ,거대 초어,巨型草鱼,巨型草魚
DESC_FISH_GRASS_CARP,"A long, heavy grazer of the weed beds. Sweetcorn by day.","Yosun yataklarında otlayan uzun, ağır bir balık. Gündüz mısıra gelir.","Ein langer, schwerer Weidegänger der Krautfelder. Tagsüber auf Mais.",Un largo y pesado pastador de las praderas de algas. Maíz de día.,"Un long et lourd brouteur des herbiers. Au maïs, le jour.",Un lungo e pesante brucatore dei letti d'alghe. Mais di giorno.,Um longo e pesado pastador dos bancos de algas. Milho de dia.,Длинный тяжёлый «травоед» зарослей. Днём на кукурузу.,"Długi, ciężki roślinożerca z łanów zielska. Za dnia na kukurydzę.",水草を食む長く重い魚。昼にコーンで。,수초를 뜯어 먹는 길고 묵직한 물고기. 낮에 옥수수로.,在水草丛里吃草的又长又重的鱼。白天用甜玉米。,在水草叢裡吃草的又長又重的魚。白天用甜玉米。
DESC_FISH_GRASS_CARP_COOKED,Grilled on the campfire. Right-click to eat it.,Kamp ateşinde ızgara. Yemek için sağ tıkla.,Über dem Lagerfeuer gegrillt. Rechtsklick zum Essen.,Asado en la fogata. Clic derecho para comerlo.,Grillé au feu de camp. Clic droit pour le manger.,Grigliato sul fuoco da campo. Clic destro per mangiarlo.,Grelhado na fogueira. Clique direito para comer.,"Зажарено на костре. Правый клик, чтобы съесть.","Upieczone na ognisku. Kliknij prawym, aby zjeść.",たき火で焼いたもの。右クリックで食べる。,모닥불에 구웠어요. 우클릭으로 먹어요.,在篝火上烤熟了。右键食用。,在營火上烤熟了。右鍵食用。
ITEM_FISH_SILVER_CARP,Silver Carp,Gümüş Sazan,Silberkarpfen,Carpa plateada,Carpe argentée,Carpa argentata,Carpa-prateada,Толстолобик,Tołpyga biała,ハクレン,백련어,鲢鱼,鰱魚
ITEM_FISH_SILVER_CARP_COOKED,Grilled Silver Carp,Izgara Gümüş Sazan,Gegrillter Silberkarpfen,Carpa plateada a la brasa,Carpe argentée grillée,Carpa argentata alla griglia,Carpa-prateada grelhada,Жареный толстолобик,Tołpyga biała z grilla,ハクレンの塩焼き,구운 백련어,烤鲢鱼,烤鰱魚
ITEM_FISH_SILVER_CARP_CLEANED,Cleaned Silver Carp,Temizlenmiş Gümüş Sazan,Ausgenommener Silberkarpfen,Carpa plateada limpia,Carpe argentée vidée,Carpa argentata pulita,Carpa-prateada limpa,Разделанный толстолобик,Oczyszczona tołpyga biała,下処理したハクレン,손질한 백련어,净膛鲢鱼,淨膛鰱魚
ITEM_FISH_SILVER_CARP_CLEANED_COOKED,Grilled Cleaned Silver Carp,Temizlenmiş Izgara Gümüş Sazan,Gegrillter ausgenommener Silberkarpfen,Carpa plateada limpia a la brasa,Carpe argentée vidée grillée,Carpa argentata pulita alla griglia,Carpa-prateada limpa grelhada,Жареный разделанный толстолобик,Oczyszczona tołpyga biała z grilla,下処理したハクレンの塩焼き,손질해 구운 백련어,烤净膛鲢鱼,烤淨膛鰱魚
ITEM_FISH_SILVER_CARP_TROPHY,Giant Silver Carp,Dev Gümüş Sazan,Riesensilberkarpfen,Carpa plateada gigante,Carpe argentée géante,Carpa argentata gigante,Carpa-prateada gigante,Гигантский толстолобик,Olbrzymia tołpyga biała,巨大ハクレン,거대 백련어,巨型鲢鱼,巨型鰱魚
DESC_FISH_SILVER_CARP,A bright silver carp with low-set eyes. Only soft dough tempts it.,"Gözleri aşağıda, parlak gümüşi bir sazan. Onu yalnızca yumuşak hamur kandırır.",Ein glänzend silberner Karpfen mit tief sitzenden Augen. Nur weicher Teig lockt ihn.,Una carpa de plata brillante con los ojos muy bajos. Solo la tienta la masa blanda.,Une carpe d'un argent éclatant aux yeux placés bas. Seule la pâte molle la tente.,Una carpa d'argento lucente dagli occhi bassi. La tenta solo la pasta morbida.,Uma carpa prateada brilhante de olhos baixos. Só massa mole a atrai.,Ярко-серебристый карп с низко посаженными глазами. Соблазнить его может только мягкое тесто.,Lśniąco srebrny karp z nisko osadzonymi oczami. Skusi go tylko miękkie ciasto.,目が低い位置にある銀ピカのコイ。やわらかい練り餌にしか食いつかない。,눈이 아래쪽에 달린 반짝이는 은빛 잉어. 부드러운 떡밥에만 넘어가요.,眼睛长得很低的亮银色鲤鱼。只有软面团饵能引它上钩。,眼睛長得很低的亮銀色鯉魚。只有軟麵團餌能引牠上鉤。
DESC_FISH_SILVER_CARP_COOKED,Grilled on the campfire. Right-click to eat it.,Kamp ateşinde ızgara. Yemek için sağ tıkla.,Über dem Lagerfeuer gegrillt. Rechtsklick zum Essen.,Asado en la fogata. Clic derecho para comerlo.,Grillé au feu de camp. Clic droit pour le manger.,Grigliato sul fuoco da campo. Clic destro per mangiarlo.,Grelhado na fogueira. Clique direito para comer.,"Зажарено на костре. Правый клик, чтобы съесть.","Upieczone na ognisku. Kliknij prawym, aby zjeść.",たき火で焼いたもの。右クリックで食べる。,모닥불에 구웠어요. 우클릭으로 먹어요.,在篝火上烤熟了。右键食用。,在營火上烤熟了。右鍵食用。
ITEM_FISH_BROWN_TROUT,Brown Trout,Dere Alabalığı,Bachforelle,Trucha común,Truite fario,Trota fario,Truta-marrom,Ручьевая форель,Pstrąg potokowy,ブラウントラウト,브라운송어,褐鳟,褐鱒
ITEM_FISH_BROWN_TROUT_COOKED,Grilled Brown Trout,Izgara Dere Alabalığı,Gegrillte Bachforelle,Trucha común a la brasa,Truite fario grillée,Trota fario alla griglia,Truta-marrom grelhada,Жареная ручьевая форель,Pstrąg potokowy z grilla,ブラウントラウトの塩焼き,구운 브라운송어,烤褐鳟,烤褐鱒
ITEM_FISH_BROWN_TROUT_CLEANED,Cleaned Brown Trout,Temizlenmiş Dere Alabalığı,Ausgenommene Bachforelle,Trucha común limpia,Truite fario vidée,Trota fario pulita,Truta-marrom limpa,Разделанная ручьевая форель,Oczyszczony pstrąg potokowy,下処理したブラウントラウト,손질한 브라운송어,净膛褐鳟,淨膛褐鱒
ITEM_FISH_BROWN_TROUT_CLEANED_COOKED,Grilled Cleaned Brown Trout,Temizlenmiş Izgara Dere Alabalığı,Gegrillte ausgenommene Bachforelle,Trucha común limpia a la brasa,Truite fario vidée grillée,Trota fario pulita alla griglia,Truta-marrom limpa grelhada,Жареная разделанная ручьевая форель,Oczyszczony pstrąg potokowy z grilla,下処理したブラウントラウトの塩焼き,손질해 구운 브라운송어,烤净膛褐鳟,烤淨膛褐鱒
ITEM_FISH_BROWN_TROUT_TROPHY,Giant Brown Trout,Dev Dere Alabalığı,Riesenbachforelle,Trucha común gigante,Truite fario géante,Trota fario gigante,Truta-marrom gigante,Гигантская ручьевая форель,Olbrzymi pstrąg potokowy,巨大ブラウントラウト,거대 브라운송어,巨型褐鳟,巨型褐鱒
DESC_FISH_BROWN_TROUT,"A red-spotted, wary trout. A spinner or a live minnow at dusk.","Kırmızı benekli, tetikte bir alabalık. Akşamüstü döner kaşık ya da canlı yem ister.","Eine rot getupfte, scheue Forelle. In der Dämmerung auf Spinner oder Köderfisch.",Una trucha recelosa de pintas rojas. Cucharilla o pececillo vivo al atardecer.,Une truite méfiante à points rouges. Cuiller ou vif au crépuscule.,Una trota diffidente a puntini rossi. Cucchiaino o pesciolino vivo al tramonto.,Uma truta arisca de pintas vermelhas. Colher giratória ou isca viva ao entardecer.,Осторожная форель в красных крапинках. В сумерках на вертушку или живца.,Płochliwy pstrąg w czerwone kropki. O zmierzchu na obrotówkę albo żywca.,赤い斑点の用心深いマス。夕暮れにスピナーか活き餌で。,빨간 점무늬의 경계심 많은 송어. 해 질 녘 스피너나 산 미끼로.,带红斑点、生性警觉的鳟鱼。黄昏时用旋转亮片或活饵。,帶紅斑點、生性警覺的鱒魚。黃昏時用旋轉亮片或活餌。
DESC_FISH_BROWN_TROUT_COOKED,Grilled on the campfire. Right-click to eat it.,Kamp ateşinde ızgara. Yemek için sağ tıkla.,Über dem Lagerfeuer gegrillt. Rechtsklick zum Essen.,Asado en la fogata. Clic derecho para comerlo.,Grillé au feu de camp. Clic droit pour le manger.,Grigliato sul fuoco da campo. Clic destro per mangiarlo.,Grelhado na fogueira. Clique direito para comer.,"Зажарено на костре. Правый клик, чтобы съесть.","Upieczone na ognisku. Kliknij prawym, aby zjeść.",たき火で焼いたもの。右クリックで食べる。,모닥불에 구웠어요. 우클릭으로 먹어요.,在篝火上烤熟了。右键食用。,在營火上烤熟了。右鍵食用。
ITEM_FISH_STURGEON,Sturgeon,Mersin Balığı,Stör,Esturión,Esturgeon,Storione,Esturjão,Осётр,Jesiotr,チョウザメ,철갑상어,鲟鱼,鱘魚
ITEM_FISH_STURGEON_COOKED,Grilled Sturgeon,Izgara Mersin Balığı,Gegrillter Stör,Esturión a la brasa,Esturgeon grillé,Storione alla griglia,Esturjão grelhado,Жареный осётр,Jesiotr z grilla,チョウザメの塩焼き,구운 철갑상어,烤鲟鱼,烤鱘魚
ITEM_FISH_STURGEON_CLEANED,Cleaned Sturgeon,Temizlenmiş Mersin Balığı,Ausgenommener Stör,Esturión limpio,Esturgeon vidé,Storione pulito,Esturjão limpo,Разделанный осётр,Oczyszczony jesiotr,下処理したチョウザメ,손질한 철갑상어,净膛鲟鱼,淨膛鱘魚
ITEM_FISH_STURGEON_CLEANED_COOKED,Grilled Cleaned Sturgeon,Temizlenmiş Izgara Mersin Balığı,Gegrillter ausgenommener Stör,Esturión limpio a la brasa,Esturgeon vidé grillé,Storione pulito alla griglia,Esturjão limpo grelhado,Жареный разделанный осётр,Oczyszczony jesiotr z grilla,下処理したチョウザメの塩焼き,손질해 구운 철갑상어,烤净膛鲟鱼,烤淨膛鱘魚
ITEM_FISH_STURGEON_TROPHY,Giant Sturgeon,Dev Mersin Balığı,Riesenstör,Esturión gigante,Esturgeon géant,Storione gigante,Esturjão gigante,Гигантский осётр,Olbrzymi jesiotr,巨大チョウザメ,거대 철갑상어,巨型鲟鱼,巨型鱘魚
DESC_FISH_STURGEON,"The pond's legend: a sturgeon from the old river days. At night, on worms or live bait.",Göletin efsanesi: eski nehir günlerinden kalma bir mersin balığı. Geceleri solucan ya da canlı yemle.,Die Legende des Teichs: ein Stör aus alten Flusstagen. Nachts auf Würmer oder Köderfische.,"La leyenda del estanque: un esturión de los viejos tiempos del río. De noche, con lombrices o cebo vivo.","La légende de l'étang : un esturgeon du temps de l'ancienne rivière. La nuit, aux vers ou au vif.","La leggenda dello stagno: uno storione dei vecchi tempi del fiume. Di notte, con vermi o esche vive.","A lenda do lago: um esturjão dos velhos tempos do rio. À noite, com minhocas ou isca viva.",Легенда пруда: осётр со времён старой реки. Ночью на червя или живца.,Legenda stawu: jesiotr z czasów dawnej rzeki. Nocą na robaki albo żywca.,池の伝説。昔の川の時代から生きるチョウザメ。夜にミミズか活き餌で。,연못의 전설. 옛 강 시절부터 살아온 철갑상어. 밤에 지렁이나 산 미끼로.,池塘的传说：古老河流年代遗留下的鲟鱼。夜里用蚯蚓或活饵。,池塘的傳說：古老河流年代遺留下的鱘魚。夜裡用蚯蚓或活餌。
DESC_FISH_STURGEON_COOKED,Grilled on the campfire. Right-click to eat it.,Kamp ateşinde ızgara. Yemek için sağ tıkla.,Über dem Lagerfeuer gegrillt. Rechtsklick zum Essen.,Asado en la fogata. Clic derecho para comerlo.,Grillé au feu de camp. Clic droit pour le manger.,Grigliato sul fuoco da campo. Clic destro per mangiarlo.,Grelhado na fogueira. Clique direito para comer.,"Зажарено на костре. Правый клик, чтобы съесть.","Upieczone na ognisku. Kliknij prawym, aby zjeść.",たき火で焼いたもの。右クリックで食べる。,모닥불에 구웠어요. 우클릭으로 먹어요.,在篝火上烤熟了。右键食用。,在營火上烤熟了。右鍵食用。
ITEM_CANE_ROD,Cane Pole,Kamış Olta,Bambusrute,Caña de bambú,Canne en bambou,Canna di bambù,Vara de bambu,Бамбуковое удилище,Wędka bambusowa,延べ竿,대나무 낚싯대,竹制钓竿,竹製釣竿
DESC_CANE_ROD,"A bamboo pole with the line tied to its tip, no reel. Cheap to make, but it casts short, soon wears out and loses the big fish.","Misinası ucuna bağlı, makarasız bir bambu kamış. Yapması ucuz ama kısa atar, çabuk yıpranır ve iri balığı kaçırır.","Eine Bambusstange, die Schnur an der Spitze festgebunden, ohne Rolle. Billig gebaut, aber sie wirft kurz, verschleißt schnell und verliert die großen Fische.","Una caña de bambú con el sedal atado a la punta, sin carrete. Barata de hacer, pero lanza corto, se gasta pronto y pierde los peces grandes.","Une perche en bambou, la ligne nouée au scion, sans moulinet. Pas chère à faire, mais elle lance court, s'use vite et perd les gros poissons.","Una canna di bambù con la lenza legata in cima, senza mulinello. Costa poco, ma lancia corto, si consuma presto e perde i pesci grossi.","Uma vara de bambu com a linha amarrada na ponta, sem molinete. Barata de fazer, mas arremessa curto, gasta logo e perde os peixes grandes.","Бамбуковое удилище без катушки, леска привязана к кончику. Дёшево сделать, но бросает недалеко, быстро изнашивается и упускает крупную рыбу.","Bambusowy kij z żyłką przywiązaną do szczytówki, bez kołowrotka. Tani w robocie, ale rzuca blisko, szybko się zużywa i gubi duże ryby.",糸を穂先に結んだ、リールのない竹の竿。安く作れるが、飛距離は短く、すぐに傷み、大物は逃がしやすい。,낚싯줄을 끝에 묶은 릴 없는 대나무 낚싯대. 만들기는 싸지만 멀리 못 던지고 금방 닳으며 큰 물고기를 놓쳐요.,把鱼线系在竿梢、没有绕线轮的竹竿。做起来便宜，但抛得近、磨损快，还容易跑掉大鱼。,把魚線繫在竿梢、沒有捲線輪的竹竿。做起來便宜，但拋得近、磨損快，還容易跑掉大魚。
ITEM_CARBON_ROD,Carbon Spinning Rod,Karbon Spin Olta,Karbon-Spinnrute,Caña de spinning de carbono,Canne à lancer en carbone,Canna da spinning in carbonio,Vara de carbono para arremesso,Карбоновый спиннинг,Wędka spinningowa z węgla,カーボンスピニングロッド,카본 스피닝 낚싯대,碳素路亚竿,碳素路亞竿
DESC_CARBON_ROD,"A light carbon rod with a big spinning reel. Casts far, fish bite sooner, it lasts long and lands more giants.","Büyük spin makaralı, hafif bir karbon olta. Uzağa atar, balık daha çabuk vurur, uzun dayanır ve daha çok dev balık çıkarır.","Eine leichte Kohlefaserrute mit großer Stationärrolle. Wirft weit, die Fische beißen schneller, sie hält lange und landet mehr Riesen.","Una caña ligera de carbono con un gran carrete. Lanza lejos, los peces pican antes, dura mucho y saca más gigantes.","Une canne légère en carbone avec un grand moulinet. Elle lance loin, ça mord plus vite, elle dure longtemps et sort plus de géants.","Una canna leggera in carbonio con un grande mulinello. Lancia lontano, i pesci abboccano prima, dura a lungo e porta a riva più giganti.","Uma vara leve de carbono com um grande molinete. Arremessa longe, os peixes mordem mais cedo, dura muito e tira mais gigantes.","Лёгкий карбоновый спиннинг с большой катушкой. Бросает далеко, клюёт быстрее, служит долго и вытаскивает больше гигантов.","Lekka węglowa wędka z dużym kołowrotkiem. Rzuca daleko, ryby biorą szybciej, długo służy i wyciąga więcej olbrzymów.",大きなスピニングリール付きの軽いカーボン竿。遠くまで投げられ、アタリが早く、長持ちして大物もよく上がる。,큰 스피닝 릴이 달린 가벼운 카본 낚싯대. 멀리 던지고 입질이 빠르며 오래가고 거대 물고기도 더 잘 낚여요.,装着大号纺车轮的轻型碳素竿。抛得远、咬钩快、经久耐用，还更容易钓上巨物。,裝著大號紡車輪的輕型碳素竿。拋得遠、咬鉤快、經久耐用，還更容易釣上巨物。
ITEM_CARP_ROD,Carp Rod,Sazan Oltası,Karpfenrute,Caña de carpfishing,Canne à carpe,Canna da carpfishing,Vara para carpa,Карповое удилище,Wędka karpiowa,コイ竿,잉어 낚싯대,鲤鱼竿,鯉魚竿
DESC_CARP_ROD,"A long, stout rod with a big-pit reel. The farthest cast and the toughest rod: big fish take it and the giants are held.","Büyük makaralı, uzun ve sağlam bir olta. En uzağa atan ve en dayanıklı olta: iri balık vurur, devler kaçmaz.","Eine lange, kräftige Rute mit großer Weitwurfrolle. Der weiteste Wurf und die zäheste Rute: Große Fische beißen, die Riesen bleiben dran.",Una caña larga y robusta con un gran carrete. El lance más largo y la caña más dura: pican los peces grandes y los gigantes no se escapan.,"Une canne longue et robuste avec un gros moulinet. Le lancer le plus long et la canne la plus solide : les gros mordent, les géants tiennent.",Una canna lunga e robusta con un grosso mulinello. Il lancio più lungo e la canna più dura: i pesci grossi abboccano e i giganti restano attaccati.,Uma vara longa e robusta com um grande molinete. O arremesso mais longo e a vara mais resistente: peixes grandes mordem e os gigantes não escapam.,"Длинное крепкое удилище с большой катушкой. Самый дальний заброс и самая прочная удочка: берёт крупная рыба, и гиганты не срываются.","Długa, mocna wędka z dużym kołowrotkiem. Najdalszy rzut i najtwardsza wędka: biorą duże ryby, a olbrzymy się nie urywają.",大型リール付きの長くて頑丈な竿。いちばん遠くまで投げられ、いちばん丈夫。大物が食いつき、巨大魚も逃がさない。,큰 릴이 달린 길고 튼튼한 낚싯대. 가장 멀리 던지고 가장 질겨요. 큰 물고기가 물고 거대 물고기도 놓치지 않아요.,装着大号绕线轮的又长又结实的鱼竿。抛得最远、最耐用：大鱼爱咬，巨物也跑不掉。,裝著大號捲線輪的又長又結實的魚竿。拋得最遠、最耐用：大魚愛咬，巨物也跑不掉。
ITEM_MAGGOT,Maggots,Kurtçuk,Maden,Gusanos blancos,Asticots,Bigattini,Larvas,Опарыш,Białe robaki,サシ,구더기,蛆虫饵,蛆蟲餌
DESC_MAGGOT,"A tin of lively maggots. Roach, bleak and rudd can't leave them alone.","Bir kutu canlı kurtçuk. Kızılgöz, inci balığı ve kızılkanat bunlara dayanamaz.","Eine Dose munterer Maden. Rotaugen, Ukeleis und Rotfedern können nicht widerstehen.","Una lata de gusanos blancos bien vivos. Rutilos, alburnos y escardinos no se resisten.","Une boîte d'asticots bien vifs. Gardons, ablettes et rotengles ne peuvent pas résister.","Una scatola di bigattini vivaci. Rutili, alborelle e scardole non resistono.","Uma lata de larvas bem vivas. Rútilos, alburnos e escalos-vermelhos não resistem.","Банка шустрого опарыша. Плотва, уклейка и краснопёрка перед ним не устоят.","Puszka ruchliwych białych robaków. Płocie, ukleje i wzdręgi nie mogą się oprzeć.",元気なサシの缶。ローチやブリーク、ラッドがたまらず食いつく。,"꿈틀대는 구더기 한 통. 로치, 블리크, 붉은지느러미가 못 참아요.",一罐活蹦乱跳的蛆虫饵。拟鲤、欧白鱼和红眼鱼都抵挡不住。,一罐活蹦亂跳的蛆蟲餌。擬鯉、歐白魚和紅眼魚都抵擋不住。
ITEM_SWEETCORN,Sweetcorn,Yem Mısırı,Mais,Maíz dulce,Maïs doux,Mais dolce,Milho doce,Кукуруза,Kukurydza,スイートコーン,스위트콘,甜玉米,甜玉米
DESC_SWEETCORN,"A tin of sweet yellow kernels. Carp, grass carp, tench and bream come to it.","Bir kutu tatlı sarı mısır tanesi. Sazan, ot sazanı, kadife ve çapak buna gelir.","Eine Dose süßer gelber Maiskörner. Karpfen, Graskarpfen, Schleien und Brachsen kommen darauf.","Una lata de granos dulces y amarillos. Acuden carpas, carpas herbívoras, tencas y bremas.","Une boîte de grains jaunes et sucrés. Carpes, carpes amour, tanches et brèmes y viennent.","Una scatoletta di chicchi gialli e dolci. Ci vengono carpe, carpe erbivore, tinche e abramidi.","Uma lata de grãos doces e amarelos. Carpas, carpas-capim, tencas e bremas vêm atrás.","Банка сладких жёлтых зёрен. На неё идут сазан, белый амур, линь и лещ.","Puszka słodkich żółtych ziaren. Przychodzą na nią karpie, amury, liny i leszcze.",甘い黄色い粒の缶詰。コイ、ソウギョ、テンチ、ブリームが寄ってくる。,"달콤한 노란 알갱이 한 통. 잉어, 초어, 텐치, 브림이 모여들어요.",一罐香甜的黄色玉米粒。鲤鱼、草鱼、丁鱥和欧鳊都会来。,一罐香甜的黃色玉米粒。鯉魚、草魚、丁鱥和歐鯿都會來。
ITEM_CHEESE_BAIT,Cheese Bait,Peynir Yemi,Käseköder,Cebo de queso,Appât au fromage,Esca al formaggio,Isca de queijo,Сырная наживка,Przynęta serowa,チーズ餌,치즈 미끼,奶酪饵,起司餌
DESC_CHEESE_BAIT,Cubes of strong white cheese. Chub and barbel follow the smell.,Keskin kokulu beyaz peynir küpleri. Tatlısu kefali ve bıyıklı balık kokusunun peşine düşer.,Würfel aus kräftigem Weißkäse. Döbel und Barben folgen dem Geruch.,Dados de queso blanco fuerte. Cachos y barbos siguen el olor.,Des dés de fromage blanc bien fort. Chevesnes et barbeaux suivent l'odeur.,Cubetti di formaggio bianco saporito. Cavedani e barbi ne seguono l'odore.,Cubos de queijo branco forte. Escalos e barbos seguem o cheiro.,Кубики острого белого сыра. Голавль и усач идут на запах.,Kostki mocnego białego sera. Klenie i brzany idą za zapachem.,においの強い白チーズの角切り。チャブやバーベルがにおいに寄ってくる。,냄새가 강한 흰 치즈 조각. 처브와 바벨이 냄새를 따라와요.,一块块味道浓烈的白奶酪。圆鳍雅罗鱼和鲃鱼闻味而来。,一塊塊味道濃烈的白起司。圓鰭雅羅魚和鲃魚聞味而來。
ITEM_MINNOW,Live Minnows,Canlı Yem,Köderfische,Pececillos vivos,Vifs,Pesciolini vivi,Isca viva,Живец,Żywiec,活き餌,산 미끼,活饵小鱼,活餌小魚
DESC_MINNOW,"A bucket of little live fish. Pike, zander, eels and catfish hunt them.","Bir kova küçük canlı balık. Turna, sudak, yılan balığı ve yayın bunları avlar.","Ein Eimer kleiner lebender Fische. Hechte, Zander, Aale und Welse jagen sie.","Un cubo de pececillos vivos. Lucios, luciopercas, anguilas y siluros los cazan.","Un seau de petits poissons vivants. Brochets, sandres, anguilles et silures les chassent.","Un secchio di pesciolini vivi. Lucci, lucioperche, anguille e siluri ci vanno a caccia.","Um balde de peixinhos vivos. Lúcios, luciopercas, enguias e bagres os caçam.","Ведро живых рыбок. На них охотятся щука, судак, угорь и сом.","Wiadro małych żywych rybek. Polują na nie szczupaki, sandacze, węgorze i sumy.",小さな生きた魚が入ったバケツ。パイクやザンダー、ウナギ、ナマズが狙ってくる。,"살아 있는 작은 물고기가 담긴 양동이. 강꼬치고기, 잔더, 뱀장어, 메기가 노려요.",一桶活蹦乱跳的小鱼。狗鱼、梭鲈、鳗鱼和鲶鱼都爱捕食。,一桶活蹦亂跳的小魚。狗魚、梭鱸、鰻魚和鯰魚都愛捕食。
ITEM_SPINNER,Spinner,Döner Kaşık,Spinner,Cucharilla,Cuiller,Cucchiaino,Colher giratória,Вертушка,Obrotówka,スピナー,스피너,旋转亮片,旋轉亮片
DESC_SPINNER,"A spinning lure that flashes as it comes in. It isn't eaten: it casts again and again until it snags or a fish runs off with it. Perch, pike and trout.","Çekilirken parıldayan döner bir kaşık. Yenmez: takılana ya da bir balık alıp kaçana dek tekrar tekrar atılır. Levrek, turna ve alabalık.","Ein Blinker, der beim Einholen aufblitzt. Er wird nicht gefressen: Er fliegt Wurf um Wurf, bis er hängen bleibt oder ein Fisch damit abhaut. Barsch, Hecht und Forelle.","Un señuelo giratorio que destella al recogerlo. No se lo comen: se lanza una y otra vez hasta que se engancha o un pez se lo lleva. Percas, lucios y truchas.","Un leurre tournant qui scintille à la récupération. Il ne se mange pas : il se relance encore et encore, jusqu'à ce qu'il s'accroche ou qu'un poisson l'emporte. Perches, brochets et truites.","Un'esca rotante che luccica mentre la recuperi. Non viene mangiata: si lancia e rilancia finché non s'incaglia o un pesce se la porta via. Persici, lucci e trote.","Uma isca giratória que brilha ao ser recolhida. Não é comida: é lançada de novo e de novo até enroscar ou um peixe levá-la. Percas, lúcios e trutas.","Блесна-вертушка, сверкающая на проводке. Её не съедают: бросай снова и снова, пока не зацепится или рыба не утащит. Окунь, щука и форель.","Błystka obrotowa, która błyska przy zwijaniu. Nie da się jej zjeść: rzucasz nią raz po raz, aż się zaczepi albo ryba ją porwie. Okonie, szczupaki i pstrągi.",巻くとキラキラ光る回転ルアー。食べられないので、根掛かりするか魚に持っていかれるまで何度でも投げられる。パーチ、パイク、マスに。,"감을 때 반짝이는 회전 루어. 먹히지 않아서 걸리거나 물고기가 물고 갈 때까지 몇 번이고 던질 수 있어요. 퍼치, 강꼬치고기, 송어.",收线时闪闪发光的旋转亮片。不会被吃掉：可以一抛再抛，直到挂底或被鱼叼走。适合河鲈、狗鱼和鳟鱼。,收線時閃閃發光的旋轉亮片。不會被吃掉：可以一拋再拋，直到掛底或被魚叼走。適合河鱸、狗魚和鱒魚。
MSG_FISH_FAV_BAIT,its favourite bait: %s,en sevdiği yem: %s,sein Lieblingsköder: %s,su cebo favorito: %s,son appât préféré : %s,la sua esca preferita: %s,sua isca favorita: %s,любимая наживка: %s,ulubiona przynęta: %s,大好物のエサ：%s,가장 좋아하는 미끼: %s,最爱的鱼饵：%s,最愛的魚餌：%s
MSG_FISH_BAIT_DRAWS,good for %s,sevenler: %s,gut für: %s,bueno para: %s,idéal pour : %s,adatta per: %s,boa para: %s,хороша для: %s,dobra na: %s,よく釣れる：%s,잘 무는 물고기: %s,适合：%s,適合：%s
MSG_FISH_LURE_SNAGGED,Snagged in the weed: %s lost.,Yosuna takıldı: %s kayboldu.,Im Kraut hängen geblieben: %s verloren.,Enganchada en las algas: %s perdida.,Accrochée dans les herbes : %s perdue.,Incagliato tra le alghe: %s perso.,Enroscou nas algas: %s perdida.,Зацеп в траве: %s потеряна.,Zaczep w zielsku: %s stracona.,水草に引っかかった：%sをなくした。,수초에 걸려 %s 분실!,挂到水草上：%s丢了。,掛到水草上：%s丟了。
MSG_FISH_LURE_TAKEN,It got away with your %s!,"Kaçtı, %s da gitti!",Weg ist er – samt %s!,¡Se escapó llevándose tu %s!,Il s'est échappé avec ta %s !,È scappato col tuo %s!,Escapou levando sua %s!,Сорвалась вместе с приманкой: %s!,Uciekła razem z przynętą: %s!,%sごと逃げられた！,%s까지 물고 도망갔다!,鱼跑了，%s也被带走了！,魚跑了，%s也被帶走了！
HINT_ROD_BROKEN,Rod broken: repair it at the market,Olta kırık: markette tamir ettir,Rute kaputt: auf dem Markt reparieren lassen,Caña rota: repárala en el mercado,Canne cassée : fais-la réparer au marché,Canna rotta: falla riparare al mercato,Vara quebrada: conserte no mercado,Удочка сломана: почини её на рынке,Wędka zepsuta: napraw ją na targu,竿が壊れている：市場で修理しよう,낚싯대가 부러짐: 시장에서 수리하세요,钓竿坏了：去市场修理,釣竿壞了：去市場修理
HINT_WOOL_DAYS,Wool not grown yet · %d days,Yün henüz uzamadı · %d gün,Die Wolle ist noch nicht nachgewachsen · %d Tage,La lana aún no ha crecido · %d días,La laine n'a pas encore repoussé · %d jours,La lana non è ancora ricresciuta · %d giorni,A lã ainda não cresceu · %d dias,Шерсть ещё не отросла · %d дня,Wełna jeszcze nie odrosła · %d dni,羊毛はまだ伸びていません · あと%d日,털이 아직 자라지 않았어요 · %d일 남음,羊毛还没长好 · 还要%d天,羊毛還沒長好 · 還要%d天
HINT_WOOL_TOMORROW,Wool not grown yet · tomorrow,Yün henüz uzamadı · yarın,Die Wolle ist noch nicht nachgewachsen · morgen,La lana aún no ha crecido · mañana,La laine n'a pas encore repoussé · demain,La lana non è ancora ricresciuta · domani,A lã ainda não cresceu · amanhã,Шерсть ещё не отросла · завтра,Wełna jeszcze nie odrosła · jutro,羊毛はまだ伸びていません · 明日,털이 아직 자라지 않았어요 · 내일,羊毛还没长好 · 明天,羊毛還沒長好 · 明天
HINT_MILK_TOMORROW,No milk yet · tomorrow morning,Henüz süt yok · yarın sabah,Noch keine Milch · morgen früh,Aún no hay leche · mañana por la mañana,Pas encore de lait · demain matin,Niente latte per ora · domani mattina,Ainda sem leite · amanhã de manhã,Молока пока нет · завтра утром,Jeszcze nie ma mleka · jutro rano,まだ乳は出ません · 明日の朝,아직 우유가 없어요 · 내일 아침,还没有奶 · 明天早上,還沒有奶 · 明天早上
HINT_ANIMAL_TOO_YOUNG,Too young yet,Henüz çok küçük,Noch zu jung,Aún es demasiado joven,Encore trop jeune,Ancora troppo giovane,Ainda é muito novo,Ещё слишком мал,Jeszcze za młode,まだ幼すぎます,아직 너무 어려요,还太小了,還太小了
ACTION_SLEEP_TIRED,SLEEP · YOU'RE TIRED,UYU · YORGUNSUN,SCHLAFEN · DU BIST MÜDE,DORMIR · ESTÁS CANSADO,DORMIR · TU ES FATIGUÉ,DORMI · SEI STANCO,DORMIR · VOCÊ ESTÁ CANSADO,СПАТЬ · ТЫ УСТАЛ,ŚPIJ · JESTEŚ ZMĘCZONY,寝る · 疲れている,잠자기 · 피곤해요,睡觉 · 你累了,睡覺 · 你累了
MSG_SLEEP_NOT_TIRED,"You're not tired yet: sleep after 18:00, or once you're worn out",Henüz yorgun değilsin: 18:00'den sonra ya da yorulunca uyuyabilirsin,Du bist noch nicht müde: Schlafen kannst du ab 18:00 oder wenn du erschöpft bist,Aún no estás cansado: puedes dormir a partir de las 18:00 o cuando estés agotado,Tu n'es pas encore fatigué : tu pourras dormir après 18:00 ou quand tu seras épuisé,Non sei ancora stanco: potrai dormire dopo le 18:00 o quando sarai sfinito,Você ainda não está cansado: pode dormir a partir das 18:00 ou quando estiver exausto,Ты ещё не устал: лечь спать можно после 18:00 или когда выбьешься из сил,Nie jesteś jeszcze zmęczony: możesz iść spać po 18:00 albo gdy opadniesz z sił,まだ疲れていません。18:00以降か、疲れ切ったら寝られます,아직 피곤하지 않아요. 18:00 이후나 지쳤을 때 잘 수 있어요,你还不累：18:00 之后或累坏了才能睡觉,你還不累：18:00 以後或累壞了才能睡覺
PERSON_ZEYNEP,Zeynep,Zeynep,Zeynep,Zeynep,Zeynep,Zeynep,Zeynep,Зейнеп,Zeynep,ゼイネップ,제이넵,泽伊内普,澤伊內普
DOG_KARAMEL,Karamel,Karamel,Karamel,Karamel,Karamel,Karamel,Karamel,Карамель,Karamel,カラメル,카라멜,卡拉梅尔,卡拉梅爾
ZEYNEP_HOUSE,Zeynep's house,Zeynep'in evi,Zeyneps Haus,Casa de Zeynep,Maison de Zeynep,Casa di Zeynep,Casa da Zeynep,Дом Зейнеп,Dom Zeynep,ゼイネップの家,제이넵의 집,泽伊内普的家,澤伊內普的家
ACTION_KNOCK,Knock,Kapıyı çal,Anklopfen,Llamar a la puerta,Frapper,Bussare,Bater à porta,Постучать,Zapukaj,ノックする,노크하기,敲门,敲門
ACTION_MEET_ZEYNEP,Meet Zeynep,Zeynep ile tanış,Zeynep kennenlernen,Conocer a Zeynep,Faire connaissance avec Zeynep,Conosci Zeynep,Conhecer a Zeynep,Познакомиться с Зейнеп,Poznaj Zeynep,ゼイネップにあいさつする,제이넵과 인사하기,认识泽伊内普,認識澤伊內普
ACTION_GIVE_DOG_FOOD,Give the dog food,Köpek mamasını ver,Hundefutter geben,Dar la comida para perro,Donner les croquettes,Dai il cibo per cani,Entregar a ração,Отдать корм,Daj karmę,ドッグフードを渡す,사료 건네기,送上狗粮,送上狗飼料
DIALOGUE_YOU,You,Sen,Du,Tú,Toi,Tu,Você,Ты,Ty,あなた,나,你,你
DIALOGUE_NEXT,Continue,Devam,Weiter,Continuar,Continuer,Continua,Continuar,Далее,Dalej,次へ,계속,继续,繼續
HUD_SIDE_GOAL,%s · Side goal,%s · Yan görev,%s · Nebenziel,%s · Objetivo secundario,%s · Objectif secondaire,%s · Obiettivo secondario,%s · Objetivo extra,%s · Побочная цель,%s · Cel poboczny,%s · サブ目標,%s · 보조 목표,%s · 支线目标,%s · 支線目標
MSG_FRIENDSHIP_UP,You and %s are getting closer ♥ %d/%d,%s ile aranız ısınıyor ♥ %d/%d,Du und %s kommt euch näher ♥ %d/%d,Tú y %s os lleváis cada vez mejor ♥ %d/%d,Ton amitié avec %s grandit ♥ %d/%d,Tu e %s siete sempre più amici ♥ %d/%d,Você e %s estão cada vez mais próximos ♥ %d/%d,Дружба с %s крепнет ♥ %d/%d,Przyjaźń z %s się zacieśnia ♥ %d/%d,%sとの仲が深まった ♥ %d/%d,%s와(과) 가까워졌어요 ♥ %d/%d,和%s的关系更近了 ♥ %d/%d,和%s的關係更近了 ♥ %d/%d
MSG_SIDE_NEW,New side goal: %s,Yeni yan görev: %s,Neues Nebenziel: %s,Nuevo objetivo secundario: %s,Nouvel objectif secondaire : %s,Nuovo obiettivo secondario: %s,Novo objetivo extra: %s,Новая побочная цель: %s,Nowy cel poboczny: %s,新しいサブ目標：%s,새 보조 목표: %s,新支线目标：%s,新支線目標：%s
MSG_SIDE_DONE,Side goal done: %s,Yan görev tamam: %s,Nebenziel erreicht: %s,Objetivo secundario cumplido: %s,Objectif secondaire atteint : %s,Obiettivo secondario completato: %s,Objetivo extra concluído: %s,Побочная цель выполнена: %s,Cel poboczny osiągnięty: %s,サブ目標達成：%s,보조 목표 달성: %s,支线目标达成：%s,支線目標達成：%s
MSG_ZEYNEP_ASLEEP,Nobody answers. Zeynep must be asleep.,Kimse açmadı. Zeynep uyuyordur herhalde.,Niemand macht auf. Zeynep schläft wohl schon.,Nadie abre. Zeynep debe de estar dormida.,Personne ne répond. Zeynep doit dormir.,Nessuno risponde. Zeynep starà dormendo.,Ninguém atende. A Zeynep deve estar dormindo.,"Никто не открывает. Наверное, Зейнеп уже спит.",Nikt nie otwiera. Zeynep pewnie już śpi.,誰も出てこない。ゼイネップはもう寝ているようだ。,아무도 나오지 않아요. 제이넵은 자고 있나 봐요.,没人应门。泽伊内普大概已经睡了。,沒人應門。澤伊內普大概已經睡了。
MSG_ZEYNEP_BUSY,Zeynep is busy just now. Drop by again a little later.,"Zeynep şu an meşgul, biraz sonra yine uğra.",Zeynep ist gerade beschäftigt. Schau etwas später wieder vorbei.,Zeynep está ocupada ahora. Vuelve a pasar un poco más tarde.,Zeynep est occupée pour l'instant. Repasse un peu plus tard.,Zeynep ora è occupata. Ripassa più tardi.,A Zeynep está ocupada agora. Passe de novo mais tarde.,Зейнеп сейчас занята. Загляни чуть позже.,Zeynep jest teraz zajęta. Wpadnij trochę później.,ゼイネップは今手が離せないようだ。少ししたらまた来よう。,제이넵은 지금 바빠요. 조금 있다가 다시 들러요.,泽伊内普现在正忙，过一会儿再来吧。,澤伊內普現在正忙，過一會兒再來吧。
ZEYNEP_SAY_GARDEN,"I'm out here, in the garden!","Buradayım, bahçedeyim!",Ich bin hier draußen im Garten!,"¡Estoy aquí, en el jardín!","Je suis là, dans le jardin !","Sono qui, in giardino!","Estou aqui, no jardim!","Я здесь, в саду!","Jestem tutaj, w ogrodzie!",ここよ、庭にいるわ！,"여기요, 마당에 있어요!",我在这儿，在院子里！,我在這兒，在院子裡！
ZEYNEP_SAY_NOBODY,Hello? ...Nobody there.,Kim o? ...Kimse yok galiba.,Hallo? ...Niemand da.,¿Hola? ...No hay nadie.,Allô ? ...Personne.,Chi è? ...Nessuno.,Olá? ...Não tem ninguém.,Кто там? ...Никого.,Halo? ...Nikogo nie ma.,どなた？…誰もいないわね。,누구세요? …아무도 없네.,谁呀？……没人啊。,誰呀？……沒人啊。
ZEYNEP_SAY_EXCUSE,"Excuse me, may I get by?","Pardon, bir geçebilir miyim?","Entschuldigung, darf ich mal vorbei?","Perdona, ¿me dejas pasar?","Pardon, je peux passer ?","Scusa, posso passare?","Com licença, posso passar?","Извините, можно пройти?","Przepraszam, mogę przejść?",ごめんなさい、ちょっと通してもらえる？,"저기요, 좀 지나가도 될까요?",不好意思，借过一下？,不好意思，借過一下？
ZEYNEP_BANNER_KICKER,Yeşilova · A new neighbour,Yeşilova · Yeni komşu,Yeşilova · Neue Nachbarin,Yeşilova · Nueva vecina,Yeşilova · Nouvelle voisine,Yeşilova · Nuova vicina,Yeşilova · Nova vizinha,Yeşilova · Новая соседка,Yeşilova · Nowa sąsiadka,Yeşilova · 新しいお隣さん,Yeşilova · 새 이웃,Yeşilova · 新邻居,Yeşilova · 新鄰居
ZEYNEP_BANNER_TITLE,Someone new has moved to town!,Kasabaya yeni biri taşındı!,Jemand Neues ist in die Stadt gezogen!,¡Alguien nuevo se ha mudado al pueblo!,Quelqu'un de nouveau a emménagé au village !,Qualcuno di nuovo si è trasferito in paese!,Alguém novo se mudou para a cidade!,В городок переехал новый житель!,Ktoś nowy wprowadził się do miasteczka!,町に新しい人が引っ越してきた！,마을에 새로운 사람이 이사 왔어요!,镇上搬来了新居民！,鎮上搬來了新居民！
ZEYNEP_BANNER_TEXT,Zeynep and her dog Karamel have moved into the last house on the left at the end of the street.,"Zeynep ve köpeği Karamel, sokağın sonundaki soldaki eve yerleşti.",Zeynep und ihr Hund Karamel wohnen jetzt im letzten Haus links am Ende der Straße.,"Zeynep y su perro Karamel se han instalado en la última casa a la izquierda, al final de la calle.","Zeynep et son chien Karamel se sont installés dans la dernière maison à gauche, au bout de la rue.","Zeynep e il suo cane Karamel si sono sistemati nell'ultima casa a sinistra, in fondo alla strada.","Zeynep e seu cachorro Karamel se mudaram para a última casa à esquerda, no fim da rua.",Зейнеп и её пёс Карамель поселились в последнем доме слева в конце улицы.,Zeynep i jej pies Karamel zamieszkali w ostatnim domu po lewej na końcu ulicy.,ゼイネップと愛犬カラメルが、通りの突き当たり左手の家に越してきた。,제이넵과 강아지 카라멜이 길 끝 왼쪽 마지막 집에 이사 왔어요.,泽伊内普和她的狗卡拉梅尔搬进了街道尽头左手边的最后一栋房子。,澤伊內普和她的狗卡拉梅爾搬進了街道盡頭左手邊的最後一棟房子。
SIDE_GOAL_MEET,Someone new moved to your town: meet Zeynep,Kasabana yeni biri taşındı: Zeynep'le tanış,Jemand Neues ist hergezogen: Lerne Zeynep kennen,Alguien nuevo llegó al pueblo: conoce a Zeynep,Quelqu'un de nouveau est arrivé : fais connaissance avec Zeynep,Qualcuno di nuovo è arrivato in paese: conosci Zeynep,Alguém novo chegou à cidade: conheça a Zeynep,В городке новый житель: познакомься с Зейнеп,W miasteczku ktoś nowy: poznaj Zeynep,町に新しい人が来た：ゼイネップにあいさつする,마을에 새 이웃이 왔어요: 제이넵과 인사하기,镇上来了新人：去认识泽伊内普,鎮上來了新人：去認識澤伊內普
SIDE_HINT_MEET,She's in the front garden of the last house on the left. Welcome her and make friends.,"Sokağın sonundaki soldaki evin bahçesinde. Ona hoş geldin de, arkadaşlığınızı geliştir.",Sie ist im Vorgarten des letzten Hauses links. Heiß sie willkommen und freundet euch an.,Está en el jardín de la última casa a la izquierda. Dale la bienvenida y haceos amigos.,Elle est dans le jardin de la dernière maison à gauche. Souhaite-lui la bienvenue et deviens son ami.,È nel giardino dell'ultima casa a sinistra. Dalle il benvenuto e fate amicizia.,Ela está no jardim da última casa à esquerda. Dê as boas-vindas e façam amizade.,Она в палисаднике последнего дома слева. Поприветствуй её и подружитесь.,Jest w ogródku ostatniego domu po lewej. Przywitaj ją i zaprzyjaźnijcie się.,通りの突き当たり左の家の前庭にいる。歓迎して仲良くなろう。,길 끝 왼쪽 마지막 집 앞마당에 있어요. 환영 인사를 하고 친해져 봐요.,她在街尽头左边那栋房子的前院。去欢迎她，和她交个朋友吧。,她在街盡頭左邊那棟房子的前院。去歡迎她，和她交個朋友吧。
SIDE_HINT_MEET_EVENING,"She's indoors now: knock on her door, or find her in the garden in the morning.",Zeynep şimdi evinde: kapısını çal ya da sabah bahçede bul.,Sie ist jetzt drinnen: Klopf an ihre Tür oder triff sie morgen früh im Garten.,Ahora está en casa: llama a su puerta o búscala en el jardín por la mañana.,"Elle est chez elle : frappe à sa porte, ou retrouve-la au jardin demain matin.",Ora è in casa: bussa alla sua porta o trovala in giardino domattina.,Agora ela está em casa: bata à porta ou encontre-a no jardim de manhã.,Сейчас она дома: постучи в дверь или найди её утром в саду.,Jest teraz w domu: zapukaj do drzwi albo znajdź ją rano w ogrodzie.,今は家の中にいる。ドアをノックするか、朝に庭で会おう。,지금은 집 안에 있어요. 문을 두드리거나 아침에 마당에서 만나요.,她现在在屋里：去敲门，或者早上到院子里找她。,她現在在屋裡：去敲門，或者早上到院子裡找她。
SIDE_HINT_MEET_NIGHT,She's asleep now; she'll be out in her garden again in the morning.,Zeynep şimdi uyuyor; sabah yine bahçede olur.,Sie schläft jetzt; morgen früh ist sie wieder im Garten.,Ahora duerme; por la mañana volverá a estar en el jardín.,Elle dort ; elle sera de nouveau au jardin demain matin.,Ora dorme; domattina sarà di nuovo in giardino.,Ela está dormindo; de manhã estará no jardim de novo.,Сейчас она спит; утром снова будет в саду.,Teraz śpi; rano znów będzie w ogrodzie.,今は寝ている。朝になればまた庭に出てくる。,지금은 자고 있어요. 아침이면 다시 마당에 나와요.,她现在睡了，早上还会在院子里。,她現在睡了，早上還會在院子裡。
SIDE_GOAL_GIFT_BUY,A welcome gift for Karamel: buy dog food at the town market,Karamel'e hoş geldin hediyesi: marketten köpek maması al,Ein Willkommensgeschenk für Karamel: Kauf Hundefutter auf dem Stadtmarkt,Un regalo de bienvenida para Karamel: compra comida para perro en el mercado,Un cadeau de bienvenue pour Karamel : achète des croquettes au marché du village,Un regalo di benvenuto per Karamel: compra cibo per cani al mercato,Um presente de boas-vindas para o Karamel: compre ração no mercado da cidade,Подарок Карамелю на новоселье: купи собачий корм на городском рынке,Prezent powitalny dla Karamela: kup karmę dla psa na targu,カラメルへの歓迎のプレゼント：町の市場でドッグフードを買う,카라멜에게 줄 환영 선물: 마을 시장에서 개 사료 사기,给卡拉梅尔的见面礼：去镇上市场买狗粮,給卡拉梅爾的見面禮：去鎮上市場買狗飼料
SIDE_GOAL_GIFT_BRING,Knock on Zeynep's door and give Karamel his gift,"Zeynep'in kapısını çal, Karamel'in hediyesini ver",Klopf bei Zeynep an und gib Karamel sein Geschenk,Llama a la puerta de Zeynep y dale su regalo a Karamel,Frappe chez Zeynep et offre son cadeau à Karamel,Bussa alla porta di Zeynep e dai a Karamel il suo regalo,Bata à porta da Zeynep e entregue o presente do Karamel,Постучи к Зейнеп и отдай Карамелю подарок,Zapukaj do Zeynep i daj Karamelowi prezent,ゼイネップの家をノックして、カラメルにプレゼントを渡す,제이넵의 집 문을 두드리고 카라멜에게 선물 주기,敲泽伊内普的门，把礼物送给卡拉梅尔,敲澤伊內普的門，把禮物送給卡拉梅爾
SIDE_GOAL_FOOD_1,Zeynep's dog food has run out: take her a bag,Zeynep'in köpek maması bitmiş: bir paket götür,Zeyneps Hundefutter ist alle: Bring ihr einen Sack,A Zeynep se le acabó la comida del perro: llévale una bolsa,Zeynep n'a plus de croquettes : apporte-lui un sac,Zeynep ha finito il cibo per cani: portale un sacco,A ração da Zeynep acabou: leve um pacote para ela,У Зейнеп кончился собачий корм: отнеси ей мешок,Zeynep skończyła się karma dla psa: zanieś jej worek,ゼイネップのドッグフードが切れた：一袋届ける,제이넵의 개 사료가 떨어졌어요: 한 봉지 가져다주기,泽伊内普的狗粮吃完了：给她送一袋去,澤伊內普的狗飼料吃完了：給她送一袋去
SIDE_GOAL_FOOD_2,Karamel's food is running low: bring Zeynep a bag,Karamel'in maması azalmış: Zeynep'e bir paket götür,Karamels Futter wird knapp: Bring Zeynep einen Sack,A Karamel le queda poca comida: llévale una bolsa a Zeynep,Karamel n'a presque plus de croquettes : apporte un sac à Zeynep,Il cibo di Karamel sta finendo: porta un sacco a Zeynep,A ração do Karamel está no fim: leve um pacote para a Zeynep,У Карамеля почти кончился корм: отнеси Зейнеп мешок,Karamelowi kończy się karma: zanieś Zeynep worek,カラメルのごはんが残り少ない：ゼイネップに一袋届ける,카라멜의 사료가 얼마 안 남았어요: 제이넵에게 한 봉지 가져다주기,卡拉梅尔的粮快吃完了：给泽伊内普送一袋去,卡拉梅爾的飼料快吃完了：給澤伊內普送一袋去
SIDE_GOAL_FOOD_3,Zeynep couldn't get to the market: take Karamel a bag of food,Zeynep markete gidemedi: Karamel'e bir paket mama götür,Zeynep hat es nicht zum Markt geschafft: Bring Karamel einen Sack Futter,Zeynep no pudo ir al mercado: llévale a Karamel una bolsa de comida,Zeynep n'a pas pu aller au marché : apporte un sac de croquettes pour Karamel,Zeynep non è riuscita ad andare al mercato: porta a Karamel un sacco di cibo,A Zeynep não conseguiu ir ao mercado: leve um pacote de ração para o Karamel,Зейнеп не успела на рынок: отнеси Карамелю мешок корма,Zeynep nie zdążyła na targ: zanieś Karamelowi worek karmy,ゼイネップは市場に行けなかった：カラメルにドッグフードを一袋届ける,제이넵이 시장에 못 갔어요: 카라멜에게 사료 한 봉지 가져다주기,泽伊内普没空去市场：给卡拉梅尔送一袋狗粮,澤伊內普沒空去市場：給卡拉梅爾送一袋狗飼料
SIDE_GOAL_FOOD_BRING,Take the dog food to Zeynep,Köpek mamasını Zeynep'e götür,Bring Zeynep das Hundefutter,Lleva la comida para perro a Zeynep,Apporte les croquettes à Zeynep,Porta il cibo per cani a Zeynep,Leve a ração para a Zeynep,Отнеси собачий корм Зейнеп,Zanieś karmę dla psa do Zeynep,ドッグフードをゼイネップに届ける,개 사료를 제이넵에게 가져다주기,把狗粮送去给泽伊内普,把狗飼料送去給澤伊內普
SIDE_HINT_GARDEN,Zeynep is out in the garden: you can hand it to her there,Zeynep bahçede: mamayı doğrudan ona verebilirsin,Zeynep ist im Garten: Du kannst es ihr dort geben,Zeynep está en el jardín: puedes dárselo allí,Zeynep est au jardin : tu peux le lui donner là-bas,Zeynep è in giardino: puoi darglielo lì,A Zeynep está no jardim: você pode entregar lá mesmo,Зейнеп в саду: можно отдать прямо там,Zeynep jest w ogrodzie: możesz jej to dać na miejscu,ゼイネップは庭にいる：そこで直接渡せる,제이넵이 마당에 있어요: 거기서 바로 건네면 돼요,泽伊内普在院子里：可以直接交给她,澤伊內普在院子裡：可以直接交給她
SIDE_HINT_ASLEEP,It's late and she's asleep: knock in the morning,"Saat geç, Zeynep uyuyor: sabah kapısını çal","Es ist spät, sie schläft: Klopf morgen früh an",Es tarde y está dormida: llama por la mañana,"Il est tard, elle dort : frappe demain matin",È tardi e dorme: bussa domattina,Está tarde e ela está dormindo: bata de manhã,"Уже поздно, она спит: постучи утром","Jest późno, śpi: zapukaj rano",もう遅い、寝ている：朝にノックしよう,시간이 늦어 자고 있어요: 아침에 문을 두드려요,太晚了，她睡了：早上再去敲门,太晚了，她睡了：早上再去敲門
ITEM_DOG_FOOD,Dog Food,Köpek Maması,Hundefutter,Comida para perro,Croquettes pour chien,Cibo per cani,Ração para cães,Собачий корм,Karma dla psa,ドッグフード,개 사료,狗粮,狗飼料
DESC_DOG_FOOD,A 3 kg bag of chicken-and-rice dog food.,3 kg'lık tavuklu pirinçli köpek maması.,Ein 3-kg-Sack Hundefutter mit Huhn und Reis.,Una bolsa de 3 kg de comida para perro de pollo y arroz.,Un sac de 3 kg de croquettes au poulet et au riz.,Un sacco da 3 kg di cibo per cani con pollo e riso.,Um pacote de 3 kg de ração de frango com arroz.,Мешок собачьего корма (3 кг) с курицей и рисом.,Worek karmy dla psa (3 kg) z kurczakiem i ryżem.,チキンとライスのドッグフード（3kg入り）。,닭고기와 쌀로 만든 3kg 개 사료.,一袋3公斤的鸡肉米饭狗粮。,一袋3公斤的雞肉米飯狗飼料。
CAT_PET,Pet supplies,Evcil hayvan,Tierbedarf,Mascotas,Animalerie,Animali domestici,Pet shop,Для питомцев,Dla zwierząt,ペット用品,반려동물 용품,宠物用品,寵物用品
ZEYNEP_MEET_PLAYER,Hi there! I moved here recently too. Welcome to our lovely town!,"Selamlar, ben de yakın zamanda taşındım. Güzel kasabamıza hoş geldin!",Hallo! Ich bin auch erst vor Kurzem hergezogen. Willkommen in unserem schönen Städtchen!,¡Hola! Yo también me mudé hace poco. ¡Bienvenida a nuestro precioso pueblo!,"Salut ! Moi aussi, je viens d'emménager. Bienvenue dans notre joli village !",Ciao! Anch'io mi sono trasferito da poco. Benvenuta nel nostro bel paese!,Olá! Eu também me mudei há pouco tempo. Bem-vinda à nossa linda cidade!,Привет! Я тоже здесь недавно. Добро пожаловать в наш чудесный городок!,Cześć! Też jestem tu od niedawna. Witaj w naszym pięknym miasteczku!,こんにちは！僕も最近ここに越してきたんだ。素敵な町へようこそ！,안녕하세요! 저도 얼마 전에 이사 왔어요. 우리 아름다운 마을에 오신 걸 환영해요!,你好！我也是最近才搬来的。欢迎来到我们美丽的小镇！,你好！我也是最近才搬來的。歡迎來到我們美麗的小鎮！
ZEYNEP_MEET_1,"Oh, hello! Thank you, that's so kind of you. I'm Zeynep.","Aa, merhaba! Çok teşekkür ederim, ne kadar naziksin. Ben Zeynep.","Oh, hallo! Danke, das ist lieb von dir. Ich bin Zeynep.","¡Ay, hola! Muchas gracias, qué amable. Soy Zeynep.","Oh, bonjour ! Merci, c'est adorable. Moi, c'est Zeynep.","Oh, ciao! Grazie, sei gentilissimo. Io sono Zeynep.","Ah, olá! Muito obrigada, que gentileza. Eu sou a Zeynep.","Ой, привет! Спасибо, как это мило с твоей стороны. Я Зейнеп.","Och, cześć! Dziękuję, to bardzo miłe z twojej strony. Jestem Zeynep.",あら、こんにちは！ありがとう、優しいのね。私はゼイネップ。,"어머, 안녕하세요! 정말 고마워요, 친절하시네요. 저는 제이넵이에요.",哎呀，你好！谢谢你，真是太好了。我叫泽伊内普。,哎呀，你好！謝謝你，真是太好了。我叫澤伊內普。
ZEYNEP_MEET_DOOR_1,"Oh, good evening! Thank you for coming by, how kind. I'm Zeynep.","Aa, iyi akşamlar! Uğraman ne incelik, çok teşekkür ederim. Ben Zeynep.","Oh, guten Abend! Wie nett, dass du vorbeischaust. Ich bin Zeynep.","¡Ay, buenas noches! Qué detalle que hayas pasado. Soy Zeynep.","Oh, bonsoir ! C'est gentil de passer. Moi, c'est Zeynep.","Oh, buonasera! Che gentile a passare. Io sono Zeynep.","Ah, boa noite! Que gentileza você passar aqui. Eu sou a Zeynep.","Ой, добрый вечер! Как мило с твоей стороны. Я Зейнеп.","Och, dobry wieczór! Jak miło, że wpadasz. Jestem Zeynep.",あら、こんばんは！わざわざありがとう。私はゼイネップ。,"어머, 안녕하세요! 이렇게 들러 주시다니 고마워요. 저는 제이넵이에요.",哎呀，晚上好！谢谢你特地过来。我叫泽伊内普。,哎呀，晚上好！謝謝你特地過來。我叫澤伊內普。
ZEYNEP_MEET_2,And this rascal is Karamel. We left the city for a quieter life; the boxes are still waiting to be unpacked!,Bu yaramaz da Karamel. Şehirden kaçıp sakin bir hayat için buraya geldik; kutular hâlâ açılmayı bekliyor!,Und dieser Schlingel ist Karamel. Wir sind der Stadt für ein ruhigeres Leben entflohen – die Kisten warten noch aufs Auspacken!,Y este granuja es Karamel. Dejamos la ciudad buscando una vida más tranquila; ¡las cajas aún esperan a que las abra!,"Et ce coquin, c'est Karamel. On a quitté la ville pour une vie plus calme ; les cartons attendent encore d'être déballés !",E questo birbante è Karamel. Abbiamo lasciato la città per una vita più tranquilla; gli scatoloni aspettano ancora di essere aperti!,E esse danadinho é o Karamel. Largamos a cidade atrás de uma vida mais tranquila; as caixas ainda estão esperando para ser abertas!,"А этот проказник — Карамель. Мы сбежали из города ради тихой жизни; коробки всё ещё ждут, когда их разберут!",A ten urwis to Karamel. Uciekliśmy z miasta do spokojniejszego życia; pudła wciąż czekają na rozpakowanie!,この子はいたずらっ子のカラメル。静かな暮らしを求めて都会から来たの。段ボールはまだ山積みよ！,그리고 이 장난꾸러기는 카라멜이에요. 조용히 살고 싶어서 도시를 떠나왔어요. 상자들은 아직 풀지도 못했지만요!,这个小调皮叫卡拉梅尔。我们离开城市来这里过安静日子，箱子到现在都还没拆完呢！,這個小調皮叫卡拉梅爾。我們離開城市來這裡過安靜日子，箱子到現在都還沒拆完呢！
ZEYNEP_MEET_3,"I'm so glad we met, neighbour. I'd better get back to those boxes. See you around!","Tanıştığımıza çok sevindim komşu. Ben şu kutulara döneyim, görüşürüz!","Schön, dich kennenzulernen, Nachbar. Ich mach mich mal wieder an die Kisten. Bis bald!","Me alegro mucho de conocerte, vecino. Vuelvo con esas cajas. ¡Nos vemos!","Ravie de te rencontrer, voisin. Je retourne à mes cartons. À bientôt !","Sono felice di averti conosciuto, vicino. Torno ai miei scatoloni. A presto!","Que bom te conhecer, vizinho. Vou voltar para aquelas caixas. Até mais!","Очень рада знакомству, сосед. Пойду разбирать коробки. Ещё увидимся!","Bardzo miło cię poznać, sąsiedzie. Wracam do tych pudeł. Do zobaczenia!",会えてうれしいわ、お隣さん。そろそろ段ボールの続きをしなくちゃ。またね！,"만나서 정말 반가워요, 이웃님. 전 이제 상자 정리하러 갈게요. 또 봐요!",很高兴认识你，邻居。我得回去收拾箱子了，回头见！,很高興認識你，鄰居。我得回去收拾箱子了，回頭見！
ZEYNEP_DOOR_HELLO_1,"Oh, it's you! Hello, neighbour.","Aa, sen misin? Merhaba komşu.","Oh, du bist's! Hallo, Nachbar.","¡Ah, eres tú! Hola, vecino.","Oh, c'est toi ! Bonjour, voisin.","Oh, sei tu! Ciao, vicino.","Ah, é você! Olá, vizinho.","О, это ты! Привет, сосед.","Och, to ty! Cześć, sąsiedzie.",あら、あなただったの！こんにちは、お隣さん。,"어머, 당신이었군요! 안녕하세요, 이웃님.",哎，是你呀！你好，邻居。,哎，是你呀！你好，鄰居。
ZEYNEP_DOOR_HELLO_2,"Oh, welcome! Karamel knew it was you at the door.","Aa, hoş geldin! Karamel seni kapıdan tanıdı bile.","Oh, schön, dich zu sehen! Karamel wusste gleich, dass du es bist.","¡Ay, bienvenido! Karamel ya sabía que eras tú.","Oh, entre donc ! Karamel savait déjà que c'était toi.","Oh, benvenuto! Karamel aveva già capito che eri tu.","Ah, que bom te ver! O Karamel já sabia que era você.","О, заходи! Карамель сразу понял, что это ты.","Och, witaj! Karamel od razu wiedział, że to ty.",あら、いらっしゃい！カラメルはノックであなただって分かったみたい。,"어머, 어서 와요! 카라멜은 노크 소리만 듣고도 당신인 줄 알았어요.",哎呀，欢迎！卡拉梅尔一听就知道是你。,哎呀，歡迎！卡拉梅爾一聽就知道是你。
ZEYNEP_DOOR_HELLO_3,There you are! I was just thinking of you.,Geldin mi? Ben de tam seni düşünüyordum!,Da bist du ja! Ich hab gerade an dich gedacht.,¡Ahí estás! Justo estaba pensando en ti.,Te voilà ! Je pensais justement à toi.,Eccoti! Stavo proprio pensando a te.,Aí está você! Eu estava pensando em você agora mesmo.,А вот и ты! Я как раз о тебе думала.,Jesteś! Właśnie o tobie myślałam.,来てくれたのね！ちょうどあなたのことを考えてたの。,왔군요! 마침 당신 생각하고 있었어요.,你来啦！我正想着你呢。,你來啦！我正想著你呢。
ZEYNEP_GIFT_PLAYER,I brought a little welcome gift for Karamel: a bag of dog food.,Karamel için küçük bir hoş geldin hediyesi getirdim: bir paket köpek maması.,Ich hab ein kleines Willkommensgeschenk für Karamel: einen Sack Hundefutter.,Traigo un pequeño regalo de bienvenida para Karamel: una bolsa de comida para perro.,J'ai un petit cadeau de bienvenue pour Karamel : un sac de croquettes.,Ho un piccolo regalo di benvenuto per Karamel: un sacco di cibo per cani.,Trouxe um presentinho de boas-vindas para o Karamel: um pacote de ração.,Вот небольшой подарок Карамелю на новоселье — мешок корма.,Mam mały prezent powitalny dla Karamela: worek karmy.,カラメルにちょっとした歓迎のプレゼントを持ってきたよ。ドッグフードを一袋。,카라멜에게 줄 작은 환영 선물을 가져왔어요. 사료 한 봉지예요.,我给卡拉梅尔带了份小小的见面礼：一袋狗粮。,我給卡拉梅爾帶了份小小的見面禮：一袋狗飼料。
ZEYNEP_GIFT_1,"Really? Oh, that's so thoughtful... Karamel will love it, and ours was almost gone.","Gerçekten mi? Ne kadar düşüncelisin... Karamel bayılacak, bizimki de bitmek üzereydi.","Wirklich? Wie aufmerksam... Karamel wird es lieben, unseres war fast alle.","¿De verdad? Qué detalle... A Karamel le va a encantar, y la nuestra casi se había acabado.","C'est vrai ? Quelle délicate attention... Karamel va adorer, et on n'en avait presque plus.","Davvero? Che pensiero gentile... Karamel ne andrà matto, e il nostro stava finendo.","Sério? Que atencioso... O Karamel vai adorar, a nossa já estava acabando.","Правда? Как заботливо... Карамель будет в восторге, а наш корм как раз почти кончился.","Naprawdę? Jak to miło... Karamel będzie zachwycony, a nasza karma prawie się skończyła.",本当に？なんて気が利くの…カラメル大喜びよ。うちのもちょうど切れかけてたの。,정말요? 세심하기도 해라… 카라멜이 무척 좋아할 거예요. 마침 사료가 거의 다 떨어졌거든요.,真的吗？你想得真周到……卡拉梅尔一定会喜欢的，我们的正好快吃完了。,真的嗎？你想得真周到……卡拉梅爾一定會喜歡的，我們的正好快吃完了。
ZEYNEP_GIFT_2,"Thank you so much. Take care, see you soon!","Çok çok teşekkür ederim. Kendine iyi bak, yakında görüşürüz!","Vielen, vielen Dank. Pass auf dich auf, bis bald!","Muchísimas gracias. Cuídate, ¡hasta pronto!","Merci mille fois. Prends soin de toi, à bientôt !","Grazie mille. Abbi cura di te, a presto!","Muito, muito obrigada. Se cuida, até logo!","Огромное спасибо. Береги себя, до скорого!","Wielkie dzięki. Trzymaj się, do zobaczenia wkrótce!",本当にありがとう。元気でね、またすぐにね！,"정말 정말 고마워요. 몸조심하고, 곧 또 봐요!",太谢谢你了。保重，回头见！,太謝謝你了。保重，回頭見！
ZEYNEP_FOOD_PLAYER_1,"You said Karamel's food had run out, so I brought a bag.","Karamel'in maması bitmiş dedin, bir paket getirdim.","Du meintest, Karamels Futter ist alle – ich hab einen Sack mitgebracht.","Dijiste que a Karamel se le acabó la comida, así que te traje una bolsa.","Tu m'as dit que Karamel n'avait plus de croquettes, je t'en ai apporté un sac.","Mi avevi detto che il cibo di Karamel era finito, così ti ho portato un sacco.","Você disse que a ração do Karamel tinha acabado, então trouxe um pacote.","Ты говорила, что у Карамеля кончился корм, так что вот тебе мешок.","Mówiłaś, że Karamelowi skończyła się karma, więc mam dla ciebie worek.",カラメルのごはんが切れたって言ってたから、一袋持ってきたよ。,카라멜 사료가 떨어졌다고 해서 한 봉지 가져왔어요.,你说卡拉梅尔的粮吃完了，我就带了一袋过来。,你說卡拉梅爾的飼料吃完了，我就帶了一袋過來。
ZEYNEP_FOOD_PLAYER_2,Here's a bag of food for Karamel.,"Al, Karamel için bir paket mama.","Hier, ein Sack Futter für Karamel.","Toma, una bolsa de comida para Karamel.","Tiens, un sac de croquettes pour Karamel.",Ecco un sacco di cibo per Karamel.,"Toma, um pacote de ração para o Karamel.","Держи, мешок корма для Карамеля.","Proszę, worek karmy dla Karamela.",はい、カラメルのドッグフード。,"자, 카라멜 사료 한 봉지요.",给，这是卡拉梅尔的一袋粮。,給，這是卡拉梅爾的一袋飼料。
ZEYNEP_FOOD_PLAYER_LOW,"You said Karamel's food was running low, so I brought a bag.","Karamel'in maması azalmış dedin, bir paket getirdim.","Du meintest, Karamels Futter wird knapp – ich hab einen Sack mitgebracht.","Dijiste que a Karamel le quedaba poca comida, así que te traje una bolsa.","Tu m'as dit que Karamel n'avait presque plus de croquettes, je t'en ai apporté un sac.","Mi avevi detto che il cibo di Karamel stava finendo, così ti ho portato un sacco.","Você disse que a ração do Karamel estava no fim, então trouxe um pacote.","Ты говорила, что у Карамеля почти кончился корм, так что вот тебе мешок.","Mówiłaś, że Karamelowi kończy się karma, więc mam dla ciebie worek.",カラメルのごはんが残り少ないって言ってたから、一袋持ってきたよ。,카라멜 사료가 얼마 안 남았다고 해서 한 봉지 가져왔어요.,你说卡拉梅尔的粮快吃完了，我就带了一袋过来。,你說卡拉梅爾的飼料快吃完了，我就帶了一袋過來。
ZEYNEP_FOOD_PLAYER_MARKET,"I heard you couldn't get to the market, so I brought a bag for Karamel.","Markete gidemediğini duydum, Karamel'e bir paket mama getirdim.","Ich hab gehört, du hast es nicht zum Markt geschafft – hier ist ein Sack für Karamel.","Me enteré de que no pudiste ir al mercado, así que le traje una bolsa a Karamel.","J'ai appris que tu n'avais pas pu aller au marché, alors j'ai apporté un sac pour Karamel.","Ho saputo che non sei riuscita ad andare al mercato, così ho portato un sacco per Karamel.","Soube que você não conseguiu ir ao mercado, então trouxe um pacote para o Karamel.","Слышал, ты не успела на рынок, так что принёс Карамелю мешок корма.","Słyszałem, że nie zdążyłaś na targ, więc przyniosłem worek dla Karamela.",市場に行けなかったって聞いたから、カラメルに一袋持ってきたよ。,시장에 못 갔다고 들어서 카라멜 사료 한 봉지 가져왔어요.,听说你没空去市场，我给卡拉梅尔带了一袋粮。,聽說你沒空去市場，我給卡拉梅爾帶了一袋飼料。
ZEYNEP_FOOD_1_1,"You're a lifesaver! Thank you, really.",Hayat kurtardın! Gerçekten çok teşekkür ederim.,"Du rettest mir den Tag! Wirklich, danke.","¡Me salvas la vida! De verdad, gracias.","Tu me sauves la vie ! Merci, vraiment.","Mi salvi la vita! Grazie, davvero.","Você salvou o meu dia! Obrigada, de verdade.","Просто спасение! Спасибо, правда.",Ratujesz mi życie! Naprawdę dziękuję.,助かったわ！本当にありがとう。,살았어요! 정말 고마워요.,你真是救星！真的谢谢你。,你真是救星！真的謝謝你。
ZEYNEP_FOOD_1_2,Karamel will be at his bowl before I've even opened it. See you!,Karamel ben daha paketi açmadan kabın başına geçer. Görüşürüz!,"Karamel sitzt am Napf, bevor ich den Sack überhaupt aufhabe. Bis dann!",Karamel estará en su cuenco antes de que abra la bolsa. ¡Nos vemos!,Karamel sera devant sa gamelle avant même que j'ouvre le sac. À plus !,Karamel sarà alla ciotola prima ancora che apra il sacco. Ci vediamo!,O Karamel vai estar no pote antes mesmo de eu abrir o pacote. Até mais!,"Карамель будет у миски раньше, чем я открою мешок. Пока!","Karamel będzie przy misce, zanim otworzę worek. Na razie!",袋を開ける前にカラメルはお皿の前で待ってるわね。またね！,제가 봉지를 뜯기도 전에 카라멜은 밥그릇 앞에 가 있을 거예요. 또 봐요!,我还没拆袋，卡拉梅尔就会守在碗边了。回头见！,我還沒拆袋，卡拉梅爾就會守在碗邊了。回頭見！
ZEYNEP_FOOD_2_1,What would we do without you? Look at him wagging his tail!,"Sen olmasan ne yapardık? Baksana, kuyruğunu nasıl sallıyor!","Was würden wir ohne dich machen? Schau, wie er mit dem Schwanz wedelt!",¿Qué haríamos sin ti? ¡Mira cómo mueve la cola!,Qu'est-ce qu'on ferait sans toi ? Regarde comme il remue la queue !,Cosa faremmo senza di te? Guarda come scodinzola!,O que seria de nós sem você? Olha como ele abana o rabo!,"Что бы мы без тебя делали? Смотри, как он хвостом виляет!","Co byśmy bez ciebie zrobili? Zobacz, jak merda ogonem!",あなたがいなかったらどうなってたかしら。ほら、しっぽをあんなに振ってる！,"당신 없으면 어쩔 뻔했어요? 봐요, 꼬리를 얼마나 흔드는지!",要是没有你，我们可怎么办？瞧它尾巴摇得多欢！,要是沒有你，我們可怎麼辦？瞧牠尾巴搖得多歡！
ZEYNEP_FOOD_2_2,"Come by for tea one day, all right? I'd love that.","Bir gün çaya gel ama, olur mu? Çok sevinirim.","Komm doch mal auf einen Tee vorbei, ja? Das würde mich freuen.","Ven a tomar un té un día, ¿vale? Me encantaría.","Passe prendre le thé un de ces jours, d'accord ? Ça me ferait plaisir.","Passa un giorno per un tè, va bene? Mi farebbe piacere.","Venha tomar um chá um dia, combinado? Eu ia adorar.","Заходи как-нибудь на чай, ладно? Мне будет очень приятно.","Wpadnij kiedyś na herbatę, dobrze? Bardzo się ucieszę.",今度お茶しに来てね？うれしいな。,"언제 차 한잔하러 와요, 네? 정말 좋을 거예요.",哪天来喝杯茶吧，好吗？我会很高兴的。,哪天來喝杯茶吧，好嗎？我會很高興的。
ZEYNEP_FOOD_3_1,You always think of us. I'm so glad you're my neighbour.,Hep bizi düşünüyorsun. İyi ki komşumsun.,"Du denkst immer an uns. Ich bin so froh, dass du mein Nachbar bist.",Siempre piensas en nosotros. Qué suerte tenerte de vecino.,Tu penses toujours à nous. Je suis si contente que tu sois mon voisin.,Pensi sempre a noi. Sono così felice che tu sia il mio vicino.,Você sempre pensa na gente. Que bom que você é meu vizinho.,"Ты всегда о нас думаешь. Как хорошо, что мы соседи.","Zawsze o nas myślisz. Jak dobrze, że jesteśmy sąsiadami.",いつも私たちのことを気にかけてくれるのね。あなたがお隣さんで本当によかった。,늘 우리를 생각해 주네요. 당신이 이웃이라서 정말 다행이에요.,你总是惦记着我们。有你这个邻居真好。,你總是惦記著我們。有你這個鄰居真好。
ZEYNEP_FOOD_3_2,"Karamel and I owe you a big dinner. Soon, I promise!","Karamel'le sana büyük bir akşam yemeği borçluyuz. Yakında, söz!","Karamel und ich schulden dir ein großes Abendessen. Bald, versprochen!","Karamel y yo te debemos una buena cena. ¡Pronto, lo prometo!","Karamel et moi, on te doit un bon dîner. Bientôt, promis !","Io e Karamel ti dobbiamo una bella cena. Presto, promesso!","Eu e o Karamel te devemos um jantarzão. Em breve, prometo!","Мы с Карамелем должны тебе хороший ужин. Скоро, обещаю!","Karamel i ja jesteśmy ci winni porządną kolację. Niedługo, obiecuję!",カラメルと私、あなたに盛大な夕食をごちそうしなくちゃ。近いうちにね、約束！,"카라멜이랑 저, 당신한테 근사한 저녁 한 끼 빚졌어요. 곧이요, 약속해요!",我和卡拉梅尔欠你一顿大餐。很快，我保证！,我和卡拉梅爾欠你一頓大餐。很快，我保證！
ZEYNEP_FOOD_BEST_1,You know what? You're not just a neighbour any more. You're a real friend.,"Biliyor musun? Sen artık komşudan öte, gerçek bir dostsun.",Weißt du was? Du bist nicht mehr nur ein Nachbar. Du bist ein echter Freund.,¿Sabes qué? Ya no eres solo un vecino. Eres un amigo de verdad.,Tu sais quoi ? Tu n'es plus seulement un voisin. Tu es un vrai ami.,Sai una cosa? Non sei più solo un vicino. Sei un vero amico.,Sabe de uma coisa? Você não é mais só um vizinho. É um amigo de verdade.,"Знаешь что? Ты для меня уже не просто сосед, а настоящий друг.",Wiesz co? Nie jesteś już tylko sąsiadem. Jesteś prawdziwym przyjacielem.,ねえ、あなたはもうただのお隣さんじゃない。本当の友達よ。,"있잖아요, 당신은 이제 그냥 이웃이 아니에요. 진짜 친구예요.",你知道吗？你已经不只是邻居了，你是真正的朋友。,你知道嗎？你已經不只是鄰居了，你是真正的朋友。
ZEYNEP_FOOD_BEST_2,Thank you for everything. Karamel and I are lucky to have you.,Her şey için teşekkürler. Karamel'le ben seni tanıdığımız için çok şanslıyız.,"Danke für alles. Karamel und ich haben großes Glück, dich zu haben.",Gracias por todo. Karamel y yo tenemos mucha suerte de tenerte.,Merci pour tout. Karamel et moi avons de la chance de t'avoir.,Grazie di tutto. Io e Karamel siamo fortunati ad averti.,Obrigada por tudo. Eu e o Karamel temos muita sorte de ter você.,Спасибо за всё. Нам с Карамелем очень повезло с тобой.,"Dziękuję za wszystko. Karamel i ja mamy wielkie szczęście, że cię znamy.",いろいろありがとう。カラメルも私も、あなたに出会えて幸せよ。,모든 게 고마워요. 카라멜이랑 저는 당신을 만나서 정말 행운이에요.,谢谢你做的一切。我和卡拉梅尔能认识你真幸运。,謝謝你做的一切。我和卡拉梅爾能認識你真幸運。
ZEYNEP_DOOR_CHAT_1,Just came to say hello? That's sweet of you. Take care!,Sadece selam vermeye mi geldin? Ne tatlısın. Kendine iyi bak!,Nur auf ein Hallo vorbeigekommen? Wie lieb. Pass auf dich auf!,¿Solo pasabas a saludar? Qué detalle. ¡Cuídate!,Tu passais juste dire bonjour ? C'est adorable. Prends soin de toi !,Sei passato solo per un saluto? Che carino. Abbi cura di te!,Só passou para dar um oi? Que fofo. Se cuida!,Просто заглянуть поздороваться? Как мило. Береги себя!,Wpadasz tylko się przywitać? To miłe. Trzymaj się!,あいさつしに来てくれただけ？うれしいわ。じゃあ、またね！,그냥 인사하러 들른 거예요? 다정하기도 해라. 조심히 가요!,只是来打个招呼吗？真贴心。保重哦！,只是來打個招呼嗎？真貼心。保重哦！
ZEYNEP_DOOR_CHAT_2,Karamel can't sit still when you're around. Thanks for dropping by!,Karamel seni görünce yerinde duramıyor. Uğradığın için sağ ol!,"Karamel kann nicht stillsitzen, wenn du da bist. Danke fürs Vorbeischauen!",Karamel no puede estarse quieto cuando vienes. ¡Gracias por pasar!,Karamel ne tient plus en place quand tu es là. Merci de ta visite !,Karamel non sta più fermo quando ci sei tu. Grazie di essere passato!,O Karamel não para quieto quando você aparece. Obrigada pela visita!,"Карамель просто не может усидеть на месте, когда ты рядом. Спасибо, что заглядываешь!","Karamel nie może usiedzieć w miejscu, kiedy tu jesteś. Dzięki za odwiedziny!",あなたが来るとカラメルはじっとしていられないの。寄ってくれてありがとう！,당신만 오면 카라멜이 가만있질 못해요. 들러 줘서 고마워요!,你一来，卡拉梅尔就坐不住了。谢谢你来看我们！,你一來，卡拉梅爾就坐不住了。謝謝你來看我們！
ZEYNEP_DOOR_CHAT_3,"Come in for tea sometime, would you? I'm a bit busy now, but I'm so glad you came.","Bir ara çaya gel ama, olur mu? Şimdi biraz işim var ama geldiğine çok sevindim.","Komm doch mal auf einen Tee rein, ja? Gerade hab ich zu tun, aber ich freu mich so, dass du da bist.","Ven a tomar un té algún día, ¿vale? Ahora estoy un poco liada, pero me alegra mucho verte.","Viens prendre le thé un de ces jours, d'accord ? Là, je suis un peu occupée, mais ça me fait plaisir de te voir.","Vieni a prendere un tè uno di questi giorni, va bene? Ora sono un po' impegnata, ma sono contenta di vederti.","Venha tomar um chá qualquer dia, tá? Agora estou meio ocupada, mas fico muito feliz com a visita.","Заходи как-нибудь на чай, хорошо? Сейчас я немного занята, но очень рада тебя видеть.","Wpadnij kiedyś na herbatę, dobrze? Teraz jestem trochę zajęta, ale bardzo się cieszę, że cię widzę.",今度お茶しに来てね？今はちょっと忙しいけど、来てくれてうれしいわ。,"언제 차 마시러 들어와요, 네? 지금은 좀 바쁘지만 와 줘서 정말 기뻐요.",哪天进来喝杯茶吧？我现在有点忙，不过你来我真高兴。,哪天進來喝杯茶吧？我現在有點忙，不過你來我真高興。
ZEYNEP_GARDEN_MORNING_1,"Good morning, neighbour! We're doing our morning round of the garden.",Günaydın komşu! Karamel'le sabah turumuzu yapıyoruz.,"Guten Morgen, Nachbar! Wir machen gerade unsere Morgenrunde durch den Garten.","¡Buenos días, vecino! Estamos dando nuestra vuelta matutina por el jardín.","Bonjour, voisin ! On fait notre petit tour du jardin du matin.","Buongiorno, vicino! Stiamo facendo il nostro giro mattutino del giardino.","Bom dia, vizinho! Estamos fazendo nossa volta matinal pelo jardim.","Доброе утро, сосед! У нас с Карамелем утренний обход сада.","Dzień dobry, sąsiedzie! Robimy z Karamelem poranny obchód ogrodu.",おはよう、お隣さん！カラメルと朝の庭のお散歩中なの。,"좋은 아침이에요, 이웃님! 카라멜이랑 아침 마당 산책 중이에요.",早上好，邻居！我和卡拉梅尔正在院子里晨间散步。,早安，鄰居！我和卡拉梅爾正在院子裡晨間散步。
ZEYNEP_GARDEN_MORNING_2,Morning! Karamel's been waiting at the fence for you.,Günaydın! Karamel çitin dibinde seni bekliyordu.,Morgen! Karamel hat schon am Zaun auf dich gewartet.,¡Buenos días! Karamel te estaba esperando junto a la valla.,Salut ! Karamel t'attendait près de la clôture.,Buongiorno! Karamel ti aspettava vicino al recinto.,Bom dia! O Karamel estava te esperando perto da cerca.,Доброе утро! Карамель уже ждал тебя у забора.,Dzień dobry! Karamel czekał na ciebie przy płocie.,おはよう！カラメルが柵のところであなたを待ってたのよ。,좋은 아침! 카라멜이 울타리 앞에서 당신을 기다리고 있었어요.,早！卡拉梅尔一直在篱笆边等你呢。,早！卡拉梅爾一直在籬笆邊等你呢。
ZEYNEP_GARDEN_MORNING_3,Good morning! The tea's brewing; don't you dare leave without a glass later.,"Günaydın! Çay demleniyor, sonra bir bardak içmeden kaybolma.",Guten Morgen! Der Tee zieht gerade – geh später bloß nicht ohne ein Glas!,¡Buenos días! El té está reposando; luego no te vayas sin tomarte un vaso.,Bonjour ! Le thé infuse ; ne pars pas sans en boire un verre tout à l'heure.,Buongiorno! Il tè è in infusione; dopo non sparire senza berne un bicchiere.,Bom dia! O chá está no fogo; depois não suma sem tomar um copo.,Доброе утро! Чай заваривается — потом не исчезай без стаканчика.,Dzień dobry! Herbata się parzy; potem nie znikaj bez szklaneczki.,おはよう！今お茶を蒸らしてるの。あとで一杯飲まずに帰っちゃだめよ。,좋은 아침! 차 우리는 중이에요. 이따 한 잔 안 마시고 가면 안 돼요.,早上好！茶正泡着呢，待会儿不喝一杯可别走。,早安！茶正泡著呢，待會兒不喝一杯可別走。
ZEYNEP_GARDEN_EVENING_1,"Good evening! The evening air is lovely here, isn't it?","İyi akşamlar! Akşam serinliği ne güzel burada, değil mi?","Guten Abend! Die Abendluft ist hier herrlich, oder?","¡Buenas tardes! Qué agradable es el fresco de la tarde aquí, ¿verdad?","Bonsoir ! L'air du soir est délicieux ici, non ?","Buonasera! Che bella l'aria della sera qui, vero?","Boa noite! O friozinho da tarde aqui é uma delícia, né?","Добрый вечер! Какая здесь вечерняя прохлада, правда?","Dobry wieczór! Ale tu przyjemny wieczorny chłód, prawda?",こんばんは！ここの夕方の風は気持ちいいわね。,안녕하세요! 여기 저녁 바람 참 좋죠?,晚上好！这里傍晚的凉风真舒服，对吧？,晚上好！這裡傍晚的涼風真舒服，對吧？
ZEYNEP_GARDEN_EVENING_2,Evening! How was the farm today? Karamel says hello.,İyi akşamlar! Çiftlikte gün nasıl geçti? Karamel de selam söylüyor.,Abend! Wie war's heute auf dem Hof? Karamel lässt grüßen.,¡Buenas! ¿Qué tal hoy en la granja? Karamel te manda saludos.,Bonsoir ! Comment ça s'est passé à la ferme ? Karamel te dit bonjour.,Buonasera! Com'è andata oggi alla fattoria? Karamel ti saluta.,Boa noite! Como foi o dia na fazenda? O Karamel mandou um oi.,Добрый вечер! Как день на ферме? Карамель передаёт привет.,Dobry wieczór! Jak minął dzień na farmie? Karamel cię pozdrawia.,こんばんは！今日の農場はどうだった？カラメルもよろしくって。,안녕하세요! 오늘 농장 일은 어땠어요? 카라멜도 안부 전한대요.,晚上好！今天农场怎么样？卡拉梅尔也向你问好。,晚上好！今天農場怎麼樣？卡拉梅爾也向你問好。
ZEYNEP_GARDEN_EVENING_3,"There you are! Sit with us a while, the sunset's beautiful from here.","Geldin mi? Biraz otur bizimle, gün batımı buradan çok güzel görünüyor.","Da bist du ja! Setz dich ein bisschen zu uns, der Sonnenuntergang ist von hier wunderschön.","¡Ahí estás! Siéntate un rato con nosotros, desde aquí el atardecer es precioso.","Te voilà ! Reste un peu avec nous, le coucher de soleil est magnifique d'ici.","Eccoti! Siediti un po' con noi, il tramonto da qui è bellissimo.","Aí está você! Fique um pouco com a gente, o pôr do sol daqui é lindo.","А вот и ты! Посиди с нами немного, отсюда такой красивый закат.","Jesteś! Posiedź z nami chwilę, stąd zachód słońca jest przepiękny.",来てくれたのね！少し一緒にいて。ここから見る夕日はきれいなのよ。,왔군요! 잠깐 우리랑 있어요. 여기서 보는 노을이 정말 예뻐요.,你来啦！陪我们坐一会儿吧，从这儿看日落特别美。,你來啦！陪我們坐一會兒吧，從這兒看日落特別美。
ZEYNEP_GARDEN_PLAYER_1,"Take care, Zeynep!",Kolay gelsin Zeynep!,"Mach's gut, Zeynep!","¡Que vaya bien, Zeynep!","Bonne continuation, Zeynep !","Buon proseguimento, Zeynep!","Bom trabalho, Zeynep!","Удачи, Зейнеп!","Powodzenia, Zeynep!",がんばってね、ゼイネップ！,"수고해요, 제이넵!",辛苦啦，泽伊内普！,辛苦啦，澤伊內普！
ZEYNEP_GARDEN_PLAYER_2,Give Karamel a pat from me!,Karamel'i benim yerime de bir sev!,Streichel Karamel mal von mir!,¡Dale una caricia a Karamel de mi parte!,Fais une caresse à Karamel de ma part !,Fai una carezza a Karamel da parte mia!,Faz um carinho no Karamel por mim!,Погладь Карамеля от меня!,Pogłaszcz ode mnie Karamela!,カラメルを僕の分までなでてあげて！,제 몫까지 카라멜 좀 쓰다듬어 줘요!,替我摸摸卡拉梅尔！,替我摸摸卡拉梅爾！
ZEYNEP_GARDEN_PLAYER_3,It's always good to see you both.,Sizi görmek her zaman iyi geliyor.,"Es tut immer gut, euch beide zu sehen.",Siempre es un gusto veros a los dos.,Ça fait toujours plaisir de vous voir tous les deux.,È sempre bello vedervi tutti e due.,É sempre bom ver vocês dois.,Всегда приятно видеть вас обоих.,Zawsze miło was widzieć.,二人に会うといつも元気が出るよ。,두 분을 보면 늘 기분이 좋아져요.,见到你们俩总是让人开心。,見到你們倆總是讓人開心。
SIDE_DONE_GIFT,A welcome gift for Karamel,Karamel'e hoş geldin hediyesi,Ein Willkommensgeschenk für Karamel,Un regalo de bienvenida para Karamel,Un cadeau de bienvenue pour Karamel,Un regalo di benvenuto per Karamel,Um presente de boas-vindas para o Karamel,Подарок Карамелю на новоселье,Prezent powitalny dla Karamela,カラメルへの歓迎のプレゼント,카라멜에게 환영 선물,给卡拉梅尔的见面礼,給卡拉梅爾的見面禮
SIDE_DONE_FOOD,A bag of food for Karamel,Karamel'e bir paket mama,Ein Sack Futter für Karamel,Una bolsa de comida para Karamel,Un sac de croquettes pour Karamel,Un sacco di cibo per Karamel,Um pacote de ração para o Karamel,Мешок корма для Карамеля,Worek karmy dla Karamela,カラメルにドッグフードを一袋,카라멜에게 사료 한 봉지,给卡拉梅尔送了一袋狗粮,給卡拉梅爾送了一袋狗飼料
MSG_CRATES_WAITING,"%s ×%d: waiting for you in front of the seller, by the gate. Load them into your pickup.","%s ×%d: satıcının önünde, kapının yanında seni bekliyor. Pikabına yükle.",%s ×%d: warten vor dem Händler am Tor auf dich. Lade sie in deinen Pick-up.,"%s ×%d: te esperan delante del vendedor, junto a la puerta. Cárgalas en la camioneta.","%s ×%d : t'attendent devant le vendeur, près du portail. Charge-les dans ton pick-up.","%s ×%d: ti aspettano davanti al venditore, vicino al cancello. Caricale sul pick-up.","%s ×%d: esperando por você na frente do vendedor, perto do portão. Carregue-as na caminhonete.","%s ×%d: ждут тебя у продавца, возле ворот. Погрузи их в пикап.","%s ×%d: czekają na ciebie przed sprzedawcą, przy bramie. Załaduj je na pikapa.",%s ×%d：門のそば、売り手の前で待っています。ピックアップに積もう。,%s ×%d: 문 옆 판매자 앞에서 기다려요. 픽업트럭에 실으세요.,%s ×%d：在大门旁的卖家面前等你。把它们装上皮卡。,%s ×%d：在大門旁的賣家面前等你。把牠們裝上皮卡。
MSG_MARKET_CRATES_FULL,%d crates are already waiting for you in front of the seller: take them first.,Satıcının önünde zaten %d kafes seni bekliyor: önce onları al.,Vor dem Händler warten schon %d Kisten auf dich: Hol sie zuerst ab.,Ya te esperan %d jaulas delante del vendedor: recógelas primero.,%d caisses t'attendent déjà devant le vendeur : récupère-les d'abord.,Davanti al venditore ti aspettano già %d cassette: prendile prima.,Já há %d caixas esperando por você na frente do vendedor: pegue-as primeiro.,У продавца тебя уже ждут ящики (%d): сначала забери их.,Przed sprzedawcą czeka już na ciebie skrzynek: %d. Najpierw je odbierz.,売り手の前にもう%d箱待っています。先に受け取ろう。,판매자 앞에 이미 상자 %d개가 기다리고 있어요. 먼저 가져가세요.,卖家面前已有 %d 个笼子在等你：先把它们取走。,賣家面前已有 %d 個籠子在等你：先把牠們取走。
RANCHER_CRATES_WAIT,"The crates will wait for you in front of the seller, by the gate: carry them to your pickup.","Kafesler satıcının önünde, kapının yanında seni bekleyecek: onları pikabına taşı.",Die Kisten warten vor dem Händler am Tor auf dich: Trag sie zu deinem Pick-up.,"Las jaulas te esperarán delante del vendedor, junto a la puerta: llévalas a tu camioneta.","Les caisses t'attendront devant le vendeur, près du portail : porte-les jusqu'à ton pick-up.","Le cassette ti aspetteranno davanti al venditore, vicino al cancello: portale al tuo pick-up.","As caixas vão esperar por você na frente do vendedor, perto do portão: leve-as até a caminhonete.","Ящики будут ждать тебя у продавца, возле ворот: отнеси их к пикапу.","Skrzynki będą czekać na ciebie przed sprzedawcą, przy bramie: zanieś je na pikapa.",箱は門のそば、売り手の前で待っています。ピックアップまで運ぼう。,상자는 문 옆 판매자 앞에서 기다려요. 픽업트럭까지 옮기세요.,笼子会放在大门旁的卖家面前等你：把它们搬上皮卡。,籠子會放在大門旁的賣家面前等你：把牠們搬上皮卡。
RANCHER_CRATES_WAITING,Waiting for you now: %d / %d crates,Şu an seni bekleyen: %d / %d kafes,Warten gerade auf dich: %d / %d Kisten,Esperándote ahora: %d / %d jaulas,T'attendent en ce moment : %d / %d caisses,Ti aspettano ora: %d / %d cassette,Esperando por você agora: %d / %d caixas,Ящиков ждёт тебя: %d / %d,Czeka na ciebie skrzynek: %d / %d,いま待っている箱：%d / %d,지금 기다리는 상자: %d / %d,正在等你的笼子：%d / %d,正在等你的籠子：%d / %d
HINT_MARKET_CRATES,Your crates wait at the Animal Market: take them and load them into the pickup,Kafeslerin Hayvan Pazarı'nda bekliyor: al ve pikabın kasasına yükle,Deine Kisten warten auf dem Tiermarkt: Hol sie ab und lade sie in den Pick-up,Tus jaulas esperan en el mercado de animales: recógelas y cárgalas en la camioneta,Tes caisses t'attendent au marché aux bestiaux : prends-les et charge-les dans le pick-up,Le tue cassette ti aspettano al mercato del bestiame: prendile e caricale sul pick-up,Suas caixas esperam na feira de animais: pegue-as e carregue na caminhonete,Твои ящики ждут на скотном рынке: забери их и погрузи в пикап,Twoje skrzynki czekają na targu zwierząt: odbierz je i załaduj na pikapa,箱が家畜市場で待っている：受け取ってピックアップに積もう,상자가 가축 시장에서 기다려요: 가져가서 픽업트럭에 실으세요,你的笼子在牲畜市场等着：取走并装上皮卡,你的籠子在牲畜市場等著：取走並裝上皮卡
HINT_LOAD_CRATES,Load the crates in your hands into the pickup's bed,Elindeki kafesleri pikabın kasasına yükle,Lade die Kisten in deinen Händen auf die Ladefläche des Pick-ups,Carga las jaulas que llevas en la caja de la camioneta,Charge les caisses que tu portes dans la benne du pick-up,Carica le cassette che hai in mano nel cassone del pick-up,Carregue as caixas que está segurando na caçamba da caminhonete,Погрузи ящики из рук в кузов пикапа,"Załaduj skrzynki, które niesiesz, na pakę pikapa",手に持った箱をピックアップの荷台に積もう,들고 있는 상자를 픽업트럭 짐칸에 실으세요,把手里的笼子装进皮卡车斗,把手裡的籠子裝上皮卡後斗
MSG_HANDS_FULL_CRATES,Your hands are full of crates: put down the ones you're carrying first.,Ellerin kafeslerle dolu: önce taşıdıklarını bırak.,"Deine Hände sind voller Kisten: Stell zuerst die ab, die du trägst.",Tienes las manos llenas de jaulas: deja primero las que llevas.,Tu as les mains pleines de caisses : pose d'abord celles que tu portes.,Hai le mani piene di cassette: posa prima quelle che porti.,Suas mãos estão cheias de caixas: largue primeiro as que está carregando.,"Руки заняты ящиками: сначала поставь те, что несёшь.","Masz ręce pełne skrzynek: najpierw odstaw te, które niesiesz.",手が箱でいっぱいです。先に持っている箱を置こう。,손이 상자로 가득 찼어요. 먼저 들고 있는 상자를 내려놓으세요.,你手里满是笼子：先把拿着的放下。,你手裡滿是籠子：先把拿著的放下。
MSG_STOWED_FOR_CRATE,%s went into your bag so you can carry the crate.,Kafesi taşıyabilmen için %s çantana kondu.,"%s ist jetzt in deiner Tasche, damit du die Kiste tragen kannst.",%s va a tu mochila para que puedas llevar la jaula.,"Dans ton sac : %s, pour que tu puisses porter la caisse.","Nello zaino: %s, così puoi portare la cassetta.","Na mochila: %s, para você poder carregar a caixa.",%s — в сумке: руки свободны для ящика.,%s trafia do torby: masz wolne ręce na skrzynkę.,箱を持てるように、%sをかばんにしまいました。,%s: 상자를 들 수 있도록 가방에 넣었어요.,%s 已放进背包，好腾出手拿笼子。,%s 已放進背包，好騰出手拿籠子。
ITEM_WOLF_PELT,Wolf Pelt,Kurt Kürkü,Wolfsfell,Piel de lobo,Peau de loup,Pelliccia di lupo,Pele de lobo,Волчья шкура,Wilcza skóra,オオカミの毛皮,늑대 가죽,狼皮,狼皮
DESC_WOLF_PELT,A grey wolf's thick coat. The market in town pays well for it.,"Bir kurdun kalın, gri kürkü. Kasabadaki pazar iyi para verir.",Das dicke graue Fell eines Wolfs. Der Markt in der Stadt zahlt gut dafür.,El grueso pelaje gris de un lobo. El mercado del pueblo paga bien por él.,L'épaisse fourrure grise d'un loup. Le marché du village la paie bien.,La folta pelliccia grigia di un lupo. Il mercato del paese la paga bene.,A pelagem grossa e cinzenta de um lobo. O mercado da cidade paga bem por ela.,Густая серая шкура волка. На рынке в городе за неё хорошо платят.,Gęste szare futro wilka. Targ w miasteczku dobrze za nie płaci.,オオカミの厚い灰色の毛皮。町の市場で高く売れる。,늑대의 두툼한 회색 털가죽. 마을 시장에서 값을 잘 쳐준다.,一张厚实的灰色狼皮。镇上的集市会出好价钱。,一張厚實的灰色狼皮。鎮上的市集會出好價錢。
WOLF_TITLE,Wolf,Kurt,Wolf,Lobo,Loup,Lupo,Lobo,Волк,Wilk,オオカミ,늑대,狼,狼
ACTION_TAKE_PELT,TAKE THE PELT,KÜRKÜNÜ AL,FELL NEHMEN,TOMAR LA PIEL,PRENDRE LA PEAU,PRENDI LA PELLICCIA,PEGAR A PELE,ВЗЯТЬ ШКУРУ,WEŹ SKÓRĘ,毛皮を取る,가죽 챙기기,取下狼皮,取下狼皮
ITEM_ARROW,Arrows,Ok,Pfeile,Flechas,Flèches,Frecce,Flechas,Стрелы,Strzały,矢,화살,箭,箭
DESC_ARROW,"Ash arrows with iron broadheads and goose-feather fletching, made at the workbench. The bow shoots them; walk over them to pick them up again.","Çalışma masasında yapılmış, demir uçlu, kaz tüyü yelekli dişbudak oklar. Yayla atılır; attıktan sonra üstünden yürüyüp yeniden toplayabilirsin.","Eschenpfeile mit eisernen Jagdspitzen und Gänsefedern, an der Werkbank gemacht. Der Bogen verschießt sie; lauf darüber, um sie wieder aufzusammeln.","Flechas de fresno con punta de hierro y plumas de ganso, hechas en el banco de trabajo. Se disparan con el arco; pasa por encima para recogerlas.","Flèches en frêne à pointe de fer et empennage en plumes d'oie, faites à l'établi. L'arc les tire ; marche dessus pour les ramasser.","Frecce di frassino con punta di ferro e piume d'oca, fatte al banco da lavoro. Si tirano con l'arco; passaci sopra per raccoglierle.","Flechas de freixo com ponta de ferro e penas de ganso, feitas na bancada. O arco as dispara; passe por cima delas para recolhê-las.","Ясеневые стрелы с железными наконечниками и гусиным оперением, сделанные на верстаке. Ими стреляет лук; пройди по ним, чтобы собрать.","Jesionowe strzały z żelaznymi grotami i lotkami z gęsich piór, zrobione przy stole warsztatowym. Strzela się nimi z łuku; przejdź po nich, by je zebrać.",作業台で作った、鉄の矢じりとガチョウの羽根の矢羽を持つトネリコの矢。弓で射る。上を歩けば拾い直せる。,"작업대에서 만든, 쇠 화살촉과 거위 깃을 단 물푸레나무 화살. 활로 쏜다. 위를 지나가면 다시 주울 수 있다.",在工作台上做的白蜡木箭，铁箭头，鹅毛箭羽。用弓射出，走过去就能捡回来。,在工作台上做的白蠟木箭，鐵箭頭，鵝毛箭羽。用弓射出，走過去就能撿回來。
CAT_AMMO,Ammunition,Cephane,Munition,Munición,Munitions,Munizioni,Munição,Боеприпасы,Amunicja,弾薬,탄약,弹药,彈藥
ACTION_TAKE_ARROW,Take the arrow,Oku al,Pfeil nehmen,Coger la flecha,Prendre la flèche,Prendi la freccia,Pegar a flecha,Взять стрелу,Weź strzałę,矢を拾う,화살 줍기,捡起箭,撿起箭
ACTION_DRAW_BOW,Hold to draw,"Basılı tut, yayı ger",Halten zum Spannen,Mantén para tensar,Maintiens pour bander,Tieni premuto per tendere,Segure para puxar,"Удерживай, чтобы натянуть","Przytrzymaj, by naciągnąć",長押しで引く,길게 눌러 당기기,按住拉弓,按住拉弓
ACTION_LET_DOWN,Lower the bow,Yayı indir,Bogen senken,Bajar el arco,Baisser l'arc,Abbassa l'arco,Baixar o arco,Опустить лук,Opuść łuk,弓を下ろす,활 내리기,放下弓,放下弓
HINT_ARROWS,Arrows: %d,Ok: %d,Pfeile: %d,Flechas: %d,Flèches : %d,Frecce: %d,Flechas: %d,Стрелы: %d,Strzały: %d,矢：%d本,화살: %d개,箭：%d 支,箭：%d 支
HINT_NO_ARROWS,No arrows: make some at the workbench,Okun yok: çalışma masasında yapabilirsin,Keine Pfeile: mach welche an der Werkbank,Sin flechas: haz algunas en el banco de trabajo,Pas de flèches : fabrique-en à l'établi,Niente frecce: fanne qualcuna al banco da lavoro,Sem flechas: faça algumas na bancada,Нет стрел: сделай их на верстаке,Brak strzał: zrób je przy stole warsztatowym,矢がない：作業台で作ろう,화살이 없다: 작업대에서 만들자,没有箭：去工作台做一些,沒有箭：去工作台做一些
MSG_NO_ARROWS,You have no arrows. Make some at the workbench.,Hiç okun yok. Çalışma masasında birkaç tane yap.,Du hast keine Pfeile. Mach welche an der Werkbank.,No tienes flechas. Haz algunas en el banco de trabajo.,Tu n'as pas de flèches. Fabrique-en à l'établi.,Non hai frecce. Fanne qualcuna al banco da lavoro.,Você não tem flechas. Faça algumas na bancada.,У тебя нет стрел. Сделай их на верстаке.,Nie masz strzał. Zrób je przy stole warsztatowym.,矢を持っていない。作業台で作ろう。,화살이 없다. 작업대에서 만들자.,你没有箭。去工作台做一些吧。,你沒有箭。去工作台做一些吧。
PROGRESS_DRAW,Drawing the bow,Yay geriliyor,Bogen spannen,Tensando el arco,Bander l'arc,Tendere l'arco,Puxando o arco,Натягиваю лук,Naciąganie łuku,弓を引き絞る,활시위 당기는 중,拉弓,拉弓
MSG_KNOCKED_OUT_WOLVES,The wolves were too much for you… you collapsed. In the morning your neighbour found you and brought you home.,"Kurtlar seni fena hırpaladı, bayıldın… Sabah komşun seni bulup eve getirdi.",Die Wölfe haben dich übel zugerichtet … du bist zusammengebrochen. Am Morgen hat dich dein Nachbar gefunden und nach Hause gebracht.,Los lobos pudieron contigo… te desplomaste. Por la mañana tu vecino te encontró y te llevó a casa.,"Les loups ont eu raison de toi… tu t'es effondré. Au matin, ton voisin t'a trouvé et ramené chez toi.",I lupi hanno avuto la meglio… sei crollato. Al mattino il tuo vicino ti ha trovato e riportato a casa.,"Os lobos foram demais para você… você desmaiou. De manhã, seu vizinho te encontrou e te levou para casa.",Волки тебя здорово потрепали… ты потерял сознание. Утром сосед нашёл тебя и отнёс домой.,Wilki cię poturbowały… straciłeś przytomność. Rano sąsiad cię znalazł i zaniósł do domu.,オオカミにひどくやられ、気を失った……。朝、近所の人が見つけて家まで運んでくれた。,늑대들에게 심하게 당해 정신을 잃었다… 아침에 이웃이 당신을 발견해 집까지 데려다주었다.,狼群把你伤得不轻，你昏了过去……早上邻居发现了你，把你送回了家。,狼群把你傷得不輕，你昏了過去……早上鄰居發現了你，把你送回了家。
MSG_KNOCKED_OUT,Your wounds were too much… you collapsed. Your neighbour found you and brought you home.,"Yaraların ağır geldi, bayıldın… Komşun seni bulup eve getirdi.",Deine Wunden waren zu viel … du bist zusammengebrochen. Dein Nachbar hat dich gefunden und nach Hause gebracht.,Tus heridas pudieron contigo… te desplomaste. Tu vecino te encontró y te llevó a casa.,Tes blessures ont eu raison de toi… tu t'es effondré. Ton voisin t'a trouvé et ramené chez toi.,Le ferite hanno avuto la meglio… sei crollato. Il tuo vicino ti ha trovato e riportato a casa.,Seus ferimentos foram demais… você desmaiou. Seu vizinho te encontrou e te levou para casa.,Раны взяли своё… ты потерял сознание. Сосед нашёл тебя и отнёс домой.,Rany cię pokonały… straciłeś przytomność. Sąsiad cię znalazł i zaniósł do domu.,傷がひどく、気を失った……。近所の人が見つけて家まで運んでくれた。,상처가 너무 심해 정신을 잃었다… 이웃이 당신을 발견해 집까지 데려다주었다.,伤势太重，你昏了过去……邻居发现了你，把你送回了家。,傷勢太重，你昏了過去……鄰居發現了你，把你送回了家。
REPORT_KNOCKED_OUT,You fainted last night: your neighbour brought you home. Eat something and rest.,"Dün gece bayıldın, komşun seni eve getirdi. Bir şeyler ye, biraz dinlen.",Du bist letzte Nacht ohnmächtig geworden: Dein Nachbar hat dich heimgebracht. Iss etwas und ruh dich aus.,Anoche te desmayaste: tu vecino te trajo a casa. Come algo y descansa.,Tu t'es évanoui cette nuit : ton voisin t'a ramené. Mange un peu et repose-toi.,Stanotte sei svenuto: il tuo vicino ti ha riportato a casa. Mangia qualcosa e riposati.,Você desmaiou ontem à noite: seu vizinho te trouxe para casa. Coma algo e descanse.,Ночью ты потерял сознание: сосед принёс тебя домой. Поешь и отдохни.,W nocy zemdlałeś: sąsiad przyniósł cię do domu. Zjedz coś i odpocznij.,昨夜は気を失い、近所の人が家まで運んでくれた。何か食べて休もう。,"어젯밤 정신을 잃었고, 이웃이 집까지 데려다주었다. 뭘 좀 먹고 쉬자.",昨晚你昏倒了，是邻居把你送回家的。吃点东西，休息一下吧。,昨晚你昏倒了，是鄰居把你送回家的。吃點東西，休息一下吧。
REMAINS_TITLE,Remains,Kalıntılar,Überreste,Restos,Restes,Resti,Restos,Останки,Szczątki,亡骸,잔해,残骸,殘骸
ACTION_CLEAN_REMAINS,CLEAN UP,TEMİZLE,AUFRÄUMEN,LIMPIAR,NETTOYER,PULISCI,LIMPAR,УБРАТЬ,POSPRZĄTAJ,片付ける,치우기,清理,清理
PROGRESS_CLEANING_REMAINS,Cleaning up...,Temizleniyor...,Aufräumen...,Limpiando...,Nettoyage...,Pulizia...,Limpando...,Убираем...,Sprzątanie...,片付け中...,치우는 중...,清理中……,清理中……
MSG_REMAINS_CLEARED,You cleaned up the spot.,Ortalığı temizledin.,Du hast die Stelle aufgeräumt.,Has limpiado el lugar.,Tu as nettoyé l'endroit.,Hai ripulito il posto.,Você limpou o lugar.,Ты прибрал это место.,Posprzątałeś to miejsce.,その場所を片付けた。,그 자리를 치웠어요.,你把那里清理干净了。,你把那裡清理乾淨了。
MSG_ANIMAL_DIED_WOUNDS,%s did not survive its wounds.,%s yaraları yüzünden hayatını kaybetti.,%s hat die Verletzungen nicht überlebt.,%s no sobrevivió a sus heridas.,%s n'a pas survécu à ses blessures.,%s non è sopravvissuto alle ferite.,%s não sobreviveu aos ferimentos.,%s не пережил(а) своих ран.,%s nie przeżył(a) odniesionych ran.,%sは傷が元で死んでしまった。,%s(이)가 상처를 이기지 못하고 죽었어요.,%s没能挺过伤势。,%s沒能撐過傷勢。
MSG_INJURED_HURRY,%s is badly hurt: about %d hours left to get it to the vet.,%s ağır yaralı: veterinere götürmek için yaklaşık %d saatin kaldı.,"%s ist schwer verletzt: noch etwa %d Stunden, um es zum Tierarzt zu bringen.",%s está malherido: quedan unas %d horas para llevarlo al veterinario.,%s est gravement blessé : il reste environ %d heures pour l'amener chez le vétérinaire.,%s è ferito gravemente: restano circa %d ore per portarlo dal veterinario.,%s está muito ferido: restam cerca de %d horas para levá-lo ao veterinário.,"%s тяжело ранен(а): осталось около %d ч, чтобы показать ветеринару.","%s jest ciężko ranny(a): zostało około %d godz., by trafić do weterynarza.",%sの傷がひどい：獣医に見せるまで残り約%d時間。,%s(이)가 크게 다쳤어요: 수의사에게 데려갈 시간이 약 %d시간 남았어요.,%s伤得很重：大约还有%d小时可以送去兽医那里。,%s傷得很重：大約還有%d小時可以送去獸醫那裡。
MSG_ANIMAL_HEALED,"%s is back from the vet, healed.",%s veterinerden iyileşip döndü.,%s ist geheilt vom Tierarzt zurück.,%s ha vuelto curado del veterinario.,%s est revenu guéri de chez le vétérinaire.,%s è tornato guarito dal veterinario.,%s voltou curado do veterinário.,%s вернулся(лась) от ветеринара здоровым(ой).,%s wrócił(a) od weterynarza zdrowy(a).,%sが獣医のところから元気になって戻ってきた。,%s(이)가 수의사에게 치료받고 돌아왔어요.,%s在兽医那里治好了，回来了。,%s在獸醫那裡治好了，回來了。
MSG_INJURED_MORNING,%s is hurt: have the vet treat it within %d hours.,%s yaralı: %d saat içinde veterinerde tedavi ettir.,%s ist verletzt: Lass es innerhalb von %d Stunden vom Tierarzt behandeln.,%s está herido: que lo trate el veterinario en menos de %d horas.,%s est blessé : fais-le soigner par le vétérinaire d'ici %d heures.,%s è ferito: fallo curare dal veterinario entro %d ore.,%s está ferido: leve ao veterinário em até %d horas.,%s ранен(а): покажи ветеринару в течение %d ч.,%s jest ranny(a): niech weterynarz go opatrzy w ciągu %d godz.,%sがけがをしている：%d時間以内に獣医に診てもらおう。,%s(이)가 다쳤어요: %d시간 안에 수의사에게 치료받게 하세요.,%s受伤了：%d小时内带去兽医那里治疗。,%s受傷了：%d小時內帶去獸醫那裡治療。
HINT_ANIMAL_INJURED,Injured · to the vet within %d h,Yaralı · %d saat içinde veterinere,Verletzt · binnen %d Std. zum Tierarzt,Herido · al veterinario en %d h,Blessé · chez le vétérinaire sous %d h,Ferito · dal veterinario entro %d h,Ferido · ao veterinário em %d h,Ранен · к ветеринару за %d ч,Ranny · do weterynarza w %d godz.,けが · %d時間以内に獣医へ,부상 · %d시간 안에 수의사에게,受伤 · %d小时内送兽医,受傷 · %d小時內送獸醫
ANIMAL_INJURED,Injured,Yaralı,Verletzt,Herido,Blessé,Ferito,Ferido,Ранен,Ranny,けが,부상,受伤,受傷
STATUS_INJURED,Injured by a wolf — have the vet treat it within %d hours.,Kurt yaraladı — %d saat içinde veterinerde tedavi ettir.,Von einem Wolf verletzt – binnen %d Stunden zum Tierarzt.,Herido por un lobo: llévalo al veterinario en menos de %d horas.,Blessé par un loup — à faire soigner chez le vétérinaire sous %d heures.,Ferito da un lupo: fallo curare dal veterinario entro %d ore.,Ferido por um lobo — leve ao veterinário em até %d horas.,Ранен волком — покажи ветеринару в течение %d ч.,Ranny przez wilka — do weterynarza w ciągu %d godz.,オオカミにけがをさせられた — %d時間以内に獣医に診せよう。,늑대에게 다쳤어요 — %d시간 안에 수의사에게 치료받게 하세요.,被狼咬伤——%d小时内送兽医治疗。,被狼咬傷——%d小時內送獸醫治療。
STATUS_AT_VET,At the vet's clinic — back in about %d hours.,Veteriner kliniğinde — yaklaşık %d saat sonra dönecek.,In der Tierarztpraxis – in etwa %d Stunden zurück.,En la clínica veterinaria: vuelve en unas %d horas.,À la clinique vétérinaire — de retour dans environ %d heures.,Alla clinica veterinaria: torna tra circa %d ore.,Na clínica veterinária — volta em cerca de %d horas.,В ветклинике — вернётся примерно через %d ч.,W lecznicy weterynaryjnej — wróci za około %d godz.,動物病院にいる — 約%d時間後に戻る。,동물병원에 있어요 — 약 %d시간 뒤에 돌아와요.,在兽医诊所——大约%d小时后回来。,在獸醫診所——大約%d小時後回來。
SETTINGS_WOLF_RAIDS,Wolf raids,Kurt saldırıları,Wolfsangriffe,Ataques de lobos,Attaques de loups,Attacchi dei lupi,Ataques de lobos,Набеги волков,Ataki wilków,オオカミの襲撃,늑대 습격,狼群袭击,狼群襲擊
SETTINGS_WOLF_RAIDS_DESC,How often wolves come for your animals at night.,Kurtların geceleri hayvanlarına ne sıklıkla geleceği.,Wie oft nachts Wölfe zu deinen Tieren kommen.,Con qué frecuencia vienen los lobos a por tus animales de noche.,La fréquence à laquelle les loups viennent la nuit pour tes animaux.,Quanto spesso i lupi vengono di notte per i tuoi animali.,Com que frequência os lobos vêm atrás dos seus animais à noite.,Как часто волки приходят ночью за твоими животными.,Jak często wilki przychodzą nocą po twoje zwierzęta.,夜にオオカミが家畜を狙ってくる頻度。,밤에 늑대가 가축을 노리러 오는 빈도예요.,夜里狼群来袭击牲畜的频率。,夜裡狼群來襲擊牲畜的頻率。
WOLF_RAIDS_OFF,Off,Kapalı,Aus,Desactivados,Désactivées,Disattivati,Desativados,Выкл.,Wyłączone,オフ,끄기,关闭,關閉
WOLF_RAIDS_RARE,Rare,Seyrek,Selten,Raros,Rares,Rari,Raros,Редко,Rzadko,まれ,드물게,偶尔,偶爾
WOLF_RAIDS_NORMAL,Normal,Normal,Normal,Normales,Normales,Normali,Normais,Обычно,Normalnie,普通,보통,正常,正常
REPORT_WOLVES,Wolves in the night,Gece kurtlar,Wölfe in der Nacht,Lobos en la noche,Des loups dans la nuit,Lupi nella notte,Lobos durante a noite,Волки ночью,Wilki w nocy,夜のオオカミ,밤의 늑대,夜里的狼群,夜裡的狼群
MSG_WOLVES_LESSON,Wolves are howling in the forest. They may come down to the farm tonight.,Ormanda kurtlar uluyor. Bu gece çiftliğe inebilirler.,Im Wald heulen Wölfe. Heute Nacht könnten sie zum Hof herunterkommen.,Los lobos aúllan en el bosque. Esta noche podrían bajar a la granja.,Des loups hurlent dans la forêt. Ils pourraient descendre à la ferme cette nuit.,I lupi ululano nel bosco. Stanotte potrebbero scendere alla fattoria.,Os lobos uivam na floresta. Esta noite eles podem descer até a fazenda.,В лесу воют волки. Этой ночью они могут спуститься к ферме.,W lesie wyją wilki. Tej nocy mogą zejść na farmę.,森でオオカミが遠吠えしている。今夜、農場に下りてくるかもしれない。,숲에서 늑대들이 울부짖어요. 오늘 밤 농장으로 내려올지도 몰라요.,森林里狼在嚎叫。今晚它们可能会下山到农场来。,森林裡狼在嚎叫。今晚牠們可能會下山到農場來。
MSG_WOLVES_TONIGHT,Wolves are about tonight: bring your animals in.,"Bu gece kurtlar ortalıkta, hayvanlarını içeri al.",Heute Nacht sind Wölfe unterwegs: Hol deine Tiere herein.,Esta noche rondan lobos: mete a tus animales dentro.,Des loups rôdent cette nuit : rentre tes animaux.,Stanotte ci sono lupi in giro: porta dentro i tuoi animali.,Há lobos por perto esta noite: recolha seus animais.,Этой ночью рядом волки: загони животных внутрь.,Tej nocy kręcą się wilki: zagoń zwierzęta do środka.,今夜はオオカミがうろついている。家畜を中に入れよう。,오늘 밤 늑대가 돌아다녀요. 가축을 안으로 들이세요.,今晚有狼出没，把牲畜赶进屋里吧。,今晚有狼出沒，把牲畜趕進屋裡吧。
MSG_WOLVES_LEFT,The wolves have gone back into the forest.,Kurtlar ormana geri çekildi.,Die Wölfe sind in den Wald zurückgekehrt.,Los lobos han vuelto al bosque.,Les loups sont retournés dans la forêt.,I lupi sono tornati nel bosco.,Os lobos voltaram para a floresta.,Волки ушли обратно в лес.,Wilki wróciły do lasu.,オオカミたちは森へ帰っていった。,늑대들이 숲으로 돌아갔어요.,狼群退回森林里去了。,狼群退回森林裡去了。
MSG_WOLF_PACK_FLED,You brought a wolf down: the rest of the pack fled.,"Bir kurdu yere serdin, sürünün geri kalanı kaçtı.",Du hast einen Wolf erlegt: Der Rest des Rudels ist geflohen.,Has abatido a un lobo: el resto de la manada ha huido.,Tu as abattu un loup : le reste de la meute s'est enfui.,Hai abbattuto un lupo: il resto del branco è fuggito.,Você derrubou um lobo: o resto da alcateia fugiu.,Ты одолел волка — остальная стая сбежала.,Powaliłeś wilka: reszta watahy uciekła.,オオカミを1頭倒した。残りの群れは逃げていった。,늑대 한 마리를 쓰러뜨리자 나머지 무리는 달아났어요.,你放倒了一头狼，其余的狼都逃走了。,你放倒了一頭狼，其餘的狼都逃走了。
REPORT_WOLF_KILLED,Wolves took one of your animals: %s (%s).,Kurtlar bir hayvanını kaptı: %s (%s).,Wölfe haben eines deiner Tiere gerissen: %s (%s).,Los lobos se llevaron a uno de tus animales: %s (%s).,Les loups ont emporté l'un de tes animaux : %s (%s).,I lupi hanno preso uno dei tuoi animali: %s (%s).,Os lobos levaram um dos seus animais: %s (%s).,Волки задрали одно из твоих животных: %s (%s).,Wilki porwały jedno z twoich zwierząt: %s (%s).,オオカミに家畜を1頭やられた：%s（%s）。,늑대가 가축 한 마리를 잡아갔어요: %s(%s).,狼叼走了你的一只牲畜：%s（%s）。,狼叼走了你的一隻牲畜：%s（%s）。
REPORT_WOLF_HURT,Wolves hurt one of your animals: %s (%s). Get it to the vet within a day.,Kurtlar bir hayvanını yaraladı: %s (%s). Bir gün içinde veterinere götür.,Wölfe haben eines deiner Tiere verletzt: %s (%s). Bring es binnen eines Tages zum Tierarzt.,Los lobos hirieron a uno de tus animales: %s (%s). Llévalo al veterinario antes de un día.,Les loups ont blessé l'un de tes animaux : %s (%s). Amène-le chez le vétérinaire dans la journée.,I lupi hanno ferito uno dei tuoi animali: %s (%s). Portalo dal veterinario entro un giorno.,Os lobos feriram um dos seus animais: %s (%s). Leve ao veterinário em até um dia.,Волки ранили одно из твоих животных: %s (%s). Покажи его ветеринару в течение суток.,Wilki zraniły jedno z twoich zwierząt: %s (%s). Zabierz je do weterynarza w ciągu doby.,オオカミに家畜を1頭けがさせられた：%s（%s）。1日以内に獣医へ連れて行こう。,늑대가 가축 한 마리를 다치게 했어요: %s(%s). 하루 안에 수의사에게 데려가세요.,狼咬伤了你的一只牲畜：%s（%s）。一天内带它去看兽医。,狼咬傷了你的一隻牲畜：%s（%s）。一天內帶牠去看獸醫。
REPORT_WOLF_SLAIN,You killed a wolf and the pack scattered.,"Bir kurdu öldürdün, sürü dağıldı.","Du hast einen Wolf getötet, das Rudel hat sich zerstreut.",Mataste a un lobo y la manada se dispersó.,Tu as tué un loup et la meute s'est dispersée.,Hai ucciso un lupo e il branco si è disperso.,Você matou um lobo e a alcateia se dispersou.,"Ты убил волка, и стая разбежалась.",Zabiłeś wilka i wataha się rozproszyła.,オオカミを1頭仕留め、群れは散り散りになった。,늑대 한 마리를 잡자 무리가 흩어졌어요.,你杀了一头狼，狼群四散而逃。,你殺了一頭狼，狼群四散而逃。
REPORT_WOLVES_SAFE,"Wolves came to the farm in the night, but your animals were safe.",Gece kurtlar çiftliğe indi ama hayvanların güvendeydi.,"Nachts kamen Wölfe zum Hof, aber deine Tiere waren in Sicherheit.","Por la noche vinieron lobos a la granja, pero tus animales estaban a salvo.","Des loups sont venus à la ferme cette nuit, mais tes animaux étaient en sécurité.","Di notte sono venuti i lupi alla fattoria, ma i tuoi animali erano al sicuro.","Lobos vieram à fazenda durante a noite, mas seus animais estavam seguros.","Ночью к ферме приходили волки, но твои животные были в безопасности.","W nocy na farmę przyszły wilki, ale twoje zwierzęta były bezpieczne.",夜にオオカミが農場へ来たが、家畜は無事だった。,밤에 늑대가 농장에 왔지만 가축들은 무사했어요.,夜里狼群来过农场，但你的牲畜都平安无事。,夜裡狼群來過農場，但你的牲畜都平安無事。
REPORT_WOLVES_LATER,"Wolves will come back now and then. When you hear howling in the evening, bring your animals in and shut the coop door.","Kurtlar ara sıra yine gelecek. Akşam uluma duyarsan hayvanlarını içeri al, kümesin kapısını kapat.","Die Wölfe werden ab und zu wiederkommen. Hörst du abends Heulen, hol deine Tiere herein und schließ die Stalltür.","Los lobos volverán de vez en cuando. Si oyes aullidos al anochecer, mete a tus animales y cierra la puerta del gallinero.","Les loups reviendront de temps en temps. Si tu entends hurler le soir, rentre tes animaux et ferme la porte du poulailler.","I lupi torneranno ogni tanto. Se di sera senti ululare, porta dentro gli animali e chiudi la porta del pollaio.","Os lobos voltarão de vez em quando. Se ouvir uivos à noitinha, recolha seus animais e feche a porta do galinheiro.",Волки ещё будут приходить. Услышишь вечером вой — загони животных и закрой дверь курятника.,"Wilki będą czasem wracać. Gdy wieczorem usłyszysz wycie, zagoń zwierzęta i zamknij drzwi kurnika.",オオカミはときどきまたやって来る。夕方に遠吠えが聞こえたら、家畜を中に入れて鶏小屋の扉を閉めよう。,늑대는 가끔 다시 올 거예요. 저녁에 울음소리가 들리면 가축을 들이고 닭장 문을 닫으세요.,狼群还会不时出现。傍晚听到狼嚎时，就把牲畜赶进去，关好鸡舍的门。,狼群還會不時出現。傍晚聽到狼嚎時，就把牲畜趕進去，關好雞舍的門。
SIDE_WOLVES_TITLE,Wolves,Kurtlar,Wölfe,Lobos,Loups,Lupi,Lobos,Волки,Wilki,オオカミ,늑대,狼群,狼群
SIDE_GOAL_WOLF_DOOR,"Wolves are coming: once the hens are in, shut the coop door",Kurtlar yaklaşıyor: tavuklar kümese girince kümesin kapısını kapat,"Wölfe kommen: Sind die Hühner drin, schließ die Stalltür","Se acercan lobos: cuando las gallinas entren, cierra la puerta del gallinero","Les loups approchent : une fois les poules rentrées, ferme la porte du poulailler","Arrivano i lupi: quando le galline sono dentro, chiudi la porta del pollaio","Os lobos estão chegando: quando as galinhas entrarem, feche a porta do galinheiro","Волки близко: когда куры зайдут, закрой дверь курятника","Nadchodzą wilki: gdy kury wejdą, zamknij drzwi kurnika",オオカミが近づいている：ニワトリが中に入ったら鶏小屋の扉を閉めよう,늑대가 다가와요: 닭들이 들어가면 닭장 문을 닫으세요,狼群正在逼近：等母鸡都进了鸡舍，就关上门,狼群正在逼近：等母雞都進了雞舍，就關上門
SIDE_GOAL_WOLF_SLEEP,Go home and sleep,Eve gir ve uyu,Geh nach Hause und schlaf,Ve a casa a dormir,Rentre chez toi et dors,Torna a casa e dormi,Vá para casa dormir,Иди домой и ложись спать,Wróć do domu i idź spać,家に入って眠ろう,집에 들어가서 자세요,回家睡觉,回家睡覺
SIDE_HINT_WOLF_WAIT,%d still outside: wait until they've gone in.,%d tanesi hâlâ dışarıda: içeri girmelerini bekle.,"%d sind noch draußen: Warte, bis sie drin sind.",%d siguen fuera: espera a que entren.,%d sont encore dehors : attends qu'ils soient rentrés.,%d sono ancora fuori: aspetta che entrino.,%d ainda estão lá fora: espere que entrem.,"Снаружи ещё %d: подожди, пока зайдут.","%d wciąż na zewnątrz: poczekaj, aż wejdą.",まだ%d羽が外にいる：中に入るのを待とう。,아직 %d마리가 밖에 있어요: 들어갈 때까지 기다리세요.,还有%d只在外面：等它们进去。,還有%d隻在外面：等牠們進去。
SIDE_HINT_WOLF_OPEN,The door is shut but %d are still outside: open it and let them in.,"Kapı kapalı ama %d tanesi dışarıda kaldı: kapıyı aç, içeri girsinler.","Die Tür ist zu, aber %d sind noch draußen: Mach auf und lass sie rein.",La puerta está cerrada pero %d siguen fuera: ábrela y déjalas entrar.,La porte est fermée mais %d sont encore dehors : ouvre-la pour les laisser entrer.,La porta è chiusa ma %d sono ancora fuori: aprila e falle entrare.,"A porta está fechada, mas %d ficaram do lado de fora: abra e deixe-as entrar.","Дверь закрыта, а %d остались снаружи: открой и впусти их.","Drzwi są zamknięte, a %d zostało na zewnątrz: otwórz i wpuść je.",扉は閉まっているが%d羽が外に残っている：開けて中に入れよう。,문은 닫혔지만 %d마리가 밖에 남았어요: 문을 열어 들여보내세요.,门关上了，但还有%d只在外面：打开门让它们进去。,門關上了，但還有%d隻在外面：打開門讓牠們進去。
SIDE_HINT_WOLF_SHUT,They're all inside: shut the door.,Hepsi içeride: kapıyı kapat.,Alle sind drin: Schließ die Tür.,Ya están todas dentro: cierra la puerta.,Ils sont tous rentrés : ferme la porte.,Sono tutte dentro: chiudi la porta.,Estão todas lá dentro: feche a porta.,Все внутри: закрой дверь.,Wszystkie są w środku: zamknij drzwi.,全部中に入った：扉を閉めよう。,모두 들어갔어요: 문을 닫으세요.,都进去了：把门关上。,都進去了：把門關上。
SIDE_HINT_WOLF_SLEEP,The wolves come around 22:00. Indoors you're safe.,Kurtlar 22:00 sularında gelir. İçeride güvendesin.,Die Wölfe kommen gegen 22:00. Drinnen bist du sicher.,Los lobos llegan hacia las 22:00. Dentro estás a salvo.,"Les loups arrivent vers 22:00. À l'intérieur, tu es en sécurité.",I lupi arrivano verso le 22:00. Al chiuso sei al sicuro.,Os lobos chegam por volta das 22:00. Dentro de casa você está seguro.,Волки придут около 22:00. В доме ты в безопасности.,Wilki przyjdą około 22:00. W środku jesteś bezpieczny.,オオカミは22:00ごろに来る。屋内なら安全だ。,늑대는 22:00쯤 와요. 실내에 있으면 안전해요.,狼群大约22:00到来。待在屋里就安全了。,狼群大約22:00到來。待在屋裡就安全了。
SIDE_HINT_WOLVES_HERE,The wolves are here! Stay indoors.,Kurtlar geldi! İçeride kal.,Die Wölfe sind da! Bleib drinnen.,¡Ya están aquí los lobos! Quédate dentro.,Les loups sont là ! Reste à l'intérieur.,I lupi sono qui! Resta al chiuso.,Os lobos chegaram! Fique dentro de casa.,Волки здесь! Оставайся в доме.,Wilki tu są! Zostań w środku.,オオカミが来た！屋内にいよう。,늑대가 왔어요! 실내에 있으세요.,狼群来了！待在屋里。,狼群來了！待在屋裡。
SIDE_LABEL_BED,Bed,Yatak,Bett,Cama,Lit,Letto,Cama,Кровать,Łóżko,ベッド,침대,床,床
SIDE_NOTE_WOLVES,Wolves are about tonight,Bu gece kurtlar ortalıkta,Heute Nacht sind Wölfe unterwegs,Esta noche rondan lobos,Des loups rôdent cette nuit,Stanotte ci sono lupi in giro,Há lobos por perto esta noite,Этой ночью рядом волки,Tej nocy kręcą się wilki,今夜はオオカミがうろついている,오늘 밤 늑대가 돌아다녀요,今晚有狼出没,今晚有狼出沒
SIDE_HINT_WOLVES_NOTE,Bring your animals in and shut the coop door.,"Hayvanlarını içeri al, kümesin kapısını kapat.",Hol deine Tiere herein und schließ die Stalltür.,Mete a tus animales y cierra la puerta del gallinero.,Rentre tes animaux et ferme la porte du poulailler.,Porta dentro gli animali e chiudi la porta del pollaio.,Recolha seus animais e feche a porta do galinheiro.,Загони животных и закрой дверь курятника.,Zagoń zwierzęta i zamknij drzwi kurnika.,家畜を中に入れて、鶏小屋の扉を閉めよう。,가축을 들이고 닭장 문을 닫으세요.,把牲畜赶进去，关好鸡舍的门。,把牲畜趕進去，關好雞舍的門。
SIDE_VET_TITLE,Vet,Veteriner,Tierarzt,Veterinario,Vétérinaire,Veterinario,Veterinário,Ветеринар,Weterynarz,獣医,수의사,兽医,獸醫
SIDE_GOAL_VET,Have your injured animal treated at the vet,Yaralı hayvanını veterinere tedavi ettir,Lass dein verletztes Tier beim Tierarzt behandeln,Lleva a tu animal herido al veterinario,Fais soigner ton animal blessé chez le vétérinaire,Fai curare il tuo animale ferito dal veterinario,Leve seu animal ferido para tratar no veterinário,Вылечи раненое животное у ветеринара,Zabierz rannego zwierzaka do weterynarza,けがをした家畜を獣医に治療してもらおう,다친 가축을 수의사에게 치료받게 하세요,带受伤的牲畜去兽医那里治疗,帶受傷的牲畜去獸醫那裡治療
SIDE_HINT_VET,%s is hurt: without treatment within %d hours it will die. The clinic in town is open 08:00–20:00.,%s yaralı: %d saat içinde tedavi edilmezse ölecek. Kasabadaki klinik 08:00–20:00 arası açık.,%s ist verletzt: Ohne Behandlung binnen %d Stunden stirbt es. Die Praxis im Ort hat 08:00–20:00 geöffnet.,"%s está herido: si no lo tratan en %d horas, morirá. La clínica del pueblo abre de 08:00 a 20:00.","%s est blessé : sans soins d'ici %d heures, il mourra. La clinique du village est ouverte de 08:00 à 20:00.",%s è ferito: senza cure entro %d ore morirà. La clinica in paese è aperta dalle 08:00 alle 20:00.,"%s está ferido: sem tratamento em %d horas, vai morrer. A clínica da cidade abre das 08:00 às 20:00.",%s ранен(а): без лечения в течение %d ч погибнет. Ветклиника в городке открыта с 08:00 до 20:00.,%s jest ranny(a): bez leczenia w ciągu %d godz. umrze. Lecznica w miasteczku jest otwarta 08:00–20:00.,%sがけがをしている：%d時間以内に治療しないと死んでしまう。町の動物病院は08:00〜20:00。,%s(이)가 다쳤어요: %d시간 안에 치료받지 못하면 죽어요. 마을 동물병원은 08:00~20:00에 열어요.,%s受伤了：%d小时内不治疗就会死去。镇上的兽医诊所08:00–20:00营业。,%s受傷了：%d小時內不治療就會死去。鎮上的獸醫診所08:00–20:00營業。
SIDE_LABEL_VET,Veterinary clinic,Veteriner Kliniği,Tierarztpraxis,Clínica veterinaria,Clinique vétérinaire,Clinica veterinaria,Clínica veterinária,Ветклиника,Lecznica weterynaryjna,動物病院,동물병원,兽医诊所,獸醫診所
UI_VET,VET CLINIC,VETERİNER KLİNİĞİ,TIERARZTPRAXIS,CLÍNICA VETERINARIA,CLINIQUE VÉTÉRINAIRE,CLINICA VETERINARIA,CLÍNICA VETERINÁRIA,ВЕТКЛИНИКА,KLINIKA WETERYNARYJNA,動物病院,동물병원,兽医诊所,獸醫診所
UI_VET_HINT,Dr. Selin treats your injured animals: her assistant collects them from the farm and brings them back healed,"Dr. Selin yaralı hayvanlarını tedavi eder: asistanı onları çiftlikten alır, iyileşince geri getirir",Dr. Selin behandelt deine verletzten Tiere: Ihre Assistentin holt sie vom Hof und bringt sie geheilt zurück,La Dra. Selin cura a tus animales heridos: su asistente los recoge en la granja y los trae de vuelta sanos,La Dre Selin soigne tes animaux blessés : son assistante vient les chercher à la ferme et les ramène guéris,La dott.ssa Selin cura i tuoi animali feriti: la sua assistente li prende alla fattoria e li riporta guariti,A Dra. Selin trata seus animais feridos: a assistente dela busca os bichos na fazenda e traz de volta curados,Доктор Селин лечит твоих раненых животных: её помощница забирает их с фермы и привозит обратно здоровыми,Dr Selin leczy twoje ranne zwierzęta: jej asystentka zabiera je z farmy i przywozi z powrotem zdrowe,セリン先生がけがをした動物を治療します。助手が農場まで迎えに行き、治ったら連れて帰ってきます,"셀린 선생님이 다친 동물을 치료해요. 조수가 농장에서 데려가고, 다 나으면 다시 데려다줘요",塞琳医生会治疗你受伤的动物：她的助手会到农场接走它们，治好后再送回来,塞琳醫生會治療你受傷的動物：她的助手會到農場接走牠們，治好後再送回來
VET_CLINIC,Yeşilova Vet Clinic,Yeşilova Veteriner Kliniği,Tierarztpraxis Yeşilova,Clínica Veterinaria Yeşilova,Clinique vétérinaire de Yeşilova,Clinica Veterinaria Yeşilova,Clínica Veterinária Yeşilova,Ветклиника Yeşilova,Klinika weterynaryjna Yeşilova,Yeşilova動物病院,Yeşilova 동물병원,Yeşilova 兽医诊所,Yeşilova 獸醫診所
ACTION_VET,Vet clinic,Veteriner kliniği,Tierarztpraxis,Clínica veterinaria,Clinique vétérinaire,Clinica veterinaria,Clínica veterinária,Ветклиника,Klinika weterynaryjna,動物病院,동물병원,兽医诊所,獸醫診所
VET_CLOSED,Closed · opens at 08:00,Kapalı · sabah 08:00'de açılır,Geschlossen · öffnet um 08:00,Cerrado · abre a las 08:00,Fermé · ouvre à 08:00,Chiuso · apre alle 08:00,Fechado · abre às 08:00,Закрыто · откроется в 08:00,Zamknięte · otwarcie o 08:00,閉院中 · 8:00に開きます,진료 끝 · 오전 8시에 열어요,已关门 · 早上 8:00 开门,已關門 · 早上 8:00 開門
VET_CLOSED_DOOR,Closed · open every day 08:00 - 20:00,Kapalı · her gün 08:00 - 20:00 arası açık,Geschlossen · täglich 08:00 - 20:00 geöffnet,Cerrado · abre todos los días de 08:00 a 20:00,Fermé · ouvert tous les jours de 08:00 à 20:00,Chiuso · aperto tutti i giorni 08:00 - 20:00,Fechado · aberto todos os dias das 08:00 às 20:00,Закрыто · открыто ежедневно с 08:00 до 20:00,Zamknięte · czynne codziennie 08:00 - 20:00,閉院中 · 毎日 8:00～20:00 診療,진료 끝 · 매일 08:00 - 20:00 진료,已关门 · 每天 08:00 - 20:00 营业,已關門 · 每天 08:00 - 20:00 營業
PERSON_VET,"Dr. Selin, the vet",Veteriner Dr. Selin,Tierärztin Dr. Selin,La veterinaria Dra. Selin,La vétérinaire Dre Selin,La veterinaria dott.ssa Selin,A veterinária Dra. Selin,Ветеринар доктор Селин,Weterynarz dr Selin,獣医のセリン先生,수의사 셀린 선생님,兽医塞琳医生,獸醫塞琳醫生
SAY_VET_1,Welcome! How are your animals doing?,"Hoş geldin! Hayvanların nasıl, iyiler mi?",Willkommen! Wie geht es deinen Tieren?,¡Bienvenido! ¿Cómo están tus animales?,Bienvenue ! Comment vont tes bêtes ?,Benvenuto! Come stanno i tuoi animali?,Bem-vindo! Como estão seus animais?,Добро пожаловать! Как твои животные?,Witaj! Jak się mają twoje zwierzęta?,いらっしゃい！動物たちは元気？,어서 와요! 동물들은 잘 지내요?,欢迎！你的动物们还好吗？,歡迎！你的動物們還好嗎？
SAY_VET_2,"If one gets hurt, don't wait: the sooner, the better.","Biri yaralanırsa bekleme, ne kadar erken o kadar iyi.","Wenn sich eins verletzt, warte nicht: je früher, desto besser.","Si alguno se lastima, no esperes: cuanto antes, mejor.","Si l'un d'eux se blesse, n'attends pas : plus tôt c'est, mieux c'est.","Se uno si fa male, non aspettare: prima è, meglio è.","Se algum se machucar, não espere: quanto antes, melhor.","Если кто-то поранится, не тяни: чем раньше, тем лучше.","Jeśli któreś się zrani, nie czekaj: im wcześniej, tym lepiej.",けがをしたら待たないでね。早いほどいいから。,다치면 기다리지 말아요. 빠를수록 좋아요.,要是有哪只受了伤，别拖着，越早越好。,要是有哪隻受了傷，別拖著，越早越好。
VET_INJURED,Injured animals,Yaralı hayvanlar,Verletzte Tiere,Animales heridos,Animaux blessés,Animali feriti,Animais feridos,Раненые животные,Ranne zwierzęta,けがをした動物,다친 동물,受伤的动物,受傷的動物
VET_AT_CLINIC,At the clinic,Klinikte tedavide,In der Praxis,En la clínica,À la clinique,In clinica,Na clínica,В клинике,W klinice,入院中,치료 중,在诊所治疗,在診所治療
VET_HOURS_LEFT,%d h left,%d saat kaldı,Noch %d Std.,Quedan %d h,Encore %d h,Restano %d ore,Restam %d h,Осталось %d ч,Zostało %d godz.,残り%d時間,%d시간 남음,还剩 %d 小时,還剩 %d 小時
VET_LESS_THAN_HOUR,Less than an hour left,1 saatten az kaldı,Weniger als eine Stunde,Queda menos de una hora,Moins d'une heure,Meno di un'ora,Menos de uma hora,Меньше часа,Mniej niż godzina,残り1時間未満,1시간도 안 남음,不到 1 小时,不到 1 小時
VET_TREATMENT_HOURS,Treatment takes %s h,Tedavi %s saat sürer,Behandlung dauert %s Std.,El tratamiento dura %s h,Le traitement dure %s h,La cura dura %s ore,O tratamento leva %s h,Лечение займёт %s ч,Leczenie trwa %s godz.,治療は%s時間,치료는 %s시간 걸려요,治疗需要 %s 小时,治療需要 %s 小時
VET_TREAT,Treat,Tedavi ettir,Behandeln lassen,Tratar,Faire soigner,Fai curare,Tratar,Вылечить,Lecz,治療する,치료하기,治疗,治療
VET_SHORT,%s short,%s eksik,Es fehlen %s,Faltan %s,Il manque %s,Mancano %s,Faltam %s,Не хватает %s,Brakuje %s,%s足りません,%s 부족해요,还差 %s,還差 %s
VET_RETURNS,Back at the farm at %s,Çiftliğe dönüş: %s,Zurück auf dem Hof um %s,Vuelve a la granja a las %s,De retour à la ferme à %s,Torna alla fattoria alle %s,Volta à fazenda às %s,Вернётся на ферму в %s,Wróci na farmę o %s,%sに農場へ戻ります,%s에 농장으로 돌아와요,%s 回到农场,%s 回到農場
VET_RETURNS_SOON,Back at the farm today,Bugün çiftliğe dönecek,Kommt heute auf den Hof zurück,Vuelve hoy a la granja,Revient à la ferme aujourd'hui,Torna oggi alla fattoria,Volta hoje para a fazenda,Вернётся на ферму сегодня,Wróci dziś na farmę,今日中に農場へ戻ります,오늘 농장으로 돌아와요,今天回到农场,今天回到農場
VET_IN_TREATMENT,In treatment,Tedavide,In Behandlung,En tratamiento,En soins,In cura,Em tratamento,На лечении,W leczeniu,治療中,치료 중,治疗中,治療中
VET_INJURED_TAG,Injured,Yaralı,Verletzt,Herido,Blessé,Ferito,Ferido,Ранен,Ranny,けが,부상,受伤,受傷
VET_EMPTY,All your animals are healthy.,Tüm hayvanların sağlıklı.,Alle deine Tiere sind gesund.,Todos tus animales están sanos.,Tous tes animaux sont en bonne santé.,Tutti i tuoi animali stanno bene.,Todos os seus animais estão saudáveis.,Все твои животные здоровы.,Wszystkie twoje zwierzęta są zdrowe.,動物たちはみんな元気です。,동물들이 모두 건강해요.,你的动物都很健康。,你的動物都很健康。
VET_EMPTY_HINT,"If one ever gets hurt, come by within a day: my assistant will collect it from the farm.",Bir gün biri yaralanırsa bir gün içinde uğra; asistanım onu çiftlikten alır.,"Falls sich mal eins verletzt, komm innerhalb eines Tages vorbei: Meine Assistentin holt es vom Hof.","Si alguno se lastima, ven en menos de un día: mi asistente lo recogerá en la granja.","Si l'un d'eux se blesse, passe dans la journée : mon assistante viendra le chercher à la ferme.","Se uno si fa male, passa entro un giorno: la mia assistente lo prenderà alla fattoria.","Se algum se machucar, passe aqui em até um dia: minha assistente busca o bicho na fazenda.","Если кто-то поранится, приходи в течение дня: моя помощница заберёт его с фермы.","Jeśli któreś się zrani, zajrzyj w ciągu doby: moja asystentka odbierze je z farmy.",もしけがをしたら、1日以内に来てね。助手が農場まで迎えに行くから。,혹시 다치면 하루 안에 들러요. 조수가 농장으로 데리러 갈게요.,要是哪只受了伤，一天之内过来一趟，我的助手会去农场把它接来。,要是哪隻受了傷，一天之內過來一趟，我的助手會去農場把牠接來。
VET_FEE_RULE,"The fee is %s of the animal's market price, at least %s. Treatment takes 2-3 hours; the assistant collects the animal and brings it back healed.","Ücret, hayvanın pazar fiyatının %s'i kadardır, en az %s. Tedavi 2-3 saat sürer; asistan hayvanı alır, iyileşince geri getirir.","Die Gebühr beträgt %s des Marktpreises des Tieres, mindestens %s. Die Behandlung dauert 2-3 Stunden; die Assistentin holt das Tier und bringt es geheilt zurück.","La tarifa es el %s del precio de mercado del animal, como mínimo %s. El tratamiento dura 2-3 horas; la asistente recoge al animal y lo trae de vuelta sano.","Le tarif est de %s du prix de l'animal au marché, au moins %s. Les soins durent 2 à 3 heures ; l'assistante vient chercher l'animal et le ramène guéri.","La tariffa è il %s del prezzo di mercato dell'animale, almeno %s. La cura dura 2-3 ore; l'assistente prende l'animale e lo riporta guarito.","A taxa é %s do preço de mercado do animal, no mínimo %s. O tratamento leva 2-3 horas; a assistente busca o animal e traz de volta curado.","Стоимость — %s от рыночной цены животного, не меньше %s. Лечение длится 2–3 часа; помощница забирает животное и привозит обратно здоровым.","Opłata to %s ceny rynkowej zwierzęcia, co najmniej %s. Leczenie trwa 2-3 godziny; asystentka odbiera zwierzę i przywozi je zdrowe.",料金は市場価格の%s、最低%sです。治療は2～3時間。助手が動物を迎えに行き、治ったら連れて帰ります。,"치료비는 동물 시장 가격의 %s, 최소 %s예요. 치료는 2~3시간 걸리고, 조수가 데려갔다가 다 나으면 데려다줘요.",费用为动物市价的 %s，最低 %s。治疗需要 2–3 小时；助手会接走动物，治好后送回来。,費用為動物市價的 %s，最低 %s。治療需要 2–3 小時；助手會接走動物，治好後送回來。
VET_SENT,"The assistant is on the way for %s. Back at the farm, healed, around %s.",Asistan %s için yola çıktı. Tedaviden sonra %s gibi çiftliğe getirilecek.,Die Assistentin ist unterwegs zu %s. Gegen %s ist es geheilt zurück auf dem Hof.,La asistente va de camino a por %s. Volverá sano a la granja hacia las %s.,"L'assistante part chercher %s. De retour à la ferme, guéri, vers %s.",L'assistente sta andando a prendere %s. Tornerà guarito alla fattoria verso le %s.,A assistente está indo buscar %s. Volta curado para a fazenda por volta das %s.,Помощница уже едет за %s. Вернётся на ферму здоровым около %s.,Asystentka jedzie po %s. Wróci zdrowe na farmę około %s.,助手が%sを迎えに出ました。治療後、%sごろ農場に戻ります。,조수가 %s 데리러 출발했어요. 치료가 끝나면 %s쯤 농장으로 돌아와요.,助手已经出发去接%s。治好后大约 %s 送回农场。,助手已經出發去接%s。治好後大約 %s 送回農場。
PROJECT_COOP_EXPAND,Coop Expansion,Kümes Genişletme,Stallerweiterung,Ampliación del gallinero,Agrandissement du poulailler,Ampliamento del pollaio,Ampliação do galinheiro,Расширение курятника,Rozbudowa kurnika,鶏小屋の増築,닭장 증축,鸡舍扩建,雞舍擴建
PROJECT_COOP_EXPAND_DESC,"Makes one of your coops longer: room for 6 more birds, two more nest boxes, a bigger feeder and waterer. A coop can be enlarged twice.","Kümeslerinden birini uzatır: 6 kuşluk daha yer, iki folluk daha, daha büyük yemlik ve suluk. Bir kümes iki kez genişletilebilir.","Verlängert einen deiner Ställe: Platz für 6 Vögel mehr, zwei Legenester mehr, ein größerer Futter- und Wassertrog. Ein Stall lässt sich zweimal erweitern.","Alarga uno de tus gallineros: sitio para 6 aves más, dos nidales más y un comedero y un bebedero más grandes. Cada gallinero se puede ampliar dos veces.","Allonge un de tes poulaillers : de la place pour 6 volailles de plus, deux pondoirs de plus, une mangeoire et un abreuvoir plus grands. Un poulailler peut être agrandi deux fois.","Allunga uno dei tuoi pollai: posto per altri 6 volatili, due nidi in più, mangiatoia e abbeveratoio più grandi. Un pollaio si può ampliare due volte.","Aumenta um dos seus galinheiros: espaço para mais 6 aves, mais dois ninhos, comedouro e bebedouro maiores. Cada galinheiro pode ser ampliado duas vezes.","Удлиняет один из твоих курятников: место ещё для 6 птиц, два новых гнезда, кормушка и поилка побольше. Курятник можно расширить дважды.","Wydłuża jeden z twoich kurników: miejsce na 6 ptaków więcej, dwa gniazda więcej, większe karmidło i poidło. Kurnik można rozbudować dwa razy.",鶏小屋をひとつ延長します。6羽分の場所と産卵箱2つが増え、エサ桶と水桶も大きくなります。1つの鶏小屋は2回まで増築できます。,"닭장 하나를 길게 늘려요. 6마리가 더 지낼 자리와 산란상 2개가 생기고, 모이통과 물통도 커져요. 닭장 하나는 두 번까지 늘릴 수 있어요.",把你的一座鸡舍加长：多出 6 只家禽的位置和两个产蛋箱，食槽和水槽也更大。每座鸡舍最多可扩建两次。,把你的一座雞舍加長：多出 6 隻家禽的位置和兩個產蛋箱，食槽和水槽也更大。每座雞舍最多可擴建兩次。
COOP_NUMBER,Coop %d,Kümes %d,Stall %d,Gallinero %d,Poulailler %d,Pollaio %d,Galinheiro %d,Курятник %d,Kurnik %d,鶏小屋%d,닭장 %d,鸡舍 %d,雞舍 %d
COOP_LARGEST,At its largest,En büyük hâlinde,Schon am größten,Ya está al máximo,Déjà au maximum,Già al massimo,Já no tamanho máximo,Уже максимальный,Już największy,最大サイズ,최대 크기,已是最大,已是最大
COOP_EXPANDING,Being enlarged,Genişletiliyor,Wird erweitert,En ampliación,En agrandissement,In ampliamento,Em ampliação,Расширяется,W rozbudowie,増築中,증축 중,扩建中,擴建中
COOP_STILL_BUILDING,Still going up,Yapımı sürüyor,Noch im Bau,Aún en obras,Encore en chantier,Ancora in costruzione,Ainda em obras,Ещё строится,Jeszcze w budowie,建設中,아직 공사 중,尚在建造,尚在建造
BUILD_EXPAND_THIS,Coop to enlarge,Genişletilecek kümes,Zu erweiternder Stall,Gallinero a ampliar,Poulailler à agrandir,Pollaio da ampliare,Galinheiro a ampliar,Какой курятник расширить,Kurnik do rozbudowy,増築する鶏小屋,증축할 닭장,要扩建的鸡舍,要擴建的雞舍
BUILD_EXPAND_PICK,Pick a coop,Bir kümes seç,Wähle einen Stall,Elige un gallinero,Choisis un poulailler,Scegli un pollaio,Escolha um galinheiro,Выбери курятник,Wybierz kurnik,鶏小屋を選ぶ,닭장 선택,选择鸡舍,選擇雞舍
BUILD_EXPAND_BIRDS,%d / %d birds,%d / %d kuş,%d / %d Vögel,%d / %d aves,%d / %d volailles,%d / %d volatili,%d / %d aves,птиц: %d / %d,ptaki: %d / %d,%d / %d羽,%d / %d마리,%d / %d 只,%d / %d 隻
BUILD_EXPAND_LEVEL,Enlarged %d/%d,Genişletme %d/%d,Erweitert %d/%d,Ampliado %d/%d,Agrandi %d/%d,Ampliato %d/%d,Ampliado %d/%d,Расширен %d/%d,Rozbudowa %d/%d,増築 %d/%d,증축 %d/%d,扩建 %d/%d,擴建 %d/%d
BUILD_EXPAND_DISTANCE,%d m from the house,evden %d m,%d m vom Haus,a %d m de la casa,à %d m de la maison,a %d m da casa,a %d m da casa,%d м от дома,%d m od domu,家から%d m,집에서 %dm,距房子 %d 米,距房子 %d 公尺
BUILD_EXPAND_CHANGE,Room: %d → %d birds · Nest boxes: %d → %d,Yer: %d → %d kuş · Folluk: %d → %d,Platz: %d → %d Vögel · Legenester: %d → %d,Espacio: %d → %d aves · Nidales: %d → %d,Place : %d → %d volailles · Pondoirs : %d → %d,Posti: %d → %d volatili · Nidi: %d → %d,Espaço: %d → %d aves · Ninhos: %d → %d,Место: %d → %d птиц · Гнёзда: %d → %d,Miejsce: %d → %d ptaków · Gniazda: %d → %d,収容数：%d → %d羽 · 産卵箱：%d → %d,수용: %d → %d마리 · 산란상: %d → %d,容量：%d → %d 只 · 产蛋箱：%d → %d,容量：%d → %d 隻 · 產蛋箱：%d → %d
BUILD_SHOW,Show,Göster,Zeigen,Mostrar,Montrer,Mostra,Mostrar,Показать,Pokaż,表示,보기,显示,顯示
BUILD_EXPAND,ENLARGE,GENİŞLET,ERWEITERN,AMPLIAR,AGRANDIR,AMPLIA,AMPLIAR,РАСШИРИТЬ,ROZBUDUJ,増築する,증축,扩建,擴建
BUILD_NEEDS_COOP,"A coop of your own, put up from a kit",Kitten kurulmuş bir kümes,Ein eigener Stall aus dem Bausatz,"Un gallinero propio, montado con el kit","Un poulailler à toi, monté avec le kit","Un pollaio tuo, montato dal kit","Um galinheiro seu, montado com o kit","Свой курятник, собранный из комплекта",Własny kurnik postawiony z zestawu,キットで建てた自分の鶏小屋,키트로 지은 내 닭장,一座用套件搭起的鸡舍,一座用套件搭起的雞舍
MSG_COOP_EXPANDING,%s is being enlarged: about a minute.,%s genişletiliyor: bir dakika kadar sürer.,%s wird erweitert: etwa eine Minute.,Ampliando %s: cerca de un minuto.,%s s'agrandit : environ une minute.,%s in ampliamento: circa un minuto.,Ampliando %s: cerca de um minuto.,%s расширяется: примерно минута.,%s w rozbudowie: około minuty.,%sを増築中：1分ほどかかります。,%s 증축 중: 1분 정도 걸려요.,%s扩建中：大约需要一分钟。,%s擴建中：大約需要一分鐘。
MSG_COOP_EXPANDED,%s is bigger now: room for %d birds.,%s büyüdü: artık %d kuşluk yer var.,%s ist jetzt größer: Platz für %d Vögel.,%s ya es más grande: caben %d aves.,%s est plus grand : place pour %d volailles.,%s ora è più grande: posto per %d volatili.,%s ficou maior: espaço para %d aves.,%s стал больше: место для %d птиц.,%s jest teraz większy: miejsce na %d ptaków.,%sが広くなりました。%d羽まで入れます。,%s 크기가 커졌어요. 이제 %d마리가 지낼 수 있어요.,%s变大了：现在能容纳 %d 只。,%s變大了：現在能容納 %d 隻。
ITEM_FEED_BIG,Big Feed Sack,Büyük Yem Çuvalı,Großer Futtersack,Saco grande de pienso,Grand sac d'aliments,Sacco grande di mangime,Saco grande de ração,Большой мешок корма,Duży worek paszy,大袋のエサ,대용량 사료 포대,大袋饲料,大袋飼料
ITEM_HAY_BIG,Big Hay Bale,Büyük Saman Balyası,Großer Heuballen,Paca grande de heno,Grosse botte de foin,Grande balla di fieno,Fardo grande de feno,Большой тюк сена,Duża bela siana,大きな干し草の束,큰 건초 더미,大捆干草,大捆乾草
DESC_FEED_BIG,"A big sack of chicken feed. Tipped into the coop feeder, it fills it right up in one go.",Kocaman bir çuval tavuk yemi. Kümesteki yemliğe boşaltınca tek seferde ağzına kadar doldurur.,"Ein großer Sack Hühnerfutter. In den Futtertrog im Hühnerstall gekippt, füllt er ihn auf einmal randvoll.","Un saco grande de alimento para gallinas. Vaciado en el comedero del gallinero, lo llena hasta arriba de una vez.","Un grand sac de nourriture pour poules. Versé dans la mangeoire du poulailler, il la remplit à ras bord d'un coup.","Un grosso sacco di mangime per galline. Versato nella mangiatoia del pollaio, la riempie fino all'orlo in una volta.","Um saco grande de ração para galinhas. Despejado no comedouro do galinheiro, enche tudo de uma vez.","Большой мешок корма для кур. Высыпь его в кормушку в курятнике, и она заполнится доверху за один раз.",Duży worek paszy dla kur. Wsypany do karmidła w kurniku napełnia je po brzegi za jednym razem.,ニワトリのエサの大袋。鶏小屋のエサ桶にあければ、一度で満杯になります。,닭 사료가 가득 든 큰 포대예요. 닭장 먹이통에 부으면 한 번에 가득 차요.,一大袋鸡饲料。倒进鸡舍的食槽，一次就能装满。,一大袋雞飼料。倒進雞舍的食槽，一次就能裝滿。
DESC_HAY_BIG,"A big bale of hay. Broken into the barn trough, it fills it right up in one go.",Kocaman bir saman balyası. Ahırdaki yemliğe açınca tek seferde ağzına kadar doldurur.,"Ein großer Heuballen. Im Futtertrog im Stall verteilt, füllt er ihn auf einmal randvoll.","Una paca grande de heno. Deshecha en el comedero del establo, lo llena hasta arriba de una vez.","Une grosse botte de foin. Défaite dans l'auge de l'étable, elle la remplit à ras bord d'un coup.","Una grande balla di fieno. Sciolta nella mangiatoia della stalla, la riempie fino all'orlo in una volta.","Um fardo grande de feno. Desfeito no cocho do estábulo, enche tudo de uma vez.","Большой тюк сена. Разложи его в кормушке в хлеву, и она заполнится доверху за один раз.",Duża bela siana. Rozłożona w korycie w oborze napełnia je po brzegi za jednym razem.,干し草の大きな束。家畜小屋のエサ桶にほぐして入れれば、一度で満杯になります。,큰 건초 더미예요. 외양간 여물통에 풀어 넣으면 한 번에 가득 차요.,一大捆干草。拆开放进畜棚的食槽，一次就能装满。,一大捆乾草。拆開放進畜舍的食槽，一次就能裝滿。
ITEM_FLOWER_BOUQUET,Bunch of Flowers,Çiçek Buketi,Blumenstrauß,Ramo de flores,Bouquet de fleurs,Mazzo di fiori,Buquê de flores,Букет цветов,Bukiet kwiatów,花束,꽃다발,花束,花束
DESC_FLOWER_BOUQUET,"Daisies, poppies and cornflowers wrapped in kraft paper.","Kraft kâğıda sarılmış papatya, gelincik ve peygamber çiçekleri.","Margeriten, Mohn und Kornblumen in Packpapier.","Margaritas, amapolas y acianos envueltos en papel kraft.","Marguerites, coquelicots et bleuets dans du papier kraft.","Margherite, papaveri e fiordalisi avvolti in carta kraft.","Margaridas, papoulas e centáureas embrulhadas em papel kraft.","Ромашки, маки и васильки в крафтовой бумаге.","Stokrotki, maki i chabry w szarym papierze.",クラフト紙に包んだヒナギク、ケシ、ヤグルマギク。,"크라프트지에 싼 데이지, 양귀비, 수레국화.",用牛皮纸包着的雏菊、虞美人和矢车菊。,用牛皮紙包著的雛菊、虞美人和矢車菊。
ITEM_MAILBOX,Mailbox,Mektup Kutusu,Briefkasten,Buzón,Boîte aux lettres,Cassetta delle lettere,Caixa de correio,Почтовый ящик,Skrzynka na listy,郵便受け,우편함,信箱,信箱
DESC_MAILBOX,A painted mailbox on a timber post. Put it by your house and the town can write to you.,"Ahşap direk üstünde boyalı bir mektup kutusu. Evinin önüne koy, kasaba sana mektup yazabilsin.","Ein lackierter Briefkasten auf einem Holzpfosten. Stell ihn ans Haus, dann kann dir die Stadt schreiben.",Un buzón pintado sobre un poste de madera. Ponlo junto a tu casa y el pueblo podrá escribirte.,Une boîte aux lettres peinte sur un poteau. Pose-la près de ta maison et le village pourra t'écrire.,Una cassetta dipinta su un palo di legno. Mettila vicino a casa e il paese potrà scriverti.,Uma caixa de correio pintada num poste de madeira. Coloque perto de casa e a cidade poderá te escrever.,"Крашеный почтовый ящик на деревянном столбе. Поставь у дома, и город сможет тебе писать.","Malowana skrzynka na drewnianym słupku. Postaw ją przy domu, a miasteczko będzie mogło do ciebie pisać.",木の柱に付いた塗装の郵便受け。家のそばに置けば町から手紙が届く。,나무 기둥 위의 칠한 우편함. 집 앞에 두면 마을에서 편지를 보낼 수 있다.,木柱上的漆面信箱。放在家门口，镇上的人就能给你写信。,木柱上的漆面信箱。放在家門口，鎮上的人就能給你寫信。
CAT_GIFT,Gifts,Hediyelik,Geschenke,Regalos,Cadeaux,Regali,Presentes,Подарки,Prezenty,贈り物,선물,礼物,禮物
SIDE_GOAL_MILK_BUY,Zeynep is making rice pudding: take her a bottle of milk,Zeynep sütlaç yapacak: ona bir şişe süt götür,Zeynep kocht Milchreis: Bring ihr eine Flasche Milch,Zeynep va a hacer arroz con leche: llévale una botella de leche,Zeynep fait du riz au lait : apporte-lui une bouteille de lait,Zeynep prepara il budino di riso: portale una bottiglia di latte,Zeynep vai fazer arroz-doce: leve uma garrafa de leite para ela,Зейнеп варит рисовый пудинг: отнеси ей бутылку молока,Zeynep robi pudding ryżowy: zanieś jej butelkę mleka,ゼイネップがライスプディングを作る：牛乳を1本届けよう,제이넵이 쌀 푸딩을 만든대: 우유 한 병을 가져다주자,泽伊内普要做米布丁：给她送一瓶牛奶,澤伊內普要做米布丁：給她送一瓶牛奶
SIDE_GOAL_MILK_BRING,Take the milk to Zeynep,Sütü Zeynep'e götür,Bring Zeynep die Milch,Lleva la leche a Zeynep,Apporte le lait à Zeynep,Porta il latte a Zeynep,Leve o leite para a Zeynep,Отнеси молоко Зейнеп,Zanieś mleko Zeynep,牛乳をゼイネップに届けよう,우유를 제이넵에게 가져다주자,把牛奶送给泽伊内普,把牛奶送給澤伊內普
SIDE_GOAL_FLOWERS_BUY,Zeynep's new home could use some colour: buy her a bunch of flowers,Zeynep'in yeni evine çiçek yakışır: ona bir buket çiçek al,Zeyneps neues Zuhause braucht etwas Farbe: Kauf ihr einen Blumenstrauß,A la nueva casa de Zeynep le falta color: cómprale un ramo de flores,La nouvelle maison de Zeynep manque de couleurs : achète-lui un bouquet,La nuova casa di Zeynep ha bisogno di colore: comprale un mazzo di fiori,A casa nova da Zeynep precisa de cor: compre um buquê para ela,Новому дому Зейнеп не хватает красок: купи ей букет цветов,Nowemu domowi Zeynep przyda się trochę koloru: kup jej bukiet kwiatów,ゼイネップの新居に彩りを：花束を買ってあげよう,제이넵의 새집에 꽃이 어울리겠어: 꽃다발을 사 주자,泽伊内普的新家缺点色彩：给她买一束花,澤伊內普的新家缺點色彩：給她買一束花
SIDE_GOAL_FLOWERS_BRING,Take the flowers to Zeynep,Çiçekleri Zeynep'e götür,Bring Zeynep die Blumen,Lleva las flores a Zeynep,Apporte les fleurs à Zeynep,Porta i fiori a Zeynep,Leve as flores para a Zeynep,Отнеси цветы Зейнеп,Zanieś kwiaty Zeynep,花束をゼイネップに届けよう,꽃다발을 제이넵에게 가져다주자,把花送给泽伊内普,把花送給澤伊內普
SIDE_GOAL_EGGS_BUY,Zeynep is baking a cake: take her three eggs from your hens,Zeynep kek yapacak: tavuklarından üç yumurta götür,Zeynep backt einen Kuchen: Bring ihr drei Eier von deinen Hühnern,Zeynep va a hornear un pastel: llévale tres huevos de tus gallinas,Zeynep fait un gâteau : apporte-lui trois œufs de tes poules,Zeynep prepara una torta: portale tre uova delle tue galline,Zeynep vai fazer um bolo: leve três ovos das suas galinhas,Зейнеп печёт пирог: отнеси ей три яйца от своих кур,Zeynep piecze ciasto: zanieś jej trzy jajka od twoich kur,ゼイネップがケーキを焼く：自分の鶏の卵を3個届けよう,제이넵이 케이크를 굽는대: 네 닭이 낳은 달걀 세 개를 가져다주자,泽伊内普要烤蛋糕：给她送三个你家母鸡下的蛋,澤伊內普要烤蛋糕：給她送三個你家母雞下的蛋
SIDE_GOAL_EGGS_BRING,Take the eggs to Zeynep,Yumurtaları Zeynep'e götür,Bring Zeynep die Eier,Lleva los huevos a Zeynep,Apporte les œufs à Zeynep,Porta le uova a Zeynep,Leve os ovos para a Zeynep,Отнеси яйца Зейнеп,Zanieś jajka Zeynep,卵をゼイネップに届けよう,달걀을 제이넵에게 가져다주자,把鸡蛋送给泽伊内普,把雞蛋送給澤伊內普
SIDE_GOAL_FISH_BUY,Zeynep has never tasted the pond's fish: take her a grilled one,Zeynep gölün balığını hiç tatmamış: ona pişmiş bir balık götür,Zeynep hat noch nie Fisch aus dem Teich probiert: Bring ihr einen gegrillten,Zeynep nunca ha probado el pescado del estanque: llévale uno a la brasa,Zeynep n'a jamais goûté le poisson de l'étang : apporte-lui un poisson grillé,Zeynep non ha mai assaggiato il pesce dello stagno: portagliene uno alla griglia,Zeynep nunca provou o peixe do lago: leve um grelhado para ela,Зейнеп ни разу не пробовала рыбу из пруда: отнеси ей жареную,Zeynep nigdy nie jadła ryby ze stawu: zanieś jej pieczoną,ゼイネップは池の魚を食べたことがない：焼き魚を届けよう,제이넵은 연못 물고기를 맛본 적이 없대: 구운 생선을 가져다주자,泽伊内普从没尝过池塘里的鱼：给她送一条烤鱼,澤伊內普從沒嚐過池塘裡的魚：給她送一條烤魚
SIDE_GOAL_FISH_BRING,Take the grilled fish to Zeynep,Pişmiş balığı Zeynep'e götür,Bring Zeynep den gegrillten Fisch,Lleva el pescado a la brasa a Zeynep,Apporte le poisson grillé à Zeynep,Porta il pesce alla griglia a Zeynep,Leve o peixe grelhado para a Zeynep,Отнеси жареную рыбу Зейнеп,Zanieś pieczoną rybę Zeynep,焼き魚をゼイネップに届けよう,구운 생선을 제이넵에게 가져다주자,把烤鱼送给泽伊内普,把烤魚送給澤伊內普
SIDE_GOAL_VISIT,Zeynep invited you over: drop by her place,Zeynep seni davet etti: evine uğra,Zeynep hat dich eingeladen: Schau bei ihr vorbei,Zeynep te ha invitado: pásate por su casa,Zeynep t'a invité : passe chez elle,Zeynep ti ha invitato: passa da lei,A Zeynep te convidou: passe na casa dela,Зейнеп пригласила тебя: загляни к ней,Zeynep cię zaprosiła: wpadnij do niej,ゼイネップに招かれた：家に寄ろう,제이넵이 초대했어: 집에 들러 보자,泽伊内普邀请了你：去她家坐坐,澤伊內普邀請了你：去她家坐坐
SIDE_GOAL_PUPPY,Zeynep is asking for you: Karamel has a surprise,Zeynep seni çağırıyor: Karamel'in bir sürprizi var,Zeynep möchte dich sehen: Karamel hat eine Überraschung,Zeynep te llama: Karamel tiene una sorpresa,Zeynep te demande : Karamel a une surprise,Zeynep ti cerca: Karamel ha una sorpresa,A Zeynep está te chamando: o Karamel tem uma surpresa,Зейнеп зовёт тебя: у Карамеля сюрприз,Zeynep cię woła: Karamel ma niespodziankę,ゼイネップが呼んでいる：カラメルにサプライズが,제이넵이 부르고 있어: 카라멜에게 깜짝 소식이 있대,泽伊内普在找你：卡拉梅尔有个惊喜,澤伊內普在找你：卡拉梅爾有個驚喜
SIDE_GOAL_MAILBOX,Put up a mailbox in front of your house,Evinin önüne bir mektup kutusu kur,Stell einen Briefkasten vor dein Haus,Pon un buzón delante de tu casa,Installe une boîte aux lettres devant ta maison,Metti una cassetta delle lettere davanti a casa,Instale uma caixa de correio na frente da sua casa,Поставь почтовый ящик перед домом,Postaw skrzynkę na listy przed domem,家の前に郵便受けを立てよう,집 앞에 우편함을 세우자,在家门前立一个信箱,在家門前立一個信箱
SIDE_DONE_MILK,A bottle of milk for Zeynep,Zeynep'e bir şişe süt,Eine Flasche Milch für Zeynep,Una botella de leche para Zeynep,Une bouteille de lait pour Zeynep,Una bottiglia di latte per Zeynep,Uma garrafa de leite para a Zeynep,Бутылка молока для Зейнеп,Butelka mleka dla Zeynep,ゼイネップに牛乳を1本,제이넵에게 우유 한 병,给泽伊内普的一瓶牛奶,給澤伊內普的一瓶牛奶
SIDE_DONE_FLOWERS,Flowers for Zeynep,Zeynep'e çiçek,Blumen für Zeynep,Flores para Zeynep,Des fleurs pour Zeynep,Fiori per Zeynep,Flores para a Zeynep,Цветы для Зейнеп,Kwiaty dla Zeynep,ゼイネップに花束を,제이넵에게 꽃다발,给泽伊内普的花,給澤伊內普的花
SIDE_DONE_EGGS,Eggs for Zeynep's cake,Zeynep'in keki için yumurta,Eier für Zeyneps Kuchen,Huevos para el pastel de Zeynep,Des œufs pour le gâteau de Zeynep,Uova per la torta di Zeynep,Ovos para o bolo da Zeynep,Яйца для пирога Зейнеп,Jajka na ciasto Zeynep,ゼイネップのケーキに卵を,제이넵의 케이크용 달걀,给泽伊内普做蛋糕的鸡蛋,給澤伊內普做蛋糕的雞蛋
SIDE_DONE_FISH,A grilled fish for Zeynep,Zeynep'e pişmiş balık,Ein gegrillter Fisch für Zeynep,Un pescado a la brasa para Zeynep,Un poisson grillé pour Zeynep,Un pesce alla griglia per Zeynep,Um peixe grelhado para a Zeynep,Жареная рыба для Зейнеп,Pieczona ryba dla Zeynep,ゼイネップに焼き魚を,제이넵에게 구운 생선,给泽伊内普的烤鱼,給澤伊內普的烤魚
SIDE_DONE_VISIT,Tea and cake at Zeynep's,Zeynep'te çay ve kek,Tee und Kuchen bei Zeynep,Té y pastel en casa de Zeynep,Thé et gâteau chez Zeynep,Tè e torta da Zeynep,Chá e bolo na casa da Zeynep,Чай с пирогом у Зейнеп,Herbata i ciasto u Zeynep,ゼイネップの家でお茶とケーキ,제이넵네에서 차와 케이크,在泽伊内普家喝茶吃蛋糕,在澤伊內普家喝茶吃蛋糕
SIDE_DONE_PUPPY,Karamel's pup is yours,Karamel'in yavrusu artık senin,Karamels Welpe gehört jetzt dir,El cachorro de Karamel ya es tuyo,Le chiot de Karamel est à toi,Il cucciolo di Karamel è tuo,O filhote do Karamel agora é seu,Щенок Карамеля теперь твой,Szczeniak Karamela jest teraz twój,カラメルの子犬があなたの家族に,카라멜의 강아지는 이제 네 거야,卡拉梅尔的小狗归你了,卡拉梅爾的小狗歸你了
SIDE_HINT_MILK,"Milk your own cow, or buy a bottle at the town market",Kendi ineğini sağ ya da kasaba marketinden bir şişe al,Melk deine eigene Kuh oder kauf eine Flasche auf dem Stadtmarkt,Ordeña tu vaca o compra una botella en el mercado del pueblo,Trais ta vache ou achète une bouteille au marché du village,Mungi la tua mucca o compra una bottiglia al mercato del paese,Ordenhe sua vaca ou compre uma garrafa no mercado da cidade,Подои свою корову или купи бутылку на городском рынке,Wydój swoją krowę albo kup butelkę na targu,自分の牛の乳を搾るか、町のマーケットで1本買おう,네 소의 젖을 짜거나 마을 시장에서 한 병 사자,挤自家奶牛的奶，或在镇上的市场买一瓶,擠自家乳牛的奶，或在鎮上的市場買一瓶
SIDE_HINT_EGGS,Collect eggs from your coop's nests,Kümesindeki folluklardan yumurta topla,Sammle Eier aus den Nestern deines Hühnerstalls,Recoge huevos de los nidos de tu gallinero,Ramasse des œufs dans les nids de ton poulailler,Raccogli le uova dai nidi del pollaio,Recolha ovos dos ninhos do galinheiro,Собери яйца в гнёздах курятника,Zbierz jajka z gniazd w kurniku,鶏小屋の巣から卵を集めよう,닭장 둥지에서 달걀을 모으자,从鸡舍的窝里捡鸡蛋,從雞舍的窩裡撿雞蛋
SIDE_HINT_FISH,Catch a fish in the pond and grill it on a campfire,"Gölden bir balık tut, kamp ateşinde pişir",Fang einen Fisch im Teich und grill ihn am Lagerfeuer,Pesca un pez en el estanque y ásalo en una hoguera,Pêche un poisson dans l'étang et grille-le sur un feu de camp,Pesca un pesce nello stagno e cuocilo sul fuoco da campo,Pesque um peixe no lago e grelhe na fogueira,Поймай рыбу в пруду и зажарь на костре,Złów rybę w stawie i upiecz ją przy ognisku,池で魚を釣ってキャンプファイヤーで焼こう,연못에서 물고기를 잡아 모닥불에 굽자,在池塘钓条鱼，用篝火烤熟,在池塘釣條魚，用營火烤熟
SIDE_HINT_MAILBOX_CRAFT,Make it at the workbench: %s,Çalışma masasında yap: %s,Bau ihn an der Werkbank: %s,Hazlo en el banco de trabajo: %s,Fabrique-la à l'établi : %s,Costruiscila al banco da lavoro: %s,Faça na bancada: %s,Сделай его за верстаком: %s,Zrób ją przy warsztacie: %s,作業台で作ろう：%s,작업대에서 만들자: %s,在工作台制作：%s,在工作台製作：%s
SIDE_HINT_MAILBOX_PLACE,Put it down by your front door,Ön kapının yanına koy,Stell ihn neben deine Haustür,Ponlo junto a tu puerta,Pose-la près de ta porte d'entrée,Mettila vicino alla porta di casa,Coloque perto da porta da frente,Поставь его у входной двери,Postaw ją przy drzwiach wejściowych,玄関のそばに置こう,현관문 옆에 놓자,放在家门旁边,放在家門旁邊
SIDE_MAILBOX_TITLE,Mailbox,Mektup kutusu,Briefkasten,Buzón,Boîte aux lettres,Cassetta delle lettere,Caixa de correio,Почтовый ящик,Skrzynka na listy,郵便受け,우편함,信箱,信箱
SIDE_LABEL_HOUSE,Your house,Evin,Dein Haus,Tu casa,Ta maison,Casa tua,Sua casa,Твой дом,Twój dom,あなたの家,네 집,你的家,你的家
ACTION_GIVE_MILK,Give the milk,Sütü ver,Milch geben,Dar la leche,Donner le lait,Dai il latte,Entregar o leite,Отдать молоко,Daj mleko,牛乳を渡す,우유 건네기,送上牛奶,送上牛奶
ACTION_GIVE_FLOWERS,Give the flowers,Çiçekleri ver,Blumen geben,Dar las flores,Offrir les fleurs,Dai i fiori,Entregar as flores,Подарить цветы,Daj kwiaty,花束を渡す,꽃다발 건네기,送上鲜花,送上鮮花
ACTION_GIVE_EGGS,Give the eggs,Yumurtaları ver,Eier geben,Dar los huevos,Donner les œufs,Dai le uova,Entregar os ovos,Отдать яйца,Daj jajka,卵を渡す,달걀 건네기,送上鸡蛋,送上雞蛋
ACTION_GIVE_FISH,Give the grilled fish,Pişmiş balığı ver,Gegrillten Fisch geben,Dar el pescado,Donner le poisson grillé,Dai il pesce,Entregar o peixe,Отдать рыбу,Daj rybę,焼き魚を渡す,구운 생선 건네기,送上烤鱼,送上烤魚
ACTION_READ_MAIL,Read the mail (%d new),Mektupları oku (%d yeni),Post lesen (%d neu),Leer el correo (%d nuevas),Lire le courrier (%d nouvelles),Leggi la posta (%d nuove),Ler as cartas (%d novas),Прочитать почту (%d новых),Przeczytaj pocztę (%d nowe),手紙を読む（新着%d）,편지 읽기 (새 편지 %d),阅读信件（%d封新信）,閱讀信件（%d封新信）
ACTION_CHECK_MAIL,Look through the letters,Mektuplara bak,Briefe ansehen,Ver las cartas,Regarder les lettres,Guarda le lettere,Ver as cartas,Посмотреть письма,Przejrzyj listy,手紙を見る,편지 보기,看看信件,看看信件
ZEYNEP_MILK_PLAYER,"Here's the milk you wanted, fresh.","İstediğin süt, taptaze.","Hier ist die Milch, ganz frisch.","Aquí tienes la leche, bien fresca.","Voilà le lait, tout frais.","Ecco il latte, freschissimo.","Aqui está o leite, fresquinho.","Вот молоко, совсем свежее.","Proszę, mleko, świeżutkie.",頼まれた牛乳、新鮮だよ。,"부탁한 우유야, 아주 신선해.",你要的牛奶，新鲜的。,你要的牛奶，新鮮的。
ZEYNEP_MILK_1,"Perfect! The pudding will be ready tonight, and I'm saving you a bowl.","Harika! Sütlaç akşama hazır, sana da bir kase ayırıyorum.","Perfekt! Heute Abend ist der Milchreis fertig, und ich heb dir eine Schüssel auf.",¡Perfecto! El arroz con leche estará esta noche y te guardo un cuenco.,"Parfait ! Le riz au lait sera prêt ce soir, je t'en garde un bol.","Perfetto! Il budino sarà pronto stasera, te ne tengo una ciotola.","Perfeito! O arroz-doce fica pronto à noite, e vou guardar uma tigela para você.","Отлично! К вечеру пудинг будет готов, а тебе я оставлю миску.","Idealnie! Pudding będzie gotowy wieczorem, odłożę ci miseczkę.",完璧！プディングは今夜できるから、あなたの分も取っておくね。,완벽해! 푸딩은 오늘 밤에 완성되니까 네 몫도 한 그릇 남겨 둘게.,太好了！米布丁今晚就做好，给你留一碗。,太好了！米布丁今晚就做好，給你留一碗。
ZEYNEP_MILK_2,"Thank you, neighbour. See you soon!",Sağ ol komşu. Yakında görüşürüz!,"Danke, Nachbar. Bis bald!","Gracias, vecino. ¡Hasta pronto!","Merci, voisin. À bientôt !","Grazie, vicino. A presto!","Obrigada, vizinho. Até logo!","Спасибо, сосед. До скорого!","Dzięki, sąsiedzie. Do zobaczenia!",ありがとう、お隣さん。またね！,"고마워, 이웃. 또 보자!",谢谢你，邻居。回头见！,謝謝你，鄰居。回頭見！
ZEYNEP_FLOWERS_PLAYER,"These are for you, for the new house.","Bunlar senin için, yeni evine.","Die sind für dich, fürs neue Haus.","Son para ti, para la casa nueva.","C'est pour toi, pour la nouvelle maison.","Sono per te, per la casa nuova.","São para você, para a casa nova.","Это тебе, для нового дома.","To dla ciebie, do nowego domu.",これ、新しい家にどうぞ。,새집에 놓으라고 가져왔어.,这是给你的，装点新家。,這是給你的，裝點新家。
ZEYNEP_FLOWERS_1,Flowers? For me? Oh... they're lovely. They're going right by the window.,Çiçek mi? Bana mı? Ah... çok güzeller. Hemen pencerenin önüne koyuyorum.,Blumen? Für mich? Oh... die sind wunderschön. Die kommen gleich ans Fenster.,¿Flores? ¿Para mí? Ay... son preciosas. Van directas a la ventana.,Des fleurs ? Pour moi ? Oh... elles sont magnifiques. Je les mets tout de suite à la fenêtre.,Fiori? Per me? Oh... sono bellissimi. Li metto subito alla finestra.,Flores? Para mim? Ah... são lindas. Vou pôr agora mesmo na janela.,Цветы? Мне? Ох... какие красивые. Сразу поставлю на окно.,Kwiaty? Dla mnie? Och... są śliczne. Od razu stawiam je w oknie.,花？私に？わあ…きれい。すぐ窓辺に飾るね。,꽃? 나한테? 와... 정말 예쁘다. 바로 창가에 둘게.,花？给我的？哇……真美。我马上把它放到窗边。,花？給我的？哇……真美。我馬上把它放到窗邊。
ZEYNEP_FLOWERS_2,You've made my whole day. Thank you!,Bütün günümü güzelleştirdin. Teşekkür ederim!,Du hast mir den ganzen Tag verschönert. Danke!,Me has alegrado el día entero. ¡Gracias!,Tu as illuminé ma journée. Merci !,Mi hai rallegrato la giornata. Grazie!,Você fez o meu dia. Obrigada!,Ты мне весь день украсил. Спасибо!,Rozjaśniłeś mi cały dzień. Dziękuję!,一日中幸せな気分だよ。ありがとう！,덕분에 하루가 다 행복해. 고마워!,你让我一整天都开心。谢谢！,你讓我一整天都開心。謝謝！
ZEYNEP_EGGS_PLAYER,"Three eggs fresh from my hens, for your cake.",Kekin için tavuklarımdan taze üç yumurta.,"Drei frische Eier von meinen Hühnern, für deinen Kuchen.","Tres huevos frescos de mis gallinas, para tu pastel.","Trois œufs frais de mes poules, pour ton gâteau.","Tre uova fresche delle mie galline, per la tua torta.","Três ovos fresquinhos das minhas galinhas, para o seu bolo.","Три свежих яйца от моих кур, для твоего пирога.","Trzy świeże jajka od moich kur, na twoje ciasto.",ケーキ用に、うちの鶏の新鮮な卵を3個。,케이크에 쓰라고 우리 닭이 낳은 신선한 달걀 세 개.,给你做蛋糕，我家母鸡下的三个新鲜鸡蛋。,給你做蛋糕，我家母雞下的三個新鮮雞蛋。
ZEYNEP_EGGS_1,Still warm! Your hens are spoiling us. This cake is going to be wonderful.,Daha sıcacık! Tavukların bizi şımartıyor. Bu kek harika olacak.,Noch warm! Deine Hühner verwöhnen uns. Der Kuchen wird herrlich.,¡Aún calientes! Tus gallinas nos miman. Este pastel va a quedar buenísimo.,Encore tièdes ! Tes poules nous gâtent. Ce gâteau va être merveilleux.,Ancora calde! Le tue galline ci viziano. Questa torta sarà meravigliosa.,Ainda quentinhos! Suas galinhas estão nos mimando. Esse bolo vai ficar maravilhoso.,Ещё тёплые! Твои куры нас балуют. Пирог выйдет чудесный.,Jeszcze ciepłe! Twoje kury nas rozpieszczają. To ciasto będzie cudowne.,まだ温かい！あなたの鶏には甘やかされっぱなし。きっと素敵なケーキになるよ。,아직 따뜻해! 네 닭들이 우릴 호강시켜 주네. 케이크 정말 맛있겠다.,还是温的！你家母鸡太宠我们了。这个蛋糕一定很棒。,還是溫的！你家母雞太寵我們了。這個蛋糕一定很棒。
ZEYNEP_EGGS_2,"I'll bring you a slice, I promise. Bye!","Sana bir dilim getireceğim, söz. Hoşça kal!","Ich bring dir ein Stück vorbei, versprochen. Tschüss!","Te traeré un trozo, lo prometo. ¡Adiós!","Je t'apporterai une part, promis. Salut !","Te ne porto una fetta, promesso. Ciao!","Vou te levar uma fatia, prometo. Tchau!","Принесу тебе кусочек, обещаю. Пока!","Przyniosę ci kawałek, obiecuję. Pa!",一切れ持っていくね、約束。じゃあね！,"한 조각 갖다줄게, 약속. 안녕!",我会给你送一块来，说好了。再见！,我會給你送一塊來，說好了。再見！
ZEYNEP_FISH_PLAYER,"From the pond by my house, straight off the fire.","Evimin yanındaki gölden, ateşten yeni indi.","Aus dem Teich bei meinem Haus, frisch vom Feuer.","Del estanque junto a mi casa, recién salido del fuego.","De l'étang près de chez moi, tout juste sorti du feu.","Dallo stagno vicino a casa mia, appena tolto dal fuoco.","Do lago perto de casa, acabou de sair do fogo.","Из пруда у моего дома, прямо с огня.","Ze stawu przy moim domu, prosto z ognia.",うちのそばの池の魚、焼きたてだよ。,"우리 집 옆 연못에서 잡았어, 방금 구웠어.",我家旁边池塘的鱼，刚烤好。,我家旁邊池塘的魚，剛烤好。
ZEYNEP_FISH_1,"Mmm, it smells wonderful! Look, Karamel is already sitting up and begging.","Mmm, mis gibi kokuyor! Bak, Karamel şimdiden oturmuş, dileniyor.","Mmh, das duftet herrlich! Schau, Karamel sitzt schon da und bettelt.","¡Mmm, qué bien huele! Mira, Karamel ya está sentado pidiendo.","Mmm, ça sent divinement bon ! Regarde, Karamel est déjà assis à quémander.","Mmm, che profumo! Guarda, Karamel è già seduto a chiedere.","Hum, que cheiro maravilhoso! Olha, o Karamel já está sentado pedindo.","М-м, как пахнет! Смотри, Карамель уже сидит и выпрашивает.","Mmm, ależ pachnie! Patrz, Karamel już siedzi i żebrze.",うーん、いい匂い！見て、カラメルがもうお座りしておねだりしてる。,"음, 냄새 정말 좋다! 봐, 카라멜이 벌써 앉아서 조르고 있어.",嗯，好香！你看，卡拉梅尔已经坐好在讨吃的了。,嗯，好香！你看，卡拉梅爾已經坐好在討吃的了。
ZEYNEP_FISH_2,"Dinner's sorted, thanks to you. See you!","Akşam yemeği hazır, sayende. Görüşürüz!","Das Abendessen ist gerettet, dank dir. Bis dann!","La cena resuelta, gracias a ti. ¡Nos vemos!","Le dîner est réglé, grâce à toi. À plus !","La cena è sistemata, grazie a te. Ci vediamo!","O jantar está resolvido, graças a você. Até mais!","Ужин готов, благодаря тебе. До встречи!","Kolacja załatwiona, dzięki tobie. Na razie!",おかげで晩ごはんが決まったよ。またね！,덕분에 저녁 해결했어. 또 봐!,晚饭有着落了，多亏你。回见！,晚飯有著落了，多虧你。回見！
ZEYNEP_VISIT_PLAYER,"You invited me, so here I am!","Davet ettin, geldim işte!","Du hast mich eingeladen, da bin ich!","Me invitaste, ¡así que aquí estoy!","Tu m'as invité, me voilà !","Mi hai invitato, eccomi qui!","Você me convidou, então aqui estou!","Ты меня пригласила, вот и я!","Zaprosiłaś mnie, więc jestem!",招待してくれたから、来たよ！,초대해 줘서 왔어!,你邀请我，我就来啦！,你邀請我，我就來啦！
ZEYNEP_VISIT_1,"You came! Come in, the tea has just brewed and the cake is still warm.","Geldin! Gel, çay yeni demlendi, kek de hâlâ sıcak.","Du bist da! Komm, der Tee ist gerade fertig und der Kuchen noch warm.","¡Viniste! Pasa, el té acaba de reposar y el pastel aún está caliente.","Tu es venu ! Viens, le thé vient d'infuser et le gâteau est encore chaud.","Sei venuto! Vieni, il tè è appena pronto e la torta è ancora calda.","Você veio! Entra, o chá acabou de ficar pronto e o bolo ainda está quente.","Пришёл! Заходи, чай только заварился, а пирог ещё тёплый.","Przyszedłeś! Wchodź, herbata właśnie się zaparzyła, a ciasto jest jeszcze ciepłe.",来てくれた！どうぞ、お茶が入ったところで、ケーキもまだ温かいよ。,"왔구나! 들어와, 차도 방금 우렸고 케이크도 아직 따뜻해.",你来啦！快进来，茶刚泡好，蛋糕还热着呢。,你來啦！快進來，茶剛泡好，蛋糕還熱著呢。
ZEYNEP_VISIT_2,"It's so nice having a friend here. Come again, all right?","Burada bir dostum olması çok güzel. Yine gel, olur mu?","Es ist so schön, hier einen Freund zu haben. Komm wieder, ja?","Qué bonito es tener un amigo aquí. Vuelve pronto, ¿vale?","C'est si bon d'avoir un ami ici. Reviens, d'accord ?","È così bello avere un amico qui. Torna presto, va bene?","É tão bom ter um amigo aqui. Volte sempre, tá?","Как хорошо, что у меня здесь есть друг. Приходи ещё, ладно?","Tak miło mieć tu przyjaciela. Wpadaj znowu, dobrze?",ここに友達がいるって本当にうれしい。また来てね？,"여기 친구가 있다는 게 정말 좋아. 또 와, 알았지?",在这里有个朋友真好。下次再来，好吗？,在這裡有個朋友真好。下次再來，好嗎？
ZEYNEP_PUPPY_1,You came! Guess what... Karamel's a dad! One of the pups has just been weaned.,Geldin! Bil bakalım ne oldu... Karamel'in yavruları oldu! Biri sütten de kesildi.,Du bist da! Rate mal... Karamel ist Papa geworden! Einer der Welpen ist gerade entwöhnt.,¡Viniste! Adivina... ¡Karamel es papá! Uno de los cachorros acaba de dejar la leche.,Tu es venu ! Devine... Karamel est papa ! L'un des chiots vient d'être sevré.,Sei venuto! Indovina... Karamel è diventato papà! Uno dei cuccioli è appena svezzato.,Você veio! Adivinha... o Karamel virou pai! Um dos filhotes acabou de desmamar.,Пришёл! Угадай... Карамель стал папой! Одного щенка как раз отлучили от молока.,Przyszedłeś! Zgadnij... Karamel został tatą! Jeden szczeniak właśnie przestał ssać.,来てくれた！聞いて…カラメルがパパになったの！子犬の1匹が乳離れしたところ。,왔구나! 있잖아... 카라멜이 아빠가 됐어! 강아지 한 마리가 막 젖을 뗐어.,你来啦！猜猜看……卡拉梅尔当爸爸了！有一只小狗刚断奶。,你來啦！猜猜看……卡拉梅爾當爸爸了！有一隻小狗剛斷奶。
ZEYNEP_PUPPY_2,"I'd love you to have him. You've been so good to us, and your farm has room to run.","Onu sana vermek istiyorum. Bize hep çok iyi davrandın, çiftliğinde de koşacak yer bol.","Ich möchte, dass du ihn bekommst. Du warst so gut zu uns, und auf deinem Hof hat er Platz zum Rennen.","Me encantaría que te lo quedaras. Has sido tan bueno con nosotros, y en tu granja tiene sitio para correr.","J'aimerais que tu le prennes. Tu as été si gentil avec nous, et ta ferme a de la place pour courir.","Vorrei che lo prendessi tu. Sei stato così buono con noi, e la tua fattoria ha spazio per correre.","Queria que ficasse com ele. Você foi tão bom conosco, e sua fazenda tem espaço para correr.","Я хочу отдать его тебе. Ты так добр к нам, а на ферме ему есть где бегать.","Chciałabym, żebyś go wziął. Byłeś dla nas taki dobry, a na farmie ma gdzie biegać.",この子をあなたに託したいの。ずっと良くしてくれたし、あなたの農場なら走り回れるもの。,"이 녀석을 너한테 주고 싶어. 늘 우리한테 잘해 줬고, 네 농장은 뛰어놀 데도 많잖아.",我想把它送给你。你一直对我们这么好，你的农场也有地方让它跑。,我想把牠送給你。你一直對我們這麼好，你的農場也有地方讓牠跑。
ZEYNEP_PUPPY_PLAYER,Really? I... thank you. I'll take good care of him.,Gerçekten mi? Ben... teşekkür ederim. Ona çok iyi bakacağım.,Wirklich? Ich... danke. Ich pass gut auf ihn auf.,¿De verdad? Yo... gracias. Lo cuidaré muy bien.,Vraiment ? Je... merci. Je prendrai bien soin de lui.,Davvero? Io... grazie. Me ne prenderò cura.,Sério? Eu... obrigado. Vou cuidar bem dele.,Правда? Я... спасибо. Я буду о нём заботиться.,Naprawdę? Ja... dziękuję. Będę o niego dbał.,本当に？あ…ありがとう。大切に育てるよ。,정말? 나... 고마워. 잘 돌볼게.,真的吗？我……谢谢你。我会好好照顾它的。,真的嗎？我……謝謝你。我會好好照顧牠的。
ZEYNEP_PUPPY_3,"I know you will. He's little, so be patient: he'll learn more as he grows.","Biliyorum. Daha küçük, sabırlı ol: büyüdükçe daha çok şey öğrenir.","Das weiß ich. Er ist noch klein, sei geduldig: Er lernt mehr, wenn er größer wird.","Lo sé. Es pequeño, ten paciencia: aprenderá más a medida que crezca.","Je sais. Il est petit, sois patient : il apprendra en grandissant.","Lo so. È piccolo, abbi pazienza: imparerà crescendo.","Eu sei. Ele é pequeno, tenha paciência: vai aprender mais conforme crescer.","Знаю. Он ещё маленький, наберись терпения: подрастёт и научится большему.","Wiem. Jest mały, bądź cierpliwy: im starszy, tym więcej się nauczy.",わかってる。まだ小さいから気長にね。大きくなるほどいろいろ覚えるよ。,알아. 아직 작으니까 참을성 있게 해 줘. 크면서 더 많이 배울 거야.,我知道。它还小，要有耐心：长大了就会学会更多。,我知道。牠還小，要有耐心：長大了就會學會更多。
MSG_ZEYNEP_PUPPY_CALL,"Zeynep: ""Karamel has a pup, just weaned, and I'd like you to have him. Come by!""","Zeynep: ""Karamel'in yavrusu oldu, sütten de kesildi; onu sana vermek istiyorum. Uğrar mısın?""","Zeynep: „Karamel hat einen Welpen, gerade entwöhnt, und ich möchte ihn dir geben. Komm vorbei!“",Zeynep: «Karamel tiene un cachorro recién destetado y quiero dártelo. ¡Pásate!»,"Zeynep : « Karamel a un chiot tout juste sevré, et j'aimerais te le donner. Passe me voir ! »",Zeynep: «Karamel ha un cucciolo appena svezzato e vorrei dartelo. Passa da me!»,"Zeynep: ""O Karamel tem um filhote que acabou de desmamar, e quero dar para você. Passe aqui!""","Зейнеп: «У Карамеля щенок, его только отлучили, и я хочу отдать его тебе. Заходи!»","Zeynep: „Karamel ma szczeniaka, właśnie odstawionego, i chcę ci go dać. Wpadnij!”",ゼイネップ「カラメルの子犬が乳離れしたの。あなたにもらってほしい。寄ってね！」,"제이넵: ""카라멜 강아지가 막 젖을 뗐어. 너한테 주고 싶어. 들러 줘!""",泽伊内普：“卡拉梅尔的小狗刚断奶，我想送给你。来一趟吧！”,澤伊內普：「卡拉梅爾的小狗剛斷奶，我想送給你。來一趟吧！」
MSG_TOWN_GIFT,%s gave you a gift: %s,%s sana bir hediye verdi: %s,%s hat dir etwas geschenkt: %s,%s te ha hecho un regalo: %s,%s t'a fait un cadeau : %s,%s ti ha fatto un regalo: %s,%s te deu um presente: %s,%s сделал тебе подарок: %s,%s dał ci prezent: %s,%sから贈り物：%s,%s의 선물: %s,%s送了你礼物：%s,%s送了你禮物：%s
MSG_MAIL_NEW,There's a new letter in your mailbox,Mektup kutunda yeni mektup var,In deinem Briefkasten liegt ein neuer Brief,Hay una carta nueva en tu buzón,Une nouvelle lettre t'attend dans ta boîte,C'è una nuova lettera nella tua cassetta,Há uma carta nova na sua caixa de correio,В почтовом ящике новое письмо,W skrzynce czeka nowy list,郵便受けに新しい手紙が届いている,우편함에 새 편지가 왔다,信箱里有新信件,信箱裡有新信件
GIFT_SAY_SHOPKEEPER,"Here you go, two eggs, on the house!","Al bakalım, iki yumurta, benden olsun!","Hier, zwei Eier, geht aufs Haus!","¡Toma, dos huevos, invita la casa!","Tiens, deux œufs, c'est la maison qui offre !","Tieni, due uova, offre la casa!","Toma, dois ovos, por conta da casa!","Держи, два яйца, за счёт заведения!","Proszę, dwa jajka, na koszt firmy!",ほら、卵2個、サービスだよ！,"자, 달걀 두 개, 서비스야!",拿着，两个鸡蛋，送你的！,拿著，兩顆雞蛋，送你的！
GIFT_SAY_ATTENDANT,"Take these two ropes, handy for the pickup!","Şu iki ipi al abi, kamyonette lazım olur!","Nimm die zwei Seile, praktisch für den Pick-up!","¡Llévate estas dos cuerdas, te vendrán bien en la camioneta!","Prends ces deux cordes, pratique pour le pick-up !","Prendi queste due corde, utili per il pick-up!","Leva essas duas cordas, úteis na picape!","Возьми две верёвки, в пикапе пригодятся!","Weź te dwie liny, przydadzą się w pikapie!",このロープ2本持っていきな、トラックで役立つよ！,"이 밧줄 두 개 가져가, 트럭에 쓸모 있을 거야!",拿着这两根绳子，皮卡上用得着！,拿著這兩條繩子，皮卡上用得著！
GIFT_SAY_SALESMAN,"Spare nails from the workshop, keep them!","Atölyeden artan çiviler, sende dursun!","Übrige Nägel aus der Werkstatt, behalt sie!","¡Clavos que sobraron del taller, quédatelos!","Des clous en trop de l'atelier, garde-les !","Chiodi avanzati dall'officina, tienili!","Pregos que sobraram da oficina, fica com eles!","Лишние гвозди из мастерской, бери!","Zbędne gwoździe z warsztatu, zatrzymaj je!",工房で余った釘だ、持っていきな！,"작업장에서 남은 못이야, 가져!",车间剩下的钉子，你留着用吧！,車間剩下的釘子，你留著用吧！
GIFT_SAY_RANCHER,"A little feed for your animals, on me!","Hayvanların için biraz yem, benden!","Etwas Futter für deine Tiere, von mir!","¡Un poco de pienso para tus animales, de mi parte!","Un peu de nourriture pour tes bêtes, c'est pour moi !","Un po' di mangime per i tuoi animali, offro io!","Um pouco de ração para seus animais, por minha conta!","Немного корма для твоих животных, от меня!","Trochę paszy dla twoich zwierząt, ode mnie!",動物たちに少し餌をどうぞ、おごりだ！,"네 동물들 먹이 좀 줄게, 내가 쏜다!",给你的牲口一点饲料，我请！,給你的牲口一點飼料，我請！
GIFT_SAY_SWEEPER,"I dug up some worms this morning, for your rod!","Abi, sabah solucan topladım, oltana takarsın!","Ich hab heute früh Würmer ausgegraben, für deine Angel!","¡Esta mañana saqué unas lombrices, para tu caña!","J'ai déterré des vers ce matin, pour ta canne !","Stamattina ho raccolto dei vermi, per la tua canna!","Peguei umas minhocas hoje cedo, para sua vara!","Утром накопал червей, для твоей удочки!","Rano wykopałem robaki, na twoją wędkę!",今朝ミミズを掘ったんだ、釣りに使って！,"아침에 지렁이를 캤어, 낚시할 때 써!",我早上挖了些蚯蚓，给你钓鱼用！,我早上挖了些蚯蚓，給你釣魚用！
GIFT_SAY_ELDER,"Here, son, a sapling. Plant it and let it grow.","Al evlat, bir fidan. Dik de büyüsün.","Hier, mein Junge, ein Setzling. Pflanz ihn ein und lass ihn wachsen.","Toma, hijo, un plantón. Plántalo y deja que crezca.","Tiens, mon fils, un jeune arbre. Plante-le et laisse-le grandir.","Tieni, figliolo, un alberello. Piantalo e lascialo crescere.","Toma, filho, uma muda. Plante e deixe crescer.","Держи, сынок, саженец. Посади, пусть растёт.","Masz, synu, sadzonkę. Posadź i niech rośnie.",ほら、苗木だ。植えて育ててごらん。,"얘야, 묘목 하나 주마. 심어서 키워 보거라.",孩子，给你一棵树苗。种下去让它长大吧。,孩子，給你一棵樹苗。種下去讓它長大吧。
GIFT_SAY_TEACHER,"My garden gave too many seeds; take some, son.","Bahçemden fazla tohum çıktı, al biraz evlat.","Mein Garten hat zu viele Samen gegeben, nimm ein paar, mein Junge.","Mi huerto dio demasiadas semillas; toma algunas, hijo.","Mon jardin a donné trop de graines ; prends-en, mon garçon.","Il mio orto ha dato troppi semi; prendine un po', figliolo.","Minha horta deu sementes demais; leve algumas, filho.","В моём саду семян слишком много; возьми, сынок.","Mój ogród dał za dużo nasion; weź trochę, synu.",庭で種が採れすぎてね。少し持っていきなさい。,내 텃밭에서 씨앗이 너무 많이 나왔네. 좀 가져가거라.,我园子里的种子太多了，拿些去吧，孩子。,我園子裡的種子太多了，拿些去吧，孩子。
GIFT_SAY_VILLAGER,"Jam I made myself, dear. Enjoy it!","Kendi yaptığım reçel evladım, afiyet olsun!","Selbst gemachte Marmelade, mein Kind. Lass sie dir schmecken!","Mermelada hecha por mí, cariño. ¡Que la disfrutes!","De la confiture maison, mon petit. Régale-toi !","Marmellata fatta da me, caro. Buon appetito!","Geleia que eu mesma fiz, querido. Aproveite!","Варенье моё, домашнее, милый. Кушай на здоровье!","Domowy dżem, kochanie. Smacznego!",手作りのジャムよ。召し上がれ！,내가 직접 만든 잼이란다. 맛있게 먹으렴!,我自己做的果酱，孩子，慢慢吃！,我自己做的果醬，孩子，慢慢吃！
GIFT_SAY_YOUNG,"Some sweetcorn bait, in case you go fishing!",Balığa çıkarsan diye biraz mısır yemi!,"Etwas Maisköder, falls du angeln gehst!","¡Un poco de cebo de maíz, por si vas a pescar!","Un peu de maïs comme appât, si tu vas pêcher !","Un po' di mais come esca, se vai a pescare!","Um pouco de isca de milho, caso vá pescar!","Немного кукурузной наживки, вдруг на рыбалку пойдёшь!","Trochę kukurydzy na przynętę, jakbyś szedł na ryby!",釣りに行くならトウモロコシの餌をどうぞ！,낚시하러 가면 쓰라고 옥수수 미끼 좀 줄게!,给你点玉米饵，钓鱼时用！,給你點玉米餌，釣魚時用！
GIFT_SAY_FARMER,Seed potatoes from my own field. Plant them!,Kendi tarlamdan tohumluk patates. Ek bakalım!,Saatkartoffeln von meinem eigenen Feld. Pflanz sie!,Patatas de siembra de mi propio campo. ¡Plántalas!,Des pommes de terre de semence de mon champ. Plante-les !,Patate da semina del mio campo. Piantale!,Batatas-semente do meu próprio campo. Plante!,Семенная картошка с моего поля. Сажай!,Sadzeniaki z mojego pola. Posadź je!,うちの畑の種芋だ。植えてみな！,내 밭에서 난 씨감자야. 심어 봐!,我自家地里的种薯，种下吧！,我自家地裡的種薯，種下吧！
MAIL_LIST_TITLE,Letters,Mektuplar,Briefe,Cartas,Lettres,Lettere,Cartas,Письма,Listy,手紙,편지,信件,信件
MAIL_EMPTY,No letters yet.,Henüz mektup yok.,Noch keine Briefe.,Aún no hay cartas.,Pas encore de lettres.,Ancora nessuna lettera.,Nenhuma carta ainda.,Писем пока нет.,Jeszcze nie ma listów.,まだ手紙はない。,아직 편지가 없다.,还没有信。,還沒有信。
MAIL_GIFT,In the envelope: %s,Zarfın içinden çıktı: %s,Im Umschlag: %s,En el sobre: %s,Dans l'enveloppe : %s,Nella busta: %s,No envelope: %s,В конверте: %s,W kopercie: %s,封筒の中身：%s,봉투 안에: %s,信封里有：%s,信封裡有：%s
MAIL_NEXT,Next letter,Sonraki mektup,Nächster Brief,Siguiente carta,Lettre suivante,Lettera successiva,Próxima carta,Следующее письмо,Następny list,次の手紙,다음 편지,下一封信,下一封信
MAIL_CLOSE,Put them away,Kapat,Weglegen,Guardar,Ranger,Metti via,Guardar,Убрать,Odłóż,しまう,넣어 두기,收起来,收起來
MAIL_THANKS_1_TITLE,"Thank you, neighbour",Sağ ol komşu,"Danke, Nachbar","Gracias, vecino","Merci, voisin","Grazie, vicino","Obrigado, vizinho","Спасибо, сосед","Dziękuję, sąsiedzie",ありがとう、お隣さん,"고마워요, 이웃",谢谢你，邻居,謝謝你，鄰居
MAIL_THANKS_1_BODY,"Every time you pass by you stop to say hello, and in a small town like ours that means a lot.|Thank you for being such a good neighbour. Come by whenever you like.",Ne zaman önümden geçsen durup selam veriyorsun; bizim gibi küçük bir kasabada bu çok şey demek.|Böyle iyi bir komşu olduğun için sağ ol. Ne zaman istersen uğra.,"Jedes Mal, wenn du vorbeikommst, bleibst du stehen und grüßt – in einer kleinen Stadt wie unserer bedeutet das viel.|Danke, dass du so ein guter Nachbar bist. Komm vorbei, wann immer du magst.","Cada vez que pasas te paras a saludar, y en un pueblo pequeño como el nuestro eso significa mucho.|Gracias por ser tan buen vecino. Pásate cuando quieras.","Chaque fois que tu passes, tu t'arrêtes pour dire bonjour, et dans un petit village comme le nôtre, ça compte beaucoup.|Merci d'être un si bon voisin. Passe quand tu veux.","Ogni volta che passi ti fermi a salutare, e in un paese piccolo come il nostro vuol dire molto.|Grazie di essere un così buon vicino. Passa quando vuoi.","Toda vez que você passa, para para dar um oi, e numa cidade pequena como a nossa isso significa muito.|Obrigado por ser um vizinho tão bom. Apareça quando quiser.","Каждый раз, проходя мимо, ты останавливаешься поздороваться, а в таком маленьком городке это много значит.|Спасибо, что ты такой хороший сосед. Заходи, когда захочешь.","Za każdym razem, gdy przechodzisz, zatrzymujesz się, żeby się przywitać, a w takim małym miasteczku jak nasze to wiele znaczy.|Dziękuję, że jesteś takim dobrym sąsiadem. Wpadaj, kiedy chcesz.",通りかかるたびに挨拶してくれるね。うちみたいな小さな町では、それが何よりうれしいんだ。|いいお隣さんでいてくれてありがとう。いつでも寄っておくれ。,지나갈 때마다 멈춰서 인사해 줘서 고마워. 우리 같은 작은 마을에선 그게 큰 의미가 있거든.|이렇게 좋은 이웃이 되어 줘서 고마워. 언제든 들러.,你每次路过都停下来打招呼，在我们这样的小镇，这可意义非凡。|谢谢你做这么好的邻居。随时来坐坐。,你每次路過都停下來打招呼，在我們這樣的小鎮，這可意義非凡。|謝謝你做這麼好的鄰居。隨時來坐坐。
MAIL_THANKS_2_TITLE,A few lines from town,Kasabadan birkaç satır,Ein paar Zeilen aus der Stadt,Unas líneas desde el pueblo,Quelques mots du village,Due righe dal paese,Algumas linhas da cidade,Пара строк из города,Kilka słów z miasteczka,町から一筆,마을에서 몇 자 적어,镇上捎来几句话,鎮上捎來幾句話
MAIL_THANKS_2_BODY,"They say in Yeşilova that the new farmer works hard and never forgets a greeting. We're glad you came.|I've put a little something in the envelope. It's nothing much, but it comes from the heart.","Yeşilova'da yeni çiftçinin çok çalışkan olduğunu, selamı hiç eksik etmediğini söylüyorlar. İyi ki geldin.|Zarfa küçük bir şey koydum. Az ama gönülden.","In Yeşilova sagt man, der neue Bauer arbeitet hart und vergisst nie einen Gruß. Wir sind froh, dass du da bist.|Ich hab dir eine Kleinigkeit in den Umschlag gelegt. Nicht viel, aber von Herzen.","En Yeşilova dicen que el nuevo granjero trabaja duro y nunca olvida saludar. Nos alegra que vinieras.|Te he metido algo en el sobre. No es mucho, pero es de corazón.","À Yeşilova, on dit que le nouveau fermier travaille dur et n'oublie jamais de saluer. On est contents que tu sois venu.|J'ai glissé un petit quelque chose dans l'enveloppe. Ce n'est pas grand-chose, mais c'est de bon cœur.","A Yeşilova dicono che il nuovo contadino lavora sodo e non dimentica mai un saluto. Siamo contenti che tu sia arrivato.|Ho messo una cosina nella busta. Non è molto, ma viene dal cuore.","Em Yeşilova dizem que o novo fazendeiro trabalha duro e nunca esquece um cumprimento. Ficamos felizes que você veio.|Coloquei uma coisinha no envelope. Não é muito, mas é de coração.","В Ешилове говорят, что новый фермер трудолюбив и всегда здоровается. Мы рады, что ты приехал.|Я вложил в конверт небольшой подарок. Немного, но от души.","W Yeşilovie mówią, że nowy farmer ciężko pracuje i nigdy nie zapomina się przywitać. Cieszymy się, że przyjechałeś.|Włożyłem coś małego do koperty. Niewiele, ale od serca.",イェシロヴァでは、新しい農家さんは働き者で挨拶を欠かさないと評判だよ。来てくれてうれしい。|封筒にちょっとしたものを入れておいた。ささやかだけど、心を込めて。,예실로바에선 새 농부가 부지런하고 인사를 빼먹지 않는다고들 해. 와 줘서 기뻐.|봉투에 작은 걸 넣었어. 별건 아니지만 마음이야.,耶希洛瓦的人都说，新来的农夫勤快，见人总会打招呼。很高兴你来了。|我在信封里放了点小东西。不多，但是一片心意。,耶希洛瓦的人都說，新來的農夫勤快，見人總會打招呼。很高興你來了。|我在信封裡放了點小東西。不多，但是一片心意。
MAIL_ZEYNEP_PUPPY_TITLE,How's the little one?,Yavru nasıl?,Wie geht's dem Kleinen?,¿Cómo está el pequeño?,Comment va le petit ?,Come sta il piccolo?,Como está o pequeno?,Как там малыш?,Jak się ma maluch?,子犬は元気？,강아지는 잘 지내?,小家伙还好吗？,小傢伙還好嗎？
MAIL_ZEYNEP_PUPPY_BODY,"Is the pup settling in? Is he eating well, sleeping well? Karamel keeps looking at the door as if he's waiting for him.|I'm sure you're taking good care of him. I've tucked a bag of food in for him.","Yavru alıştı mı? İyi yiyor mu, iyi uyuyor mu? Karamel sanki onu bekliyormuş gibi sürekli kapıya bakıyor.|Ona çok iyi baktığından eminim. Onun için bir paket mama da koydum.","Hat sich der Welpe eingelebt? Frisst er gut, schläft er gut? Karamel schaut ständig zur Tür, als würde er auf ihn warten.|Ich bin sicher, du kümmerst dich gut um ihn. Ich hab ihm einen Sack Futter dazugelegt.","¿Se ha adaptado el cachorro? ¿Come bien, duerme bien? Karamel no deja de mirar la puerta, como si lo esperara.|Seguro que lo cuidas muy bien. Te he puesto una bolsa de comida para él.","Le chiot s'est-il habitué ? Il mange bien, il dort bien ? Karamel n'arrête pas de regarder la porte, comme s'il l'attendait.|Je suis sûre que tu prends bien soin de lui. J'ai glissé un sac de croquettes pour lui.","Il cucciolo si è ambientato? Mangia bene, dorme bene? Karamel continua a guardare la porta, come se lo aspettasse.|Sono sicura che te ne prendi cura. Ho messo un sacco di cibo per lui.","O filhote se acostumou? Está comendo bem, dormindo bem? O Karamel fica olhando a porta, como se esperasse por ele.|Tenho certeza de que você cuida bem dele. Coloquei um pacote de ração para ele.","Щенок освоился? Хорошо ест, хорошо спит? Карамель всё смотрит на дверь, будто ждёт его.|Уверена, ты о нём хорошо заботишься. Я положила для него пакет корма.","Szczeniak się przyzwyczaił? Dobrze je, dobrze śpi? Karamel ciągle patrzy na drzwi, jakby na niego czekał.|Na pewno dobrze o niego dbasz. Dołożyłam dla niego worek karmy.",子犬はなじんだ？ちゃんと食べて、よく眠ってる？カラメルはあの子を待っているみたいに、ずっとドアを見ているの。|きっと大事にしてくれているよね。あの子にフードを1袋入れておいたよ。,강아지는 적응했어? 잘 먹고 잘 자? 카라멜이 그 녀석을 기다리는 것처럼 자꾸 문만 쳐다봐.|분명 잘 돌봐 주고 있겠지. 강아지 먹으라고 사료 한 봉지 넣었어.,小狗习惯了吗？吃得好、睡得好吗？卡拉梅尔老是盯着门，好像在等它。|我相信你一定把它照顾得很好。我给它塞了一袋狗粮。,小狗習慣了嗎？吃得好、睡得好嗎？卡拉梅爾老是盯著門，好像在等牠。|我相信你一定把牠照顧得很好。我給牠塞了一袋狗飼料。
MAIL_ZEYNEP_INVITE_TITLE,Will you come by tomorrow?,Yarın uğrar mısın?,Kommst du morgen vorbei?,¿Te pasas mañana?,Tu passes demain ?,Passi domani?,Você passa aqui amanhã?,Заглянешь завтра?,Wpadniesz jutro?,明日、寄ってくれる？,내일 들를래?,明天来坐坐好吗？,明天來坐坐好嗎？
MAIL_ZEYNEP_INVITE_BODY,I've wanted to thank you properly for everything for a while now. Tomorrow I'll bake a cake and brew some tea; won't you come by?|Karamel says yes too.,Her şey için sana doğru düzgün teşekkür etmek istiyordum. Yarın kek yapıp çay demleyeceğim; uğramaz mısın?|Karamel de evet diyor.,Ich wollte dir schon lange richtig für alles danken. Morgen backe ich einen Kuchen und koche Tee – kommst du vorbei?|Karamel sagt auch ja.,Hace tiempo que quiero agradecerte todo como es debido. Mañana haré un pastel y prepararé té; ¿te pasas?|Karamel también dice que sí.,Je voulais te remercier comme il se doit pour tout. Demain je fais un gâteau et du thé ; tu passes ?|Karamel dit oui aussi.,Volevo ringraziarti come si deve per tutto. Domani faccio una torta e preparo il tè; passi?|Anche Karamel dice di sì.,Faz tempo que quero te agradecer direito por tudo. Amanhã vou fazer um bolo e um chá; você passa aqui?|O Karamel também diz que sim.,Давно хотела как следует поблагодарить тебя за всё. Завтра испеку пирог и заварю чай; заглянешь?|Карамель тоже за.,Od dawna chciałam ci porządnie podziękować za wszystko. Jutro upiekę ciasto i zaparzę herbatę; wpadniesz?|Karamel też mówi tak.,いろいろありがとうって、ちゃんと伝えたかったの。明日ケーキを焼いてお茶をいれるから、寄ってくれない？|カラメルも賛成だって。,모든 것에 제대로 고맙다고 하고 싶었어. 내일 케이크 굽고 차 끓일게. 들러 줄래?|카라멜도 좋대.,一直想好好谢谢你为我们做的一切。明天我烤个蛋糕、泡壶茶，来坐坐好吗？|卡拉梅尔也说好。,一直想好好謝謝你為我們做的一切。明天我烤個蛋糕、泡壺茶，來坐坐好嗎？|卡拉梅爾也說好。
ITEM_DOG_BALL,Dog Ball,Top,Hundeball,Pelota para perro,Balle pour chien,Palla per cani,Bola para cachorro,Мячик для собаки,Piłka dla psa,犬用ボール,강아지 공,狗狗玩具球,狗狗玩具球
DESC_DOG_BALL,A bouncy red rubber ball. Throw it (left click) and your dog will chase it.,"Zıplayan kırmızı kauçuk top. Fırlat (sol tık), köpeğin peşinden koşsun.","Ein springender roter Gummiball. Wirf ihn (Linksklick), und dein Hund jagt ihm nach.",Una pelota de goma roja que bota. Lánzala (clic izquierdo) y tu perro irá tras ella.,Une balle rouge en caoutchouc qui rebondit. Lance-la (clic gauche) et ton chien courra après.,Una palla rossa di gomma che rimbalza. Lanciala (clic sinistro) e il tuo cane le correrà dietro.,Uma bola vermelha de borracha que quica. Jogue-a (clique esquerdo) e seu cachorro vai correr atrás.,"Прыгучий красный резиновый мячик. Брось его (левая кнопка мыши), и собака побежит за ним.","Skacząca czerwona gumowa piłka. Rzuć ją (lewy przycisk myszy), a twój pies za nią pobiegnie.",よく弾む赤いゴムボール。投げると（左クリック）犬が追いかける。,통통 튀는 빨간 고무공. 던지면(왼쪽 클릭) 강아지가 쫓아가요.,一个有弹性的红色橡胶球。扔出去（左键），你的狗就会追过去。,一顆有彈性的紅色橡膠球。丟出去（左鍵），你的狗就會追過去。
BIND_WHISTLE,Whistle for your dog,Köpeğine ıslık çal,Nach dem Hund pfeifen,Silbar a tu perro,Siffler ton chien,Fischiare al cane,Assobiar para o cachorro,Свистнуть собаке,Zagwizdać na psa,犬を口笛で呼ぶ,강아지 휘파람,吹口哨唤狗,吹口哨喚狗
ACTION_DOG_SIT,SIT!,OTUR!,SITZ!,¡SIENTA!,ASSIS !,SEDUTO!,SENTA!,СИДЕТЬ!,SIAD!,おすわり！,앉아!,坐下！,坐下！
PET_DEFAULT_NAME,Fındık,Fındık,Fındık,Fındık,Fındık,Fındık,Fındık,Fındık,Fındık,Fındık,Fındık,Fındık,Fındık
PET_NAME_TITLE,Name your puppy,Yavru köpeğine bir isim ver,Gib deinem Welpen einen Namen,Ponle nombre a tu cachorro,Donne un nom à ton chiot,Dai un nome al tuo cucciolo,Dê um nome ao seu filhote,Дай имя своему щенку,Nazwij swojego szczeniaka,子犬に名前をつけよう,강아지 이름을 지어 주세요,给你的小狗起个名字,幫你的小狗取個名字
PET_NAME_SUB,"Karamel's puppy, weaned and ready for a home of its own.",Karamel'in yavrusu sütten kesildi; artık kendi yuvasına hazır.,Karamels Welpe ist entwöhnt und bereit für ein eigenes Zuhause.,El cachorro de Karamel ya está destetado y listo para tener su propio hogar.,Le chiot de Karamel est sevré et prêt pour son propre foyer.,Il cucciolo di Karamel è svezzato e pronto per una casa tutta sua.,O filhote do Karamel já desmamou e está pronto para um lar só dele.,Щенок Карамеля уже отлучён от матери и готов к новому дому.,Szczeniak Karamela jest już odstawiony od matki i gotowy na własny dom.,カラメルの子犬が乳離れして、新しい家に行けるようになった。,카라멜의 강아지가 젖을 떼고 새 집으로 갈 준비가 됐어요.,卡拉梅尔的小狗已经断奶，可以去新家了。,卡拉梅爾的小狗已經斷奶，可以去新家了。
PET_NAME_OK,Done,Tamam,Fertig,Listo,Valider,Fatto,Pronto,Готово,Gotowe,決定,확인,确定,確定
MSG_PET_ADOPTED,%s is yours now! A new friend on the farm.,%s artık senin! Çiftlikte yeni bir dostun var.,%s gehört jetzt dir! Ein neuer Freund auf dem Hof.,¡%s ya es tuyo! Un nuevo amigo en la granja.,%s est à toi maintenant ! Un nouvel ami à la ferme.,%s ora è tuo! Un nuovo amico alla fattoria.,%s agora é seu! Um novo amigo na fazenda.,%s теперь твой! Новый друг на ферме.,%s jest teraz twój! Nowy przyjaciel na farmie.,%sがあなたの犬になった！農場に新しい仲間が増えた。,%s(이)가 이제 당신의 강아지예요! 농장에 새 친구가 생겼어요.,%s现在是你的了！农场里多了一位新朋友。,%s現在是你的了！農場裡多了一位新朋友。
MSG_PET_HOWTO,H: whistle · E: pet · F (looking at it): sit · Throw a ball to play,H: ıslıkla çağır · E: sev · F (ona bakarken): otur · Top atıp oyna,H: pfeifen · E: streicheln · F (beim Hinsehen): Sitz · Wirf einen Ball zum Spielen,H: silbar · E: acariciar · F (mirándolo): sentarse · Lanza una pelota para jugar,H : siffler · E : caresser · F (en le regardant) : assis · Lance une balle pour jouer,H: fischia · E: accarezza · F (guardandolo): seduto · Lancia una palla per giocare,H: assobiar · E: fazer carinho · F (olhando para ele): senta · Jogue uma bola para brincar,"H: свистнуть · E: погладить · F (глядя на него): сидеть · Брось мяч, чтобы поиграть","H: gwizdnij · E: pogłaszcz · F (patrząc na niego): siad · Rzuć piłkę, by się pobawić",H：口笛で呼ぶ · E：なでる · F（見ながら）：おすわり · ボールを投げて遊ぼう,H: 휘파람 · E: 쓰다듬기 · F(바라보며): 앉아 · 공을 던져 놀아 주세요,H：吹口哨 · E：抚摸 · F（看着它）：坐下 · 扔球一起玩,H：吹口哨 · E：撫摸 · F（看著牠）：坐下 · 丟球一起玩
MSG_PET_LEARN_SIT,%s is learning to sit (%d/%d),%s oturmayı öğreniyor (%d/%d),%s lernt Sitz (%d/%d),%s está aprendiendo a sentarse (%d/%d),%s apprend à s'asseoir (%d/%d),%s sta imparando a sedersi (%d/%d),%s está aprendendo a sentar (%d/%d),%s учится сидеть (%d/%d),%s uczy się siadać (%d/%d),%sはおすわりを練習中（%d/%d）,%s(이)가 앉기를 배우는 중 (%d/%d),%s正在学坐下（%d/%d）,%s正在學坐下（%d/%d）
MSG_PET_LEARNED_SIT,%s has learned to sit!,%s artık oturmayı biliyor!,%s kann jetzt Sitz!,¡%s ya sabe sentarse!,%s sait s'asseoir maintenant !,%s ha imparato a sedersi!,%s aprendeu a sentar!,%s научился сидеть!,%s nauczył się siadać!,%sがおすわりを覚えた！,%s(이)가 앉기를 배웠어요!,%s学会坐下了！,%s學會坐下了！
MSG_PET_LEARN_FETCH,%s is learning to bring the ball back (%d/%d),%s topu geri getirmeyi öğreniyor (%d/%d),"%s lernt, den Ball zurückzubringen (%d/%d)",%s está aprendiendo a traer la pelota (%d/%d),%s apprend à rapporter la balle (%d/%d),%s sta imparando a riportare la palla (%d/%d),%s está aprendendo a trazer a bola de volta (%d/%d),%s учится приносить мячик (%d/%d),%s uczy się aportować piłkę (%d/%d),%sはボールを持ってくる練習中（%d/%d）,%s(이)가 공 가져오기를 배우는 중 (%d/%d),%s正在学把球叼回来（%d/%d）,%s正在學把球叼回來（%d/%d）
MSG_PET_LEARNED_FETCH,%s brings the ball back now!,%s artık topu geri getiriyor!,%s bringt den Ball jetzt zurück!,¡%s ya trae la pelota de vuelta!,%s rapporte la balle maintenant !,%s ora riporta la palla!,%s agora traz a bola de volta!,%s теперь приносит мячик!,%s aportuje teraz piłkę!,%sがボールを持ってくるようになった！,%s(이)가 이제 공을 물어 와요!,%s现在会把球叼回来了！,%s現在會把球叼回來了！
MSG_PET_FETCH_YOUNG,%s is still too little: for now it just wants to play with the ball.,%s daha çok küçük; şimdilik sadece topla oynamak istiyor.,%s ist noch zu klein und will vorerst nur mit dem Ball spielen.,%s todavía es muy pequeño: por ahora solo quiere jugar con la pelota.,"%s est encore trop petit : pour l'instant, il veut juste jouer avec la balle.",%s è ancora troppo piccolo: per ora vuole solo giocare con la palla.,%s ainda é muito pequeno: por enquanto só quer brincar com a bola.,%s ещё слишком маленький: пока ему хочется просто поиграть с мячиком.,%s jest jeszcze za mały: na razie chce się tylko bawić piłką.,%sはまだ小さくて、今はボールで遊びたいだけみたい。,%s(은)는 아직 너무 어려서 지금은 공을 가지고 놀고만 싶어 해요.,%s还太小了，现在只想玩球。,%s還太小了，現在只想玩球。
MSG_PET_GROWN,%s has grown up: at night it now keeps watch by your animals.,%s büyüdü; artık geceleri hayvanlarının başında nöbet tutuyor.,%s ist groß geworden und hält nachts jetzt Wache bei deinen Tieren.,%s ya es mayor: ahora vigila a tus animales por la noche.,"%s a grandi : la nuit, il monte désormais la garde près de tes animaux.",%s è cresciuto: ora di notte fa la guardia ai tuoi animali.,%s cresceu: agora vigia seus animais à noite.,%s вырос: теперь по ночам он сторожит твоих животных.,%s dorósł: teraz nocą pilnuje twoich zwierząt.,%sは大きくなった。夜は家畜のそばで見張りをしてくれる。,%s(이)가 다 자랐어요. 이제 밤마다 가축 곁을 지켜요.,%s长大了：现在晚上会守在你的牲畜旁边。,%s長大了：現在晚上會守在你的牲畜旁邊。
REPORT_PET_GUARDED,%s barked the wolves away from your animals in the night.,%s gece havlayıp kurtları hayvanlarından uzak tuttu.,%s hat die Wölfe in der Nacht von deinen Tieren weggebellt.,%s ahuyentó a ladridos a los lobos de tus animales por la noche.,"Cette nuit, %s a chassé les loups loin de tes animaux en aboyant.",Stanotte %s ha tenuto lontani i lupi dai tuoi animali abbaiando.,%s espantou os lobos dos seus animais latindo durante a noite.,Ночью %s лаем отогнал волков от твоих животных.,W nocy %s odpędził szczekaniem wilki od twoich zwierząt.,夜、%sが吠えてオオカミを家畜から追い払った。,밤에 %s(이)가 짖어서 늑대를 가축에게서 쫓아냈어요.,夜里，%s狂吠着把狼群赶离了你的牲畜。,夜裡，%s狂吠著把狼群趕離了你的牲畜。
MSG_PET_DROVE_WOLVES,%s's barking drove the wolves off!,%s havlayarak kurtları kaçırdı!,%s hat die Wölfe mit Gebell vertrieben!,¡Los ladridos de %s ahuyentaron a los lobos!,Les aboiements de %s ont fait fuir les loups !,L'abbaiare di %s ha messo in fuga i lupi!,Os latidos de %s espantaram os lobos!,%s прогнал волков лаем!,%s przegonił wilki szczekaniem!,%sが吠えてオオカミを追い払った！,%s(이)가 짖어서 늑대를 쫓아냈어요!,%s的叫声把狼群吓跑了！,%s的叫聲把狼群嚇跑了！
ITEM_GRILL,Grill,Mangal,Holzkohlegrill,Parrilla de carbón,Barbecue à charbon,Barbecue a carbone,Churrasqueira,Мангал,Grill węglowy,炭火グリル,숯불 그릴,炭烤炉,炭烤爐
ITEM_BIG_GRILL,Big Grill,Büyük Mangal,Großer Holzkohlegrill,Parrilla grande,Grand barbecue,Barbecue grande,Churrasqueira grande,Большой мангал,Duży grill,大型炭火グリル,대형 숯불 그릴,大型炭烤炉,大型炭烤爐
DESC_GRILL,"A steel charcoal grill: six places on its grate, and a giant fish fits on it. Put it down outdoors and light it with E.","Çelik kömür mangalı: ızgarasında altı yer var, dev balık da sığar. Dışarıya kur, E ile yak.","Ein Holzkohlegrill aus Stahl: sechs Plätze auf dem Rost, auch ein Riesenfisch passt drauf. Draußen aufstellen und mit E anzünden.","Una parrilla de carbón de acero: seis sitios en la rejilla, y cabe hasta un pez gigante. Colócala al aire libre y enciéndela con E.","Un barbecue à charbon en acier : six places sur la grille, même un poisson géant y tient. Pose-le dehors et allume-le avec E.","Un barbecue a carbone in acciaio: sei posti sulla griglia, ci sta anche un pesce gigante. Mettilo all'aperto e accendilo con E.","Uma churrasqueira a carvão de aço: seis lugares na grelha, e até um peixe gigante cabe. Coloque ao ar livre e acenda com E.","Стальной мангал на углях: на решётке шесть мест, поместится даже гигантская рыба. Поставь на улице и разожги клавишей E.","Stalowy grill węglowy: sześć miejsc na ruszcie, zmieści się nawet olbrzymia ryba. Postaw go na dworze i rozpal klawiszem E.",鋼鉄製の炭火グリル。網に6か所あり、巨大魚も乗せられます。屋外に置いてEで火をつけます。,강철 숯불 그릴. 석쇠에 자리가 여섯 개 있고 거대 물고기도 올라가요. 야외에 놓고 E로 불을 붙이세요.,钢制炭烤炉：烤网上有六个位置，巨型鱼也放得下。放在户外，按E点火。,鋼製炭烤爐：烤網上有六個位置，巨型魚也放得下。放在戶外，按E點火。
DESC_BIG_GRILL,"A long barbecue grill on a stand: twelve places on its grate, room for giant fish. Put it down outdoors and light it with E.","Ayaklı uzun bir mangal: ızgarasında on iki yer var, dev balıklara da yer var. Dışarıya kur, E ile yak.","Ein langer Grill auf einem Gestell: zwölf Plätze auf dem Rost, Platz auch für Riesenfische. Draußen aufstellen und mit E anzünden.","Una parrilla larga sobre un soporte: doce sitios en la rejilla, con espacio para peces gigantes. Colócala al aire libre y enciéndela con E.","Un long barbecue sur pied : douze places sur la grille, de quoi griller des poissons géants. Pose-le dehors et allume-le avec E.","Un lungo barbecue su supporto: dodici posti sulla griglia, c'è spazio per i pesci giganti. Mettilo all'aperto e accendilo con E.","Uma churrasqueira comprida com suporte: doze lugares na grelha, cabem peixes gigantes. Coloque ao ar livre e acenda com E.","Длинный мангал на подставке: на решётке двенадцать мест, хватит и для гигантских рыб. Поставь на улице и разожги клавишей E.","Długi grill na stojaku: dwanaście miejsc na ruszcie, zmieszczą się olbrzymie ryby. Postaw go na dworze i rozpal klawiszem E.",台付きの長いバーベキューグリル。網に12か所あり、巨大魚も焼けます。屋外に置いてEで火をつけます。,받침대가 있는 긴 바비큐 그릴. 석쇠에 자리가 열두 개 있고 거대 물고기도 올라가요. 야외에 놓고 E로 불을 붙이세요.,带支架的长烤炉：烤网上有十二个位置，巨型鱼也放得下。放在户外，按E点火。,帶支架的長烤爐：烤網上有十二個位置，巨型魚也放得下。放在戶外，按E點火。
MSG_CAMPFIRE_TOO_BIG,This fish won't fit over a campfire: you need a grill.,"Bu balık kamp ateşine sığmaz, mangal gerek.",Dieser Fisch passt nicht über ein Lagerfeuer: Du brauchst einen Grill.,Este pez no cabe sobre una fogata: necesitas una parrilla.,Ce poisson ne tient pas sur un feu de camp : il te faut un barbecue.,Questo pesce non ci sta sul falò: serve un barbecue.,Esse peixe não cabe na fogueira: você precisa de uma churrasqueira.,Эта рыба не поместится над костром: нужен мангал.,Ta ryba nie zmieści się nad ogniskiem: potrzebny jest grill.,この魚はたき火には大きすぎます。グリルが必要です。,이 물고기는 모닥불에 너무 커요. 그릴이 필요해요.,这条鱼太大了，篝火放不下，需要烤炉。,這條魚太大了，營火放不下，需要烤爐。
MSG_GRILL_BURNT_DOWN,The charcoal in your grill has burnt down to embers.,Mangalındaki kömür köze döndü.,Die Holzkohle in deinem Grill ist zu Glut heruntergebrannt.,El carbón de tu parrilla se ha quedado en brasas.,Le charbon de ton barbecue n'est plus que braises.,Il carbone del tuo barbecue si è ridotto a brace.,O carvão da sua churrasqueira virou brasa.,Угли в твоём мангале прогорели до жара.,Węgiel w twoim grillu dopalił się do żaru.,グリルの炭が燃え尽きて熾火になりました。,그릴의 숯이 다 타서 잉걸불만 남았어요.,烤炉里的炭已经烧成余烬了。,烤爐裡的炭已經燒成餘燼了。
ITEM_FISH_RUDD_TROPHY_COOKED,Grilled Giant Rudd,Izgara Dev Kızılkanat,Riesenrotfeder vom Grill,Gardí gigante a la brasa,Rotengle géant au barbecue,Scardola gigante alla griglia,Escardínio gigante na brasa,Гигантская краснопёрка на мангале,Olbrzymia wzdręga z grilla,巨大ラッドの炭火焼き,구운 거대 러드,烤巨型红眼鱼,烤巨型紅眼魚
ITEM_FISH_CRUCIAN_TROPHY_COOKED,Grilled Giant Crucian Carp,Izgara Dev Havuz Balığı,Riesenkarausche vom Grill,Carpín gigante a la brasa,Carassin géant au barbecue,Carassio gigante alla griglia,Carássio gigante na brasa,Гигантский карась на мангале,Olbrzymi karaś z grilla,巨大フナの炭火焼き,구운 거대 붕어,烤巨型鲫鱼,烤巨型鯽魚
ITEM_FISH_PERCH_TROPHY_COOKED,Grilled Giant Perch,Izgara Dev Tatlısu Levreği,Riesenflussbarsch vom Grill,Perca gigante a la brasa,Perche géante au barbecue,Pesce persico gigante alla griglia,Perca gigante na brasa,Гигантский окунь на мангале,Olbrzymi okoń z grilla,巨大パーチの炭火焼き,구운 거대 퍼치,烤巨型河鲈,烤巨型河鱸
ITEM_FISH_CRAYFISH_TROPHY_COOKED,Grilled Giant Crayfish,Izgara Dev Kerevit,Riesenflusskrebs vom Grill,Cangrejo de río gigante a la brasa,Écrevisse géante au barbecue,Gambero di fiume gigante alla griglia,Lagostim gigante na brasa,Гигантский рак на мангале,Olbrzymi rak z grilla,巨大ザリガニの炭火焼き,구운 거대 가재,烤巨型小龙虾,烤巨型小龍蝦
ITEM_FISH_CARP_TROPHY_COOKED,Grilled Giant Carp,Izgara Dev Sazan,Riesenkarpfen vom Grill,Carpa gigante a la brasa,Carpe géante au barbecue,Carpa gigante alla griglia,Carpa gigante na brasa,Гигантский сазан на мангале,Olbrzymi karp z grilla,巨大コイの炭火焼き,구운 거대 잉어,烤巨型鲤鱼,烤巨型鯉魚
ITEM_FISH_TENCH_TROPHY_COOKED,Grilled Giant Tench,Izgara Dev Kadife Balığı,Riesenschleie vom Grill,Tenca gigante a la brasa,Tanche géante au barbecue,Tinca gigante alla griglia,Tenca gigante na brasa,Гигантский линь на мангале,Olbrzymi lin z grilla,巨大テンチの炭火焼き,구운 거대 텐치,烤巨型丁鱥,烤巨型丁鱥
ITEM_FISH_TROUT_TROPHY_COOKED,Grilled Giant Rainbow Trout,Izgara Dev Gökkuşağı Alabalığı,Riesenregenbogenforelle vom Grill,Trucha arcoíris gigante a la brasa,Truite arc-en-ciel géante au barbecue,Trota iridea gigante alla griglia,Truta arco-íris gigante na brasa,Гигантская радужная форель на мангале,Olbrzymi pstrąg tęczowy z grilla,巨大ニジマスの炭火焼き,구운 거대 무지개송어,烤巨型虹鳟,烤巨型虹鱒
ITEM_FISH_ZANDER_TROPHY_COOKED,Grilled Giant Zander,Izgara Dev Sudak,Riesenzander vom Grill,Lucioperca gigante a la brasa,Sandre géant au barbecue,Lucioperca gigante alla griglia,Lucioperca gigante na brasa,Гигантский судак на мангале,Olbrzymi sandacz z grilla,巨大ザンダーの炭火焼き,구운 거대 잔더,烤巨型梭鲈,烤巨型梭鱸
ITEM_FISH_PIKE_TROPHY_COOKED,Grilled Giant Pike,Izgara Dev Turna Balığı,Riesenhecht vom Grill,Lucio gigante a la brasa,Brochet géant au barbecue,Luccio gigante alla griglia,Lúcio gigante na brasa,Гигантская щука на мангале,Olbrzymi szczupak z grilla,巨大パイクの炭火焼き,구운 거대 강꼬치고기,烤巨型狗鱼,烤巨型狗魚
ITEM_FISH_CATFISH_TROPHY_COOKED,Grilled Giant Wels Catfish,Izgara Dev Yayın Balığı,Riesenwels vom Grill,Siluro gigante a la brasa,Silure géant au barbecue,Siluro gigante alla griglia,Bagre-europeu gigante na brasa,Гигантский сом на мангале,Olbrzymi sum z grilla,巨大ナマズの炭火焼き,구운 거대 메기,烤巨型鲶鱼,烤巨型鯰魚
ITEM_FISH_ROACH_TROPHY_COOKED,Grilled Giant Roach,Izgara Dev Kızılgöz,Riesenrotauge vom Grill,Rutilo gigante a la brasa,Gardon géant au barbecue,Rutilo gigante alla griglia,Rútilo gigante na brasa,Гигантская плотва на мангале,Olbrzymia płoć z grilla,巨大ローチの炭火焼き,구운 거대 로치,烤巨型拟鲤,烤巨型擬鯉
ITEM_FISH_BLEAK_TROPHY_COOKED,Grilled Giant Bleak,Izgara Dev İnci Balığı,Riesenukelei vom Grill,Alburno gigante a la brasa,Ablette géante au barbecue,Alborella gigante alla griglia,Alburno gigante na brasa,Гигантская уклейка на мангале,Olbrzymia ukleja z grilla,巨大ブリークの炭火焼き,구운 거대 블리크,烤巨型欧白鱼,烤巨型歐白魚
ITEM_FISH_GUDGEON_TROPHY_COOKED,Grilled Giant Gudgeon,Izgara Dev Dere Kayası,Riesengründling vom Grill,Gobio gigante a la brasa,Goujon géant au barbecue,Gobione gigante alla griglia,Gobião gigante na brasa,Гигантский пескарь на мангале,Olbrzymi kiełb z grilla,巨大ガジョンの炭火焼き,구운 거대 모래무지,烤巨型鮈鱼,烤巨型鮈魚
ITEM_FISH_BREAM_TROPHY_COOKED,Grilled Giant Bream,Izgara Dev Çapak,Riesenbrachse vom Grill,Brema gigante a la brasa,Brème géante au barbecue,Abramide gigante alla griglia,Brema gigante na brasa,Гигантский лещ на мангале,Olbrzymi leszcz z grilla,巨大ブリームの炭火焼き,구운 거대 브림,烤巨型欧鳊,烤巨型歐鯿
ITEM_FISH_CHUB_TROPHY_COOKED,Grilled Giant Chub,Izgara Dev Tatlısu Kefali,Riesendöbel vom Grill,Cacho gigante a la brasa,Chevesne géant au barbecue,Cavedano gigante alla griglia,Escalo gigante na brasa,Гигантский голавль на мангале,Olbrzymi kleń z grilla,巨大チャブの炭火焼き,구운 거대 처브,烤巨型圆鳍雅罗鱼,烤巨型圓鰭雅羅魚
ITEM_FISH_BARBEL_TROPHY_COOKED,Grilled Giant Barbel,Izgara Dev Bıyıklı Balık,Riesenbarbe vom Grill,Barbo gigante a la brasa,Barbeau géant au barbecue,Barbo gigante alla griglia,Barbo gigante na brasa,Гигантский усач на мангале,Olbrzymia brzana z grilla,巨大バーベルの炭火焼き,구운 거대 바벨,烤巨型鲃鱼,烤巨型鲃魚
ITEM_FISH_EEL_TROPHY_COOKED,Grilled Giant Eel,Izgara Dev Yılan Balığı,Riesenaal vom Grill,Anguila gigante a la brasa,Anguille géante au barbecue,Anguilla gigante alla griglia,Enguia gigante na brasa,Гигантский угорь на мангале,Olbrzymi węgorz z grilla,巨大ウナギの炭火焼き,구운 거대 뱀장어,烤巨型鳗鱼,烤巨型鰻魚
ITEM_FISH_GRASS_CARP_TROPHY_COOKED,Grilled Giant Grass Carp,Izgara Dev Ot Sazanı,Riesengraskarpfen vom Grill,Carpa herbívora gigante a la brasa,Carpe amour géante au barbecue,Carpa erbivora gigante alla griglia,Carpa-capim gigante na brasa,Гигантский белый амур на мангале,Olbrzymi amur biały z grilla,巨大ソウギョの炭火焼き,구운 거대 초어,烤巨型草鱼,烤巨型草魚
ITEM_FISH_SILVER_CARP_TROPHY_COOKED,Grilled Giant Silver Carp,Izgara Dev Gümüş Sazan,Riesensilberkarpfen vom Grill,Carpa plateada gigante a la brasa,Carpe argentée géante au barbecue,Carpa argentata gigante alla griglia,Carpa-prateada gigante na brasa,Гигантский толстолобик на мангале,Olbrzymia tołpyga biała z grilla,巨大ハクレンの炭火焼き,구운 거대 백련어,烤巨型鲢鱼,烤巨型鰱魚
ITEM_FISH_BROWN_TROUT_TROPHY_COOKED,Grilled Giant Brown Trout,Izgara Dev Dere Alabalığı,Riesenbachforelle vom Grill,Trucha común gigante a la brasa,Truite fario géante au barbecue,Trota fario gigante alla griglia,Truta-marrom gigante na brasa,Гигантская ручьевая форель на мангале,Olbrzymi pstrąg potokowy z grilla,巨大ブラウントラウトの炭火焼き,구운 거대 브라운송어,烤巨型褐鳟,烤巨型褐鱒
ITEM_FISH_STURGEON_TROPHY_COOKED,Grilled Giant Sturgeon,Izgara Dev Mersin Balığı,Riesenstör vom Grill,Esturión gigante a la brasa,Esturgeon géant au barbecue,Storione gigante alla griglia,Esturjão gigante na brasa,Гигантский осётр на мангале,Olbrzymi jesiotr z grilla,巨大チョウザメの炭火焼き,구운 거대 철갑상어,烤巨型鲟鱼,烤巨型鱘魚
LETTER_CONTEST_TITLE,An invitation to the pond,Gölet başına davet,Eine Einladung an den Teich,Una invitación al estanque,Une invitation à l'étang,Un invito allo stagno,Um convite para o lago,Приглашение к пруду,Zaproszenie nad staw,池へのご招待,연못으로의 초대,池塘邀请函,池塘邀請函
LETTER_CONTEST_BODY,"Dear neighbour,|Tomorrow Yeşilova holds its Biggest Fish Contest at the pond behind the filling station, from {start} to {end}. Bring your rod and your best bait!|Every fish you land there is weighed, and your biggest one counts. Whoever lands the heaviest fish by {end} wins ${money}, {fish} fish for the pan and the title of the town's best angler.|The whole town will be there to watch. You'll find me on the bench with my tea.","Sevgili komşum,|Yarın Yeşilova'da, benzinliğin arkasındaki gölette En Büyük Balık Yarışması var, saat {start} ile {end} arası. Oltanı ve en iyi yemini kap da gel!|Orada tuttuğun her balık tartılacak, en büyüğün sayılacak. Saat {end}'ye kadar en ağır balığı çıkaran ${money} ödül, tavaya {fish} balık ve kasabanın en iyi balıkçısı unvanını kazanacak.|Bütün kasaba seyre gelecek. Beni bankta, çayımı yudumlarken bulursun.","Lieber Nachbar,|morgen hält Yeşilova am Teich hinter der Tankstelle seinen Wettbewerb um den größten Fisch ab, von {start} bis {end} Uhr. Bring deine Angel und deinen besten Köder mit!|Jeder Fisch, den du dort fängst, wird gewogen, dein größter zählt. Wer bis {end} Uhr den schwersten Fisch fängt, gewinnt ${money}, {fish} Fische für die Pfanne und den Titel des besten Anglers im Ort.|Das ganze Dorf kommt zum Zuschauen. Du findest mich mit meinem Tee auf der Bank.","Querido vecino:|Mañana Yeşilova celebra su Concurso del Pez Más Grande en el estanque detrás de la gasolinera, de {start} a {end}. ¡Trae tu caña y tu mejor cebo!|Cada pez que saques allí se pesa, y cuenta el más grande. Quien saque el pez más pesado antes de las {end} gana ${money}, {fish} peces para la sartén y el título de mejor pescador del pueblo.|Todo el pueblo vendrá a mirar. Me encontrarás en el banco con mi té.","Cher voisin,|demain, Yeşilova organise son concours du Plus Gros Poisson à l'étang derrière la station-service, de {start} à {end}. Apporte ta canne et ton meilleur appât !|Chaque poisson que tu sortiras là-bas sera pesé, et ton plus gros comptera. Celui qui sortira le poisson le plus lourd avant {end} gagnera ${money}, {fish} poissons pour la poêle et le titre de meilleur pêcheur du village.|Tout le village viendra regarder. Tu me trouveras sur le banc avec mon thé.","Caro vicino,|domani Yeşilova tiene la sua Gara del Pesce Più Grosso allo stagno dietro il distributore, dalle {start} alle {end}. Porta la tua canna e la tua esca migliore!|Ogni pesce che prendi lì viene pesato, e conta il più grosso. Chi prende il pesce più pesante entro le {end} vince ${money}, {fish} pesci per la padella e il titolo di miglior pescatore del paese.|Tutto il paese verrà a guardare. Mi troverai sulla panchina con il mio tè.","Querido vizinho,|amanhã Yeşilova faz o seu Concurso do Maior Peixe no lago atrás do posto de gasolina, das {start} às {end}. Traga sua vara e sua melhor isca!|Todo peixe que você pegar lá é pesado, e conta o maior. Quem pegar o peixe mais pesado até as {end} ganha ${money}, {fish} peixes para a frigideira e o título de melhor pescador da cidade.|A cidade inteira vai assistir. Você me encontra no banco com o meu chá.","Дорогой сосед!|Завтра в Йешилова у пруда за заправкой пройдёт конкурс на самую большую рыбу, с {start} до {end}. Бери удочку и лучшую наживку!|Каждую рыбу, пойманную там, взвесят, а засчитают самую большую. Кто до {end} поймает самую тяжёлую рыбу, получит ${money}, {fish} рыб на сковородку и звание лучшего рыбака городка.|Весь городок придёт посмотреть. Я буду на скамейке с чаем.","Drogi sąsiedzie,|jutro Yeşilova organizuje konkurs na największą rybę przy stawie za stacją benzynową, od {start} do {end}. Weź wędkę i najlepszą przynętę!|Każda ryba, którą tam złowisz, zostanie zważona, liczy się największa. Kto do {end} złowi najcięższą rybę, wygra ${money}, {fish} ryb na patelnię i tytuł najlepszego wędkarza w miasteczku.|Całe miasteczko przyjdzie popatrzeć. Znajdziesz mnie na ławce z herbatą.",お隣さんへ|明日、ガソリンスタンドの裏の池でイェシロヴァの「いちばん大きな魚」釣り大会が開かれます。時間は{start}から{end}まで。竿と自慢のエサを持っておいで!|そこで釣った魚はすべて量られ、いちばん大きな一匹が記録になります。{end}までにいちばん重い魚を釣った人には${money}と、フライパン用の魚{fish}匹、そして町一番の釣り名人の称号が贈られます。|町じゅうが見物に来ますよ。私はベンチでお茶を飲んでいます。,"이웃에게|내일 주유소 뒤 연못에서 예실로바의 '가장 큰 물고기' 낚시 대회가 열린다네. {start}부터 {end}까지라네. 낚싯대와 제일 좋은 미끼를 챙겨 오게!|거기서 낚은 물고기는 모두 무게를 재고, 가장 큰 한 마리가 기록이 된다네. {end}까지 가장 무거운 물고기를 낚은 사람은 ${money}와 요리할 물고기 {fish}마리, 그리고 마을 최고의 낚시꾼이라는 칭호를 받는다네.|온 마을이 구경하러 올 걸세. 나는 벤치에서 차를 마시고 있겠네.",亲爱的邻居：|明天，耶希洛瓦将在加油站后面的池塘举办「最大的鱼」钓鱼比赛，时间是{start}到{end}。带上你的鱼竿和最好的鱼饵吧！|你在那里钓到的每条鱼都会过秤，最大的一条算成绩。{end}前钓到最重的鱼的人，将赢得${money}、{fish}条下锅的鱼，以及镇上最佳钓手的称号。|全镇的人都会来看。我会坐在长椅上喝茶。,親愛的鄰居：|明天，耶希洛瓦將在加油站後面的池塘舉辦「最大的魚」釣魚比賽，時間是{start}到{end}。帶上你的釣竿和最好的魚餌吧！|你在那裡釣到的每條魚都會過秤，最大的一條算成績。{end}前釣到最重的魚的人，將贏得${money}、{fish}條下鍋的魚，以及鎮上最佳釣手的稱號。|全鎮的人都會來看。我會坐在長椅上喝茶。
LETTER_CONTEST_SIGN,— Nuri Hoca,— Nuri Hoca,— Nuri Hoca,— Nuri Hoca,— Nuri Hoca,— Nuri Hoca,— Nuri Hoca,— Нури-ходжа,— Nuri Hoca,— ヌーリ先生,— 누리 선생,— 努里老师,— 努里老師
LETTER_CONTEST_BUTTON,I'll be there!,Orada olacağım!,Ich komme!,¡Allí estaré!,J'y serai !,Ci sarò!,Estarei lá!,Обязательно приду!,Będę tam!,行きます!,꼭 갈게요!,我会去的！,我會去的！
MSG_CONTEST_LETTER,A letter has come from Nuri Hoca,Nuri Hoca'dan bir mektup geldi,Ein Brief von Nuri Hoca ist angekommen,Ha llegado una carta de Nuri Hoca,Une lettre de Nuri Hoca est arrivée,È arrivata una lettera di Nuri Hoca,Chegou uma carta do Nuri Hoca,Пришло письмо от Нури-ходжи,Przyszedł list od Nuriego Hocy,ヌーリ先生から手紙が届きました,누리 선생에게서 편지가 왔습니다,努里老师寄来了一封信,努里老師寄來了一封信
CONTEST_BANNER_KICKER,Yeşilova · Fishing contest,Yeşilova · Balık yarışması,Yeşilova · Angelwettbewerb,Yeşilova · Concurso de pesca,Yeşilova · Concours de pêche,Yeşilova · Gara di pesca,Yeşilova · Concurso de pesca,Йешилова · Рыболовный конкурс,Yeşilova · Zawody wędkarskie,イェシロヴァ · 釣り大会,예실로바 · 낚시 대회,耶希洛瓦 · 钓鱼比赛,耶希洛瓦 · 釣魚比賽
CONTEST_BANNER_TITLE,The Biggest Fish Contest has begun!,En Büyük Balık Yarışması başladı!,Der Wettbewerb um den größten Fisch hat begonnen!,¡Empieza el Concurso del Pez Más Grande!,Le concours du Plus Gros Poisson a commencé !,La Gara del Pesce Più Grosso è cominciata!,O Concurso do Maior Peixe começou!,Конкурс на самую большую рыбу начался!,Konkurs na największą rybę się zaczął!,「いちばん大きな魚」大会が始まりました!,'가장 큰 물고기' 대회가 시작됐습니다!,「最大的鱼」比赛开始了！,「最大的魚」比賽開始了！
CONTEST_BANNER_TEXT,Fish at the town pond until %s: your biggest catch counts,"Saat %s'ye kadar kasaba göletinde balık tut, en büyüğün sayılır",Angle bis %s Uhr am Dorfteich: dein größter Fang zählt,Pesca en el estanque del pueblo hasta las %s: cuenta tu captura más grande,Pêche à l'étang du village jusqu'à %s : ta plus grosse prise compte,Pesca allo stagno del paese fino alle %s: conta la tua preda più grossa,Pesque no lago da cidade até as %s: vale a sua maior captura,Лови рыбу в городском пруду до %s: засчитают самую большую,Łów w miejskim stawie do %s: liczy się twoja największa ryba,%sまで町の池で釣ろう。いちばん大きな一匹が記録になります,%s까지 마을 연못에서 낚시하세요. 가장 큰 한 마리가 기록됩니다,在镇上的池塘钓鱼直到%s：以你最大的一条为准,在鎮上的池塘釣魚直到%s：以你最大的一條為準
CONTEST_WIN_TITLE,You won the contest!,Yarışmayı kazandın!,Du hast den Wettbewerb gewonnen!,¡Has ganado el concurso!,Tu as gagné le concours !,Hai vinto la gara!,Você venceu o concurso!,Ты победил в конкурсе!,Wygrałeś konkurs!,大会で優勝しました!,대회에서 우승했습니다!,你赢得了比赛！,你贏得了比賽！
CONTEST_WIN_TEXT,Your %s of %s was the biggest: $%d and %d fish are yours,%s balığın (%s) en büyüğüydü! Ödülün: $%d ve %d balık,Dein %s mit %s war der größte: $%d und %d Fische gehören dir,Tu %s de %s fue el más grande: $%d y %d peces son tuyos,Ton %s de %s était le plus gros : $%d et %d poissons sont à toi,Il tuo %s di %s era il più grosso: $%d e %d pesci sono tuoi,Seu %s de %s foi o maior: $%d e %d peixes são seus,"Твой улов (%s, %s) оказался самым большим: $%d и %d рыб твои",Twój %s (%s) był największy: $%d i %d ryb są twoje,あなたの%s(%s)がいちばん大きかった! 賞金$%dと魚%d匹,당신의 %s(%s)이 가장 컸습니다! 상금 $%d와 물고기 %d마리,你的%s（%s）是最大的：$%d和%d条鱼归你了,你的%s（%s）是最大的：$%d和%d條魚歸你了
CONTEST_LOSE_TITLE,The contest is over,Yarışma bitti,Der Wettbewerb ist vorbei,El concurso ha terminado,Le concours est terminé,La gara è finita,O concurso terminou,Конкурс окончен,Konkurs zakończony,大会が終わりました,대회가 끝났습니다,比赛结束了,比賽結束了
CONTEST_LOSE_TEXT,%s won with a %s of %s,"Kazanan: %s — %s, %s",%s hat mit einem %s von %s gewonnen,%s ganó con un %s de %s,%s a gagné avec un %s de %s,%s ha vinto con un %s di %s,%s venceu com um %s de %s,"Победитель: %s — %s, %s","Wygrywa %s: %s, %s",優勝は%s:%s、%s,"우승: %s — %s, %s",获胜者：%s — %s，%s,獲勝者：%s — %s，%s
CONTEST_BOARD_TITLE,Biggest Fish Contest,En Büyük Balık Yarışması,Wettbewerb um den größten Fisch,Concurso del Pez Más Grande,Concours du Plus Gros Poisson,Gara del Pesce Più Grosso,Concurso do Maior Peixe,Конкурс на самую большую рыбу,Konkurs na największą rybę,いちばん大きな魚 釣り大会,가장 큰 물고기 낚시 대회,最大的鱼 钓鱼比赛,最大的魚 釣魚比賽
CONTEST_BOARD_NEXT,"Next contest: day %d, %s–%s","Sıradaki yarışma: %d. gün, %s–%s","Nächster Wettbewerb: Tag %d, %s–%s","Próximo concurso: día %d, %s–%s","Prochain concours : jour %d, %s–%s","Prossima gara: giorno %d, %s–%s","Próximo concurso: dia %d, %s–%s","Следующий конкурс: день %d, %s–%s","Następne zawody: dzień %d, %s–%s",次の大会:%d日目 %s〜%s,다음 대회: %d일차 %s~%s,下一场比赛：第%d天 %s–%s,下一場比賽：第%d天 %s–%s
CONTEST_BOARD_LAST,Last winner: %s (%s),Son kazanan: %s (%s),Letzter Sieger: %s (%s),Último ganador: %s (%s),Dernier gagnant : %s (%s),Ultimo vincitore: %s (%s),Último vencedor: %s (%s),Прошлый победитель: %s (%s),Ostatni zwycięzca: %s (%s),前回の優勝:%s(%s),지난 우승자: %s (%s),上届冠军：%s（%s）,上屆冠軍：%s（%s）
CONTEST_BOARD_EMPTY,No fish weighed yet,Henüz tartılan balık yok,Noch kein Fisch gewogen,Aún no se ha pesado ningún pez,Aucun poisson pesé pour l'instant,Nessun pesce ancora pesato,Nenhum peixe pesado ainda,Пока ни одной рыбы не взвесили,Jeszcze nie zważono żadnej ryby,まだ量った魚はありません,아직 잰 물고기가 없습니다,还没有鱼过秤,還沒有魚過秤
CONTEST_YOU,You,Sen,Du,Tú,Toi,Tu,Você,Ты,Ty,あなた,당신,你,你
CONTEST_YOUR_BEST,Your best: %s (#%d),Senin en iyin: %s (%d.),Dein bester: %s (Platz %d),Tu mejor: %s (n.º %d),Ton meilleur : %s (n° %d),Il tuo migliore: %s (n. %d),Seu melhor: %s (nº %d),Твой лучший: %s (место %d),Twój najlepszy: %s (miejsce %d),あなたの記録:%s(%d位),내 기록: %s (%d위),你的最佳：%s（第%d名）,你的最佳：%s（第%d名）
CONTEST_YOUR_NONE,Fish here to take part,Katılmak için burada balık tut,"Angle hier, um mitzumachen",Pesca aquí para participar,Pêche ici pour participer,Pesca qui per partecipare,Pesque aqui para participar,"Лови рыбу здесь, чтобы участвовать","Łów tutaj, aby wziąć udział",参加するにはここで釣ろう,참가하려면 여기서 낚시하세요,在这里钓鱼即可参赛,在這裡釣魚即可參賽
CONTEST_HUD_TITLE,Fishing contest · until %s,Balık yarışması · %s'ye kadar,Angelwettbewerb · bis %s,Concurso de pesca · hasta las %s,Concours de pêche · jusqu'à %s,Gara di pesca · fino alle %s,Concurso de pesca · até as %s,Рыболовный конкурс · до %s,Zawody wędkarskie · do %s,釣り大会 · %sまで,낚시 대회 · %s까지,钓鱼比赛 · 到%s,釣魚比賽 · 到%s
MSG_CONTEST_ENTRY,Weighed for the contest: %s — you're #%d,Yarışma için tartıldı: %s — %d. sıradasın,Für den Wettbewerb gewogen: %s — du bist auf Platz %d,Pesado para el concurso: %s — vas n.º %d,Pesé pour le concours : %s — tu es n° %d,Pesato per la gara: %s — sei n. %d,Pesado para o concurso: %s — você está em nº %d,Взвешено для конкурса: %s — ты на %d-м месте,Zważono do konkursu: %s — jesteś na miejscu %d,大会の記録に:%s — 現在%d位,대회 기록: %s — 현재 %d위,比赛过秤：%s — 你排第%d名,比賽過秤：%s — 你排第%d名
MSG_CONTEST_ENTRY_SMALL,Weighed: %s — your best is still %s,Tartıldı: %s — en iyin hâlâ %s,Gewogen: %s — dein bester bleibt %s,Pesado: %s — tu mejor sigue siendo %s,Pesé : %s — ton meilleur reste %s,Pesato: %s — il tuo migliore resta %s,Pesado: %s — seu melhor ainda é %s,Взвешено: %s — твой лучший по-прежнему %s,Zważono: %s — twój najlepszy to wciąż %s,計量:%s — あなたの記録は%sのまま,계량: %s — 내 기록은 여전히 %s,过秤：%s — 你的最佳仍是%s,過秤：%s — 你的最佳仍是%s
MSG_CONTEST_PRIZE_STORED,%d prize fish didn't fit in your bag: they're in the warehouse,"Ödül balıklarından %d tanesi çantana sığmadı, depoya bırakıldı",%d Preisfische passten nicht in deine Tasche: Sie sind im Lager,%d peces del premio no cabían en tu bolsa: están en el almacén,%d poissons du prix ne tenaient pas dans ton sac : ils sont à l'entrepôt,%d pesci del premio non stavano nella borsa: sono nel magazzino,%d peixes do prêmio não couberam na bolsa: estão no armazém,%d призовых рыб не поместились в сумку: они на складе,%d ryb z nagrody nie zmieściło się w torbie: są w magazynie,賞品の魚%d匹はかばんに入らなかったので倉庫に置きました,상품 물고기 %d마리가 가방에 들어가지 않아 창고에 두었습니다,有%d条奖品鱼背包装不下，已放进仓库,有%d條獎品魚背包裝不下，已放進倉庫
ACH_BEST_ANGLER,Best Angler,En İyi Balıkçı,Bester Angler,Mejor pescador,Meilleur pêcheur,Miglior pescatore,Melhor pescador,Лучший рыбак,Najlepszy wędkarz,釣り名人,최고의 낚시꾼,最佳钓手,最佳釣手
ACH_BEST_ANGLER_DESC,You landed the biggest fish of Yeşilova's fishing contest.,Yeşilova balık yarışmasında en büyük balığı sen tuttun.,Du hast beim Angelwettbewerb von Yeşilova den größten Fisch gefangen.,Sacaste el pez más grande del concurso de pesca de Yeşilova.,Tu as sorti le plus gros poisson du concours de pêche de Yeşilova.,Hai preso il pesce più grosso della gara di pesca di Yeşilova.,Você pegou o maior peixe do concurso de pesca de Yeşilova.,Ты поймал самую большую рыбу на конкурсе в Йешилова.,Złowiłeś największą rybę zawodów wędkarskich w Yeşilova.,イェシロヴァの釣り大会でいちばん大きな魚を釣り上げた。,예실로바 낚시 대회에서 가장 큰 물고기를 낚았습니다.,你在耶希洛瓦钓鱼比赛中钓到了最大的鱼。,你在耶希洛瓦釣魚比賽中釣到了最大的魚。
REPORT_PRIZE,Prize money,Ödül,Preisgeld,Premio,Prix,Premio,Prêmio,Призовые,Nagroda,賞金,상금,奖金,獎金
PERSON_FISHER,Cemal the fisherman,Balıkçı Cemal Usta,Fischer Cemal,"Cemal, el pescador",Cemal le pêcheur,Cemal il pescatore,"Cemal, o pescador",Рыбак Джемаль,Rybak Cemal,漁師のジェマル,어부 제말,渔夫杰马尔,漁夫傑馬爾
SAY_FISHER_1,"Patience, son. The big ones bite late.","Sabır evlat, büyükler geç vurur.","Geduld, Junge. Die Großen beißen spät.","Paciencia, hijo. Los grandes pican tarde.","Patience, fiston. Les gros mordent tard.","Pazienza, figliolo. I grossi abboccano tardi.","Paciência, filho. Os grandes mordem tarde.","Терпение, сынок. Крупная клюёт поздно.","Cierpliwości, synu. Duże biorą późno.",辛抱だよ。大物は遅れて食いつく。,참을성 있게 기다려. 큰 놈은 늦게 문다네.,耐心点，孩子。大鱼咬钩晚。,耐心點，孩子。大魚咬鉤晚。
SAY_FISHER_2,I've fished the lake for forty years.,Kırk yıldır gölde balık tutarım.,Ich angle seit vierzig Jahren am See.,Llevo cuarenta años pescando en el lago.,Je pêche au lac depuis quarante ans.,Pesco al lago da quarant'anni.,Pesco no lago há quarenta anos.,Сорок лет рыбачу на озере.,Od czterdziestu lat łowię w jeziorze.,湖で四十年釣っているんだ。,나는 사십 년째 호수에서 낚시를 하지.,我在湖边钓了四十年鱼了。,我在湖邊釣了四十年魚了。
PERSON_VISITOR_A,Fatma Hanım,Fatma Hanım,Frau Fatma,La señora Fatma,Madame Fatma,La signora Fatma,Dona Fatma,Фатма-ханым,Pani Fatma,ファトマさん,파트마 부인,法特玛女士,法特瑪女士
SAY_VISITOR_A_1,We came all the way from Kirazlı to watch!,Kirazlı'dan seyretmeye geldik!,Wir sind extra aus Kirazlı zum Zuschauen gekommen!,¡Hemos venido desde Kirazlı a mirar!,On est venus de Kirazlı exprès pour regarder !,Siamo venuti apposta da Kirazlı per guardare!,Viemos de Kirazlı só para assistir!,Мы из самого Кыразлы приехали посмотреть!,"Przyjechaliśmy aż z Kirazlı, żeby popatrzeć!",キラズルからわざわざ見に来たのよ!,키라즐르에서 구경하러 왔어요!,我们特地从基拉兹勒赶来看热闹！,我們特地從基拉茲勒趕來看熱鬧！
SAY_VISITOR_A_2,My husband says he'd have won. Of course he would.,Bizim bey 'ben olsam kazanırdım' diyor. Tabii tabii.,"Mein Mann sagt, er hätte gewonnen. Natürlich.","Mi marido dice que él habría ganado. Claro, claro.",Mon mari dit qu'il aurait gagné. Mais bien sûr.,"Mio marito dice che avrebbe vinto lui. Certo, certo.","Meu marido diz que ele teria ganhado. Claro, claro.","Муж говорит, что он бы победил. Ну конечно.","Mój mąż mówi, że on by wygrał. No jasne.",うちの人は「自分なら勝てた」ですって。はいはい。,남편은 자기가 나갔으면 이겼을 거래요. 그렇겠죠.,我家那位说他要是参加准赢。是啊是啊。,我家那位說他要是參加準贏。是啊是啊。
PERSON_VISITOR_B,Uncle Mehmet,Mehmet Amca,Onkel Mehmet,El tío Mehmet,Tonton Mehmet,Zio Mehmet,Tio Mehmet,Дядя Мехмет,Wujek Mehmet,メフメトおじさん,메흐메트 아저씨,穆罕默德大叔,穆罕默德大叔
SAY_VISITOR_B_1,In my day the carp were as long as your arm.,Bizim zamanımızda sazanlar kol boyundaydı.,Zu meiner Zeit waren die Karpfen so lang wie dein Arm.,En mis tiempos las carpas eran largas como tu brazo.,"De mon temps, les carpes étaient longues comme le bras.",Ai miei tempi le carpe erano lunghe come un braccio.,No meu tempo as carpas eram do tamanho do seu braço.,В моё время карпы были длиной с руку.,Za moich czasów karpie były długie jak ręka.,わしの若い頃は鯉が腕ほどもあったもんだ。,내 젊었을 땐 잉어가 팔뚝만 했지.,我年轻那会儿，鲤鱼有胳膊那么长。,我年輕那會兒，鯉魚有胳膊那麼長。
SAY_VISITOR_B_2,"Go on, show them how it's done!","Hadi bakalım, göster onlara!","Na los, zeig's ihnen!","¡Venga, enséñales cómo se hace!","Allez, montre-leur comment on fait !","Forza, fagli vedere come si fa!","Vai, mostre a eles como se faz!","Давай, покажи им, как надо!","No dalej, pokaż im, jak to się robi!",さあ、お手本を見せてやれ!,"자, 본때를 보여 주게!",去吧，给他们露一手！,去吧，給他們露一手！
QUEST_WH_PATCH,Mend the warehouse's broken boards too: hit them with wood in hand,Deponun kırık tahtalarını da yenile: elinde odunla üstlerine vur,Bessere auch die kaputten Bretter am Lager aus: Schlag mit Holz in der Hand darauf,Arregla también las tablas rotas del almacén: golpéalas con madera en la mano,Répare aussi les planches cassées de l'entrepôt : frappe-les avec du bois en main,Ripara anche le assi rotte del magazzino: colpiscile con del legno in mano,Conserte também as tábuas quebradas do depósito: bata nelas com madeira na mão,"Почини и сломанные доски склада: бей по ним, держа в руке древесину","Napraw też połamane deski magazynu: uderzaj w nie, trzymając drewno w ręce",倉庫の壊れた板も直す：木材を手に持って叩く,창고의 부서진 판자도 고치기: 목재를 손에 들고 두드리기,也修好仓库的破木板：手拿木材敲打它们,也修好倉庫的破木板：手拿木材敲打它們
QUEST_SNACK,Have a bite to eat: hold some food and press the right mouse button (wild berries will do),"Bir şeyler atıştır: bir yiyeceği eline al, farenin sağ tuşuna bas (yabani meyveler de olur)",Iss eine Kleinigkeit: nimm etwas Essbares in die Hand und drück die rechte Maustaste (wilde Beeren tun es auch),Come algo: sostén comida y pulsa el botón derecho del ratón (las bayas silvestres sirven),Mange un morceau : tiens de la nourriture et appuie sur le bouton droit de la souris (des baies sauvages feront l'affaire),Mangia qualcosa: tieni del cibo in mano e premi il tasto destro del mouse (vanno bene anche le bacche selvatiche),Coma alguma coisa: segure um alimento e aperte o botão direito do mouse (frutinhas silvestres servem),Перекуси: возьми еду в руку и нажми правую кнопку мыши (сгодятся и дикие ягоды),Przekąś coś: weź jedzenie do ręki i naciśnij prawy przycisk myszy (dzikie jagody też się nadadzą),腹ごしらえ：食べ物を手に持って右クリック（野いちごでもいい）,요기하기: 먹을 것을 손에 들고 마우스 오른쪽 버튼 누르기 (산딸기도 좋다),吃点东西：手里拿着食物按鼠标右键（野果也行）,吃點東西：手裡拿著食物按滑鼠右鍵（野果也行）
QUEST_POTATOES,Sow Grandpa's potato seeds in %d beds,Dedenin patates tohumlarını %d yatağa ek,Säe Opas Kartoffeln in %d Beete,Siembra las patatas del abuelo en %d parcelas,Sème les pommes de terre de grand-père dans %d parcelles,Semina le patate del nonno in %d aiuole,Plante as batatas do vovô em %d canteiros,Посади дедову картошку на %d грядках,Zasadź ziemniaki dziadka na %d grządkach,おじいちゃんのジャガイモを%d区画に植える,할아버지의 감자를 밭 %d칸에 심기,把爷爷的土豆种进%d块地,把爺爺的馬鈴薯種進%d塊地
QUEST_FISHING_WAIT,Free time: tomorrow is a day at the pond,Serbest zaman: yarın gölet günü,Freie Zeit: Morgen ist ein Tag am Teich,Tiempo libre: mañana toca día de estanque,"Temps libre : demain, journée à la mare",Tempo libero: domani si va allo stagno,Tempo livre: amanhã é dia de açude,Свободное время: завтра — день у пруда,Czas wolny: jutro dzień nad stawem,自由時間：明日は池で過ごす日,자유 시간: 내일은 연못에서 보내는 날,自由时间：明天去池塘边过一天,自由時間：明天去池塘邊過一天
HINT_EAT_FOOD,Hold something to eat and press the right mouse button,"Yiyecek bir şeyi eline al, farenin sağ tuşuna bas",Nimm etwas Essbares in die Hand und drück die rechte Maustaste,Sostén algo de comer y pulsa el botón derecho del ratón,Tiens quelque chose à manger et appuie sur le bouton droit de la souris,Tieni in mano qualcosa da mangiare e premi il tasto destro del mouse,Segure algo para comer e aperte o botão direito do mouse,Возьми что-нибудь съестное и нажми правую кнопку мыши,Weź coś do jedzenia i naciśnij prawy przycisk myszy,食べ物を手に持って右クリック,먹을 것을 손에 들고 마우스 오른쪽 버튼,手里拿着吃的，按鼠标右键,手裡拿著吃的，按滑鼠右鍵
HINT_BERRIES,Wild berries: pick them with E,Yabani meyveler: E ile topla,Wilde Beeren: mit E pflücken,Bayas silvestres: recógelas con E,Baies sauvages : cueille-les avec E,Bacche selvatiche: raccoglile con E,Frutinhas silvestres: colha com E,Дикие ягоды: собери на E,Dzikie jagody: zbierz je klawiszem E,野いちご：Eで摘む,산딸기: E로 따기,野果：按E采摘,野果：按E採摘
ANIMAL_NAME_TITLE_HEN,Name your hen,Tavuğuna bir isim ver,Gib deinem Huhn einen Namen,Ponle nombre a tu gallina,Donne un nom à ta poule,Dai un nome alla tua gallina,Dê um nome à sua galinha,Назови свою курицу,Nadaj imię swojej kurze,ニワトリに名前をつけよう,암탉에게 이름을 지어 주세요,给你的母鸡起个名字,給你的母雞取個名字
ANIMAL_NAME_TITLE_ROOSTER,Name your rooster,Horozuna bir isim ver,Gib deinem Hahn einen Namen,Ponle nombre a tu gallo,Donne un nom à ton coq,Dai un nome al tuo gallo,Dê um nome ao seu galo,Назови своего петуха,Nadaj imię swojemu kogutowi,オンドリに名前をつけよう,수탉에게 이름을 지어 주세요,给你的公鸡起个名字,給你的公雞取個名字
ANIMAL_NAME_SUB_HEN,Out of her crate and already bossing the coop about. What will you call her?,Kafesten çıkar çıkmaz kümeste patronluk taslamaya başladı. Adı ne olsun?,Kaum aus der Kiste und schon kommandiert sie den Stall herum. Wie soll sie heißen?,Recién salida de su jaula y ya manda en el gallinero. ¿Cómo la vas a llamar?,"À peine sortie de sa cage, elle fait déjà la loi au poulailler. Comment vas-tu l'appeler ?",Appena uscita dalla gabbia e già comanda nel pollaio. Come la chiamerai?,Mal saiu da gaiola e já está mandando no galinheiro. Como vai se chamar?,"Едва вышла из клетки, а уже командует в курятнике. Как ты её назовёшь?","Ledwo wyszła ze skrzynki, a już rządzi w kurniku. Jak ją nazwiesz?",かごから出たとたん、もう小屋を仕切っている。なんて呼ぼうか？,상자에서 나오자마자 벌써 닭장 대장 노릇이다. 이름을 뭐라고 할까요?,刚出笼子就在鸡舍里当起了老大。叫她什么好呢？,剛出籠子就在雞舍裡當起了老大。叫她什麼好呢？
ANIMAL_NAME_SUB_ROOSTER,He struts in like he owns the place. Give him a name worthy of that chest.,Kümese sahibi gibi kasıla kasıla girdi. O göğse yakışır bir isim ver.,"Er stolziert herein, als gehöre ihm der Laden. Gib ihm einen Namen, der zu dieser Brust passt.",Entra pavoneándose como si fuera el dueño. Dale un nombre a la altura de ese pecho.,Il entre en se pavanant comme s'il était chez lui. Donne-lui un nom digne de ce poitrail.,Entra impettito come se fosse il padrone. Dagli un nome all'altezza di quel petto.,"Ele entra todo pomposo, como se fosse o dono do lugar. Dê a ele um nome à altura desse peito.","Входит важно, будто он тут хозяин. Дай ему имя под стать такой груди.","Wkracza dumnie, jakby był tu panem. Nadaj mu imię godne tej piersi.",まるで主のように胸を張って入ってきた。その胸にふさわしい名前を。,주인이라도 된 듯 으스대며 들어왔다. 저 가슴에 어울리는 이름을 지어 주세요.,他昂首挺胸地走进来，好像这里归他管。给他起个配得上这副胸脯的名字吧。,他昂首挺胸地走進來，好像這裡歸他管。給他取個配得上這副胸脯的名字吧。
ANIMAL_NAME_IDEAS_HEN,Clucky|Nugget|Lady Feathers|Pip|Omelette,Gıdık|Pıtırcık|Tavuk Hanım|Bıdık|Fıstık,Gackerine|Nugget|Frau Federchen|Piepsi|Omelette,Cocorita|Pepita|Doña Plumas|Pío|Tortilla,Cocotte|Pépette|Madame Plume|Piou|Omelette,Coccodè|Pepita|Signora Piuma|Pio|Frittatina,Cocó|Pipoca|Dona Pena|Pintadinha|Omelete,Кудахта|Пеструшка|Госпожа Пёрышко|Цыпа|Омлетка,Ko-Ko|Pestka|Pani Piórko|Pipi|Omletka,コッコ|ぴよ子|はね奥さま|たまちゃん|ぷっくり,꼬꼬|삐약이|깃털 부인|달걀이|통통이,咯咯|小豆|羽毛夫人|蛋蛋|胖胖,咯咯|小豆|羽毛夫人|蛋蛋|胖胖
ANIMAL_NAME_IDEAS_ROOSTER,Pasha|Sultan|Sir Crowsalot|Captain|Elvis,Paşa|Sultan|Horozcan|Kaptan|Ötücü,Pascha|Sultan|Graf Kikeriki|Kapitän|Elvis,Pachá|Sultán|Don Quiquiriquí|Capitán|Elvis,Pacha|Sultan|Sire Cocorico|Capitaine|Elvis,Pascià|Sultano|Conte Chicchirichì|Capitano|Elvis,Paxá|Sultão|Senhor Cocoricó|Capitão|Elvis,Паша|Султан|Граф Кукареку|Капитан|Элвис,Pasza|Sułtan|Hrabia Kukuryku|Kapitan|Elvis,パシャ|スルタン|コケコッコー伯爵|キャプテン|エルビス,파샤|술탄|꼬끼오 백작|캡틴|엘비스,帕夏|苏丹|喔喔伯爵|船长|猫王,帕夏|蘇丹|喔喔伯爵|船長|貓王
MSG_ANIMAL_NAMED,%s has moved into the coop!,%s kümese yerleşti!,%s ist in den Hühnerstall eingezogen!,¡%s se ha mudado al gallinero!,%s s'est installé(e) au poulailler !,%s si è sistemato nel pollaio!,%s se mudou para o galinheiro!,%s поселился в курятнике!,%s wprowadza się do kurnika!,%sが小屋に引っ越してきた！,"%s, 닭장에 입주 완료!",%s住进鸡舍啦！,%s住進雞舍啦！
MSG_ROOSTER_FAINTED_NAMED,%s fainted!,%s bayıldı!,%s ist in Ohnmacht gefallen!,¡%s se desmayó!,%s s'est évanoui !,%s è svenuto!,%s desmaiou!,%s упал в обморок!,%s zemdlał!,%sが気絶した！,"%s, 기절했다!",%s晕倒了！,%s暈倒了！
SETTINGS_COMIC_ANIMALS,Funny animals,Komik hayvanlar,Lustige Tiere,Animales graciosos,Animaux rigolos,Animali buffi,Animais engraçados,Забавные животные,Zabawne zwierzęta,おもしろ動物,웃긴 동물들,搞笑动物,搞笑動物
SETTINGS_COMIC_ANIMALS_DESC,"Big googly eyes for the poultry and the fish, and a few silly moments now and then. Off: the animals look as real as they can.","Tavuklara, horozlara ve balıklara kocaman gözler, arada bir de küçük komiklikler. Kapalıyken hayvanlar olabildiğince gerçekçi görünür.",Große Kulleraugen für Hühner und Fische und ab und zu ein paar alberne Momente. Aus: Die Tiere sehen so echt aus wie möglich.,"Ojos saltones enormes para las aves y los peces, y algún que otro momento tonto. Desactivado: los animales lucen lo más reales posible.","De grands yeux ronds pour les volailles et les poissons, et quelques moments loufoques de temps en temps. Désactivé : les animaux sont aussi réalistes que possible.","Occhioni enormi per il pollame e i pesci, e ogni tanto qualche momento buffo. Disattivato: gli animali sembrano il più veri possibile.","Olhos esbugalhados enormes para as aves e os peixes, e uns momentos bobos de vez em quando. Desligado: os animais parecem o mais reais possível.",Большие глаза-пуговицы у кур и рыб и иногда немного дурачества. Выключено: животные выглядят как можно реалистичнее.,"Wielkie wyłupiaste oczy dla drobiu i ryb, a od czasu do czasu trochę głupawych chwil. Wyłączone: zwierzęta wyglądają jak najbardziej realistycznie.",ニワトリや魚に大きなギョロ目、ときどきちょっとしたおふざけも。オフにすると動物はできるだけリアルな見た目になります。,"닭과 물고기에게 커다란 왕눈이, 가끔은 우스운 순간도. 끄면 동물들이 최대한 사실적으로 보여요.",给家禽和鱼加上大大的卡通眼睛，偶尔还有些滑稽小插曲。关闭后动物尽可能逼真。,給家禽和魚加上大大的卡通眼睛，偶爾還有些滑稽小插曲。關閉後動物盡可能逼真。
CHAPTER_EXPLORE,Grandpa's corners,Dedenin köşeleri,Opas Lieblingsorte,Los rincones del abuelo,Les coins de grand-père,Gli angoli del nonno,Os cantinhos do vovô,Дедушкины места,Zakątki dziadka,おじいちゃんの思い出の場所,할아버지의 추억이 깃든 곳,爷爷的老地方,爺爺的老地方
CHAPTER_EXPLORE_NOTE,"Come, child, walk the land with me: I'll show you my favourite corners. Pick yourself some wild berries on the way; there's no working on an empty stomach.","Gel evladım, araziyi bir dolaşalım: sana en sevdiğim köşeleri göstereyim. Yolda kendine biraz yaban meyvesi de topla; aç karnına iş olmaz.","Komm, Kind, geh mit mir übers Land: Ich zeige dir meine liebsten Ecken. Pflück dir unterwegs ein paar wilde Beeren; mit leerem Magen arbeitet es sich schlecht.","Ven, hijo, recorre la tierra conmigo: te enseñaré mis rincones favoritos. Por el camino coge unas bayas silvestres; con el estómago vacío no se trabaja.","Viens, mon petit, faire le tour des terres avec moi : je vais te montrer mes coins préférés. Cueille-toi quelques baies sauvages en chemin ; on ne travaille pas le ventre vide.","Vieni, ragazzo, fai un giro della terra con me: ti mostro i miei angoli preferiti. Lungo la strada raccogli qualche bacca selvatica; a stomaco vuoto non si lavora.","Venha, meu filho, ande pela terra comigo: vou te mostrar meus cantinhos favoritos. No caminho, colha umas frutinhas silvestres; de barriga vazia ninguém trabalha.","Пойдём, дитя, обойдём землю: покажу тебе свои любимые уголки. По дороге набери диких ягод: на пустой желудок не работается.","Chodź, dziecko, obejdźmy ziemię: pokażę ci moje ulubione zakątki. Po drodze nazbieraj dzikich jagód; o pustym żołądku się nie pracuje.",さあ、一緒に土地を歩こう。わしのお気に入りの場所を見せてやる。道すがら野いちごでも摘むといい。腹ぺこでは仕事にならんからな。,"자, 나랑 땅을 한 바퀴 돌아보자. 내가 아끼던 곳들을 보여 주마. 가는 길에 산딸기도 좀 따 먹어라. 빈속으로는 일이 안 되는 법이다.",来，孩子，陪我把这片地走一走：带你看看我最喜欢的几个地方。路上摘点野果子吃；空着肚子可干不了活。,來，孩子，陪我把這片地走一走：帶你看看我最喜歡的幾個地方。路上摘點野果子吃；空著肚子可幹不了活。
CHAPTER_FIELDS,The field grows,Tarla büyüyor,Das Feld wächst,El campo crece,Le champ s'agrandit,Il campo cresce,O campo cresce,Поле растёт,Pole rośnie,畑を広げる,밭이 넓어진다,田地扩大,田地擴大
CHAPTER_FIELDS_NOTE,"Three beds feed a hen, not a farmer. Till a few more, sow the new seeds and water them well; the soil gives back what you give it. And if a felled tree left you a sapling, plant it: a farm should leave more trees than it found.","Üç yatak bir tavuğu doyurur, çiftçiyi değil. Birkaç yatak daha sür, yeni tohumları ek, iyice sula; toprak ne verirsen onu geri verir. Kestiğin ağaçlardan fidan düştüyse onu da dik: çiftlik bulduğundan fazla ağaç bırakmalı.","Drei Beete machen ein Huhn satt, keinen Bauern. Leg ein paar mehr an, säe die neuen Samen und gieß sie gut; der Boden gibt zurück, was du ihm gibst. Und hat dir ein gefällter Baum einen Setzling gelassen, pflanz ihn: Ein Hof sollte mehr Bäume hinterlassen, als er vorgefunden hat.","Tres parcelas dan de comer a una gallina, no a un granjero. Prepara unas cuantas más, siembra las semillas nuevas y riégalas bien; la tierra te devuelve lo que le das. Y si un árbol talado te dejó un plantón, plántalo: una granja debe dejar más árboles de los que encontró.","Trois parcelles nourrissent une poule, pas un fermier. Prépares-en quelques autres, sème les nouvelles graines et arrose-les bien ; la terre rend ce qu'on lui donne. Et si un arbre abattu t'a laissé un jeune plant, plante-le : une ferme doit laisser plus d'arbres qu'elle n'en a trouvé.","Tre aiuole sfamano una gallina, non un contadino. Preparane qualcuna in più, semina i semi nuovi e annaffiali bene; la terra restituisce quel che le dai. E se un albero abbattuto ti ha lasciato un alberello, piantalo: una fattoria deve lasciare più alberi di quanti ne ha trovati.","Três canteiros alimentam uma galinha, não um fazendeiro. Prepare mais alguns, plante as sementes novas e regue bem; a terra devolve o que você dá a ela. E se uma árvore derrubada te deixou uma muda, plante-a: uma fazenda deve deixar mais árvores do que encontrou.","Три грядки прокормят курицу, а не фермера. Вскопай ещё несколько, посей новые семена и хорошенько полей: земля возвращает то, что ты ей даёшь. А если срубленное дерево оставило тебе саженец, посади его: ферма должна оставить больше деревьев, чем нашла.","Trzy grządki wyżywią kurę, nie rolnika. Przekop jeszcze kilka, posiej nowe nasiona i dobrze podlej; ziemia oddaje to, co jej dajesz. A jeśli ścięte drzewo zostawiło ci sadzonkę, posadź ją: gospodarstwo powinno zostawić więcej drzew, niż zastało.",三つの畑じゃニワトリは養えても、農家は養えん。もう少し耕して、新しい種をまき、たっぷり水をやりなさい。土は与えたぶんだけ返してくれる。切った木が苗木を残していたら、それも植えておくれ。農場は見つけたときより多くの木を残すもんじゃ。,"밭 세 칸으로는 닭은 먹여도 농부는 못 먹인다. 몇 칸 더 갈고, 새 씨앗을 뿌리고, 물을 듬뿍 주거라. 땅은 준 만큼 돌려준단다. 베어 낸 나무가 묘목을 남겼거든 그것도 심어라. 농장은 처음보다 더 많은 나무를 남겨야 하는 법이지.",三块地养得活一只鸡，养不活一个庄稼人。再多锄几块，把新种子种下，好好浇水；土地你给它多少，它就还你多少。要是砍倒的树留下了树苗，也把它种上：一个农场留下的树，应该比它当初找到的还多。,三塊地養得活一隻雞，養不活一個莊稼人。再多鋤幾塊，把新種子種下，好好澆水；土地你給它多少，它就還你多少。要是砍倒的樹留下了樹苗，也把它種上：一個農場留下的樹，應該比它當初找到的還多。
QUEST_EXPLORE,Walk the land: visit Grandpa's favourite spots (follow the dot),Araziyi keşfet: dedenin sevdiği yerleri gez (işareti takip et),Erkunde das Land: Besuch Opas Lieblingsorte (folge dem Punkt),Recorre la tierra: visita los rincones favoritos del abuelo (sigue el punto),Fais le tour des terres : visite les coins préférés de grand-père (suis le point),Esplora la terra: visita i posti preferiti del nonno (segui il punto),Explore a terra: visite os cantinhos favoritos do vovô (siga o ponto),Обойди землю: побывай в любимых местах дедушки (иди за точкой),Poznaj ziemię: odwiedź ulubione miejsca dziadka (idź za kropką),土地をめぐる：おじいちゃんのお気に入りの場所を訪ねる（マーカーをたどる）,땅 둘러보기: 할아버지가 아끼던 곳 찾아가기 (점을 따라가기),走走这片地：去看看爷爷最喜欢的地方（跟着标记走）,走走這片地：去看看爺爺最喜歡的地方（跟著標記走）
QUEST_STONES,Break a rock or two nearby with the pickaxe and gather the stone (%d),"Kazmayla yakındaki bir iki kayayı kır, taşları topla (%d)","Brich mit der Spitzhacke ein, zwei Felsen in der Nähe und sammle die Steine (%d)",Rompe una o dos rocas cercanas con el pico y recoge la piedra (%d),Casse un rocher ou deux tout près avec la pioche et ramasse les pierres (%d),Spacca una o due rocce qui vicino col piccone e raccogli le pietre (%d),Quebre uma ou duas rochas aqui perto com a picareta e junte as pedras (%d),Разбей киркой пару камней поблизости и собери камень (%d),Rozbij kilofem pobliską skałę czy dwie i zbierz kamienie (%d),近くの岩をツルハシで一つ二つ砕き、石を集める（%d）,가까운 바위를 곡괭이로 한두 개 깨서 돌 모으기 (%d),用十字镐敲碎附近的一两块岩石，捡起石头（%d）,用十字鎬敲碎附近的一兩塊岩石，撿起石頭（%d）
QUEST_BERRIES,Pick wild berries from the bushes at the forest's edge (E),Orman kenarındaki çalılardan yaban meyvesi topla (E),Pflück wilde Beeren von den Sträuchern am Waldrand (E),Recoge bayas silvestres de los arbustos al borde del bosque (E),Cueille des baies sauvages sur les buissons à l'orée du bois (E),Raccogli bacche selvatiche dai cespugli al limitare del bosco (E),Colha frutinhas silvestres dos arbustos na beira da mata (E),Собери дикие ягоды с кустов на опушке (E),Nazbieraj dzikich jagód z krzaków na skraju lasu (E),森のはずれの茂みで野いちごを摘む（E）,숲 가장자리 덤불에서 산딸기 따기 (E),从林边的灌木丛采野果（按 E）,從林邊的灌木叢採野果（按 E）
QUEST_SEEDS,"While you're in town, buy seeds at the market (%d)",Kasabadayken marketten tohum al (%d),Kauf in der Stadt Samen auf dem Markt (%d),"Ya que estás en el pueblo, compra semillas en el mercado (%d)","Tant que tu es en ville, achète des graines au marché (%d)","Già che sei in paese, compra dei semi al mercato (%d)","Já que está na cidade, compre sementes no mercado (%d)","Раз уж ты в городке, купи семена на рынке (%d)","Skoro jesteś w miasteczku, kup nasiona na targu (%d)",町にいるうちに市場で種を買う（%d）,시내에 간 김에 시장에서 씨앗 사기 (%d),趁在镇上，去市场买些种子（%d）,趁在鎮上，去市場買些種子（%d）
QUEST_TILL2,Till %d more beds with the hoe,Çapayla %d yatak daha sür,Leg mit der Hacke %d weitere Beete an,Labra %d parcelas más con la azada,Laboure %d parcelles de plus avec la houe,Prepara altre %d aiuole con la zappa,Are mais %d canteiros com a enxada,Вскопай мотыгой ещё %d грядки,Przekop motyką jeszcze %d grządki,クワで畑をあと%d区画耕す,괭이로 밭 %d칸 더 갈기,用锄头再锄%d块地,用鋤頭再鋤%d塊地
QUEST_SOW,Sow the new beds (any seeds: the new ones or Grandpa's potatoes),Yeni yataklara tohum ek (hangisi olursa: yeni tohumlar ya da dedenin patatesleri),Säe in die neuen Beete (egal was: die neuen Samen oder Opas Kartoffeln),Siembra las parcelas nuevas (lo que sea: las semillas nuevas o las patatas del abuelo),Sème les nouvelles parcelles (au choix : les nouvelles graines ou les pommes de terre de grand-père),Semina le aiuole nuove (va bene tutto: i semi nuovi o le patate del nonno),Plante nos canteiros novos (qualquer semente: as novas ou as batatas do vovô),Засей новые грядки (чем угодно: новыми семенами или дедушкиной картошкой),Obsiej nowe grządki (czymkolwiek: nowymi nasionami albo ziemniakami dziadka),新しい畑に種をまく（新しい種でも、おじいちゃんのジャガイモでもいい）,새 밭에 씨앗 심기 (새 씨앗이든 할아버지의 감자든 상관없다),在新锄的地里播种（新种子或爷爷的土豆都行）,在新鋤的地裡播種（新種子或爺爺的馬鈴薯都行）
QUEST_WATER2,Water the newly sown beds,Yeni ekilen yatakları sula,Gieß die frisch gesäten Beete,Riega las parcelas recién sembradas,Arrose les parcelles fraîchement semées,Annaffia le aiuole appena seminate,Regue os canteiros recém-plantados,Полей только что засеянные грядки,Podlej świeżo obsiane grządki,まいたばかりの畑に水をやる,방금 씨앗을 심은 밭에 물 주기,给刚播种的地浇水,替剛播種的地澆水
QUEST_SAPLING,"Plant the sapling a felled tree left you on open ground (hold it, left click)","Kestiğin ağaçtan düşen fidanı boş bir yere dik (eline al, sol tık)","Pflanz den Setzling, den dir ein gefällter Baum gelassen hat, auf freiem Boden (in die Hand nehmen, Linksklick)","Planta en terreno libre el plantón que te dejó un árbol talado (sostenlo, clic izquierdo)","Plante sur un terrain dégagé le jeune plant laissé par un arbre abattu (tiens-le, clic gauche)","Pianta in un terreno libero l'alberello lasciato da un albero abbattuto (tienilo in mano, clic sinistro)","Plante em terreno aberto a muda que uma árvore derrubada deixou (segure-a, clique esquerdo)","Посади на открытом месте саженец, оставшийся от срубленного дерева (возьми в руку, левый клик)","Posadź na wolnym terenie sadzonkę ze ściętego drzewa (weź ją do ręki, lewy przycisk)",切った木が残した苗木を空き地に植える（手に持って左クリック）,베어 낸 나무가 남긴 묘목을 빈 땅에 심기 (손에 들고 왼쪽 클릭),把砍树掉下的树苗种在空地上（拿在手里，按左键）,把砍樹掉下的樹苗種在空地上（拿在手裡，按左鍵）
QUEST_WATER3,Water the sown beds again: a crop wants water every day,Ekili yatakları yeniden sula: ekin her gün su ister,"Gieß die gesäten Beete noch einmal: Was wächst, will jeden Tag Wasser",Riega otra vez las parcelas sembradas: lo sembrado pide agua cada día,Arrose de nouveau les parcelles semées : ce qui pousse veut de l'eau chaque jour,Annaffia di nuovo le aiuole seminate: quel che cresce vuole acqua ogni giorno,Regue de novo os canteiros plantados: planta quer água todo dia,Снова полей засеянные грядки: посевы просят воды каждый день,Podlej znów obsiane grządki: uprawy chcą wody codziennie,種をまいた畑にもう一度水をやる：作物は毎日水を欲しがる,씨앗을 심은 밭에 다시 물 주기: 작물은 매일 물을 원해요,再给播了种的地浇一次水：庄稼天天都要喝水,再替播了種的地澆一次水：莊稼天天都要喝水
HINT_EXPLORE_NEXT,Next: %s,Sıradaki: %s,Als Nächstes: %s,Siguiente: %s,Ensuite : %s,Prossima tappa: %s,Próximo: %s,Дальше: %s,Następnie: %s,次は：%s,다음: %s,下一站：%s,下一站：%s
HINT_PLANT_SAPLING,A good open spot for it: hold the sapling and left click,"Fidan için uygun boş bir yer: fidanı eline al, sol tık","Ein guter freier Platz dafür: Setzling in die Hand, Linksklick",Un buen sitio libre para él: sostén el plantón y haz clic izquierdo,Un bon coin dégagé pour lui : tiens le jeune plant et clic gauche,Un buon posto libero: tieni l'alberello in mano e clic sinistro,Um bom lugar aberto para ela: segure a muda e clique esquerdo,Хорошее открытое место: возьми саженец и нажми левую кнопку,Dobre wolne miejsce: weź sadzonkę do ręki i kliknij lewym,苗木にいい空き地：手に持って左クリック,묘목 심기 좋은 빈 땅: 손에 들고 왼쪽 클릭,适合种树苗的空地：拿着树苗按左键,適合種樹苗的空地：拿著樹苗按左鍵
MSG_SPOT_FOUND,Discovered: %s,Keşfedildi: %s,Entdeckt: %s,Descubierto: %s,Découvert : %s,Scoperto: %s,Descoberto: %s,Открыто: %s,Odkryto: %s,発見：%s,발견: %s,发现：%s,發現：%s
SPOT_POND,Grandpa's pond,Dedenin göleti,Opas Teich,El estanque del abuelo,L'étang de grand-père,Lo stagno del nonno,O lago do vovô,Дедушкин пруд,Staw dziadka,おじいちゃんの池,할아버지의 연못,爷爷的池塘,爺爺的池塘
SPOT_WOODS,The old forest,Yaşlı orman,Der alte Wald,El bosque viejo,La vieille forêt,Il vecchio bosco,A mata antiga,Старый лес,Stary las,古い森,오래된 숲,老林子,老林子
SPOT_PASTURE,The old pasture,Eski mera,Die alte Weide,El viejo prado,Le vieux pâturage,Il vecchio pascolo,O pasto antigo,Старое пастбище,Stare pastwisko,古い牧草地,옛 목초지,老牧场,老牧場
SPOT_QUARRY,The quarry,Taş ocağı,Der Steinbruch,La cantera,La carrière,La cava,A pedreira,Каменоломня,Kamieniołom,石切り場,채석장,采石场,採石場
EXPLORE_POND_LINE,"This pond fed us in the lean years. One day make yourself a rod, and we'll see what bites.","Bu gölet zor yıllarda bizi doyurdu. Bir gün kendine bir olta yap, bakalım neler vuracak.","Dieser Teich hat uns in mageren Jahren satt gemacht. Bau dir eines Tages eine Angel, dann sehen wir, was anbeißt.",Este estanque nos dio de comer en los años malos. Algún día hazte una caña y veremos qué pica.,"Cet étang nous a nourris pendant les années maigres. Un jour, fabrique-toi une canne, et on verra ce qui mord.","Questo stagno ci ha sfamati negli anni magri. Un giorno fatti una canna, e vedremo cosa abbocca.","Este lago matou nossa fome nos anos difíceis. Um dia faça uma vara de pescar, e vamos ver o que morde a isca.","Этот пруд кормил нас в голодные годы. Сделай себе однажды удочку, и посмотрим, что клюнет.","Ten staw karmił nas w chude lata. Zrób sobie kiedyś wędkę, a zobaczymy, co bierze.",この池には苦しい年に何度も助けられた。いつか釣り竿をこしらえたら、何が食いつくか見てみよう。,"흉년이 들 때마다 이 연못이 우리를 먹여 살렸지. 언젠가 낚싯대를 만들거든, 뭐가 무는지 보자꾸나.",荒年里，是这片池塘养活了我们。哪天做根鱼竿，看看能钓上什么来。,荒年裡，是這片池塘養活了我們。哪天做根釣竿，看看能釣上什麼來。
EXPLORE_WOODS_LINE,Our firewood has always come from this forest. But at night the wolves come down out of it; don't wander here after dark.,Odunumuz hep bu ormandan gelir. Ama geceleri kurtlar buradan iner; hava karardıktan sonra buralarda dolaşma.,Unser Feuerholz kam immer aus diesem Wald. Aber nachts kommen die Wölfe daraus herunter; treib dich hier nach Einbruch der Dunkelheit nicht herum.,Nuestra leña siempre ha salido de este bosque. Pero de noche los lobos bajan de él; no andes por aquí cuando oscurezca.,"Notre bois de chauffage est toujours venu de cette forêt. Mais la nuit, les loups en descendent ; ne traîne pas par ici après la tombée du jour.",La nostra legna è sempre venuta da questo bosco. Ma di notte i lupi scendono da qui; non girare da queste parti dopo il tramonto.,Nossa lenha sempre veio desta mata. Mas à noite os lobos descem dela; não ande por aqui depois que escurecer.,Дрова у нас всегда были из этого леса. Но ночью из него спускаются волки: не броди здесь после заката.,Nasze drewno na opał zawsze pochodziło z tego lasu. Ale nocą schodzą z niego wilki; nie kręć się tu po zmroku.,うちの薪はずっとこの森から取ってきた。だが夜になると、狼がここから下りてくる。暗くなったらこの辺りをうろつくんじゃないぞ。,우리 땔감은 늘 이 숲에서 났지. 하지만 밤이면 늑대들이 여기서 내려온다. 어두워진 뒤엔 이 근처를 돌아다니지 마라.,咱家的柴火一直都是从这片林子里来的。可一到夜里，狼就从这儿下山；天黑以后别在这一带转悠。,咱家的柴火一直都是從這片林子裡來的。可一到夜裡，狼就從這兒下山；天黑以後別在這一帶轉悠。
EXPLORE_PASTURE_LINE,My sheep used to graze here. One day we'll put up a barn on it and bring the sheep back.,"Eskiden koyunlarım burada otlardı. İleride buraya bir ağıl kurar, koyunları geri getiririz.",Hier haben früher meine Schafe geweidet. Eines Tages bauen wir hier einen Stall und holen die Schafe zurück.,Aquí pastaban mis ovejas. Algún día levantaremos un establo y traeremos de vuelta a las ovejas.,"Mes moutons paissaient ici autrefois. Un jour, on y montera une étable et on fera revenir les moutons.",Qui un tempo pascolavano le mie pecore. Un giorno ci tireremo su una stalla e riporteremo le pecore.,Minhas ovelhas pastavam aqui. Um dia a gente levanta um celeiro e traz as ovelhas de volta.,Здесь когда-то паслись мои овцы. Однажды мы поставим тут хлев и вернём овец.,Kiedyś pasły się tu moje owce. Pewnego dnia postawimy tu oborę i sprowadzimy owce z powrotem.,昔はここでわしの羊が草をはんでおった。いつかここに家畜小屋を建てて、羊を連れ戻そう。,예전엔 내 양들이 여기서 풀을 뜯었지. 언젠가 여기에 축사를 짓고 양들을 다시 데려오자꾸나.,以前我的羊就在这儿吃草。总有一天，我们在这儿盖个畜棚，把羊再养起来。,以前我的羊就在這兒吃草。總有一天，我們在這兒蓋個畜棚，把羊再養起來。
EXPLORE_QUARRY_LINE,"A knife, arrows, a hearth: they all start with stone. Take your pickaxe to these rocks.","Bıçak, ok, ocak... Hepsi taşla başlar. Kazmanı al, şu kayalara bir vur.","Ein Messer, Pfeile, eine Feuerstelle: Alles fängt mit Stein an. Nimm dir die Spitzhacke und ran an die Felsen.","Un cuchillo, flechas, un hogar: todo empieza con piedra. Coge el pico y dale a estas rocas.","Un couteau, des flèches, un foyer : tout commence par la pierre. Prends ta pioche et attaque ces rochers.","Un coltello, le frecce, un focolare: tutto comincia dalla pietra. Prendi il piccone e dacci dentro con queste rocce.","Uma faca, flechas, uma fogueira: tudo começa com pedra. Pegue a picareta e mande ver nessas rochas.","Нож, стрелы, очаг — всё начинается с камня. Бери кирку и берись за эти скалы.","Nóż, strzały, palenisko: wszystko zaczyna się od kamienia. Weź kilof i do roboty przy tych skałach.",ナイフも矢もかまども、みんな石から始まる。ツルハシを持って、この岩を砕いてごらん。,"칼도, 화살도, 화덕도 다 돌에서 시작된다. 곡괭이를 들고 이 바위들을 깨 보거라.",刀子、箭、灶台，全都从石头开始。拿上十字镐，敲敲这些岩石。,刀子、箭、灶台，全都從石頭開始。拿上十字鎬，敲敲這些岩石。
SETTINGS_DEVELOPER,Developer,Geliştirici,Entwickler,Desarrollador,Développeur,Sviluppatore,Desenvolvedor,Разработчик,Deweloper,開発者,개발자,开发者,開發者
SETTINGS_TEST_KEYS,Test shortcuts,Test kısayolları,Test-Tastenkürzel,Atajos de prueba,Raccourcis de test,Scorciatoie di test,Atalhos de teste,Тестовые клавиши,Skróty testowe,テスト用ショートカット,테스트 단축키,测试快捷键,測試快捷鍵
SETTINGS_TEST_KEYS_DESC,Hold F6 and time runs 30 times faster; F7 skips to the next morning as if you had slept; F8 moves the clock on an hour. For testing.,F6'ya basılı tuttukça zaman 30 kat hızlı akar; F7 uyumuşsun gibi ertesi sabaha geçer; F8 saati bir saat ileri alır. Test için.,"Halte F6 gedrückt, und die Zeit läuft 30-mal so schnell; F7 springt zum nächsten Morgen, als hättest du geschlafen; F8 stellt die Uhr eine Stunde vor. Zum Testen.",Mantén F6 y el tiempo corre 30 veces más rápido; F7 salta a la mañana siguiente como si hubieras dormido; F8 adelanta el reloj una hora. Para pruebas.,Maintiens F6 et le temps passe 30 fois plus vite ; F7 passe au lendemain matin comme si tu avais dormi ; F8 avance l'horloge d'une heure. Pour les tests.,Tieni premuto F6 e il tempo scorre 30 volte più veloce; F7 salta al mattino dopo come se avessi dormito; F8 manda avanti l'orologio di un'ora. Per i test.,Segure F6 e o tempo passa 30 vezes mais rápido; F7 pula para a manhã seguinte como se você tivesse dormido; F8 adianta o relógio em uma hora. Para testes.,"Удерживай F6, и время идёт в 30 раз быстрее; F7 переносит в следующее утро, как будто ты поспал; F8 переводит часы на час вперёд. Для тестов.","Przytrzymaj F6, a czas płynie 30 razy szybciej; F7 przenosi do następnego ranka, jakbyś się przespał; F8 przesuwa zegar o godzinę. Do testów.",F6を押している間は時間が30倍速で進み、F7で眠ったときと同じように翌朝へ進み、F8で時計を1時間進めます。テスト用です。,"F6을 누르고 있으면 시간이 30배 빠르게 흐르고, F7은 잠을 잔 것처럼 다음 날 아침으로 넘어가며, F8은 시계를 한 시간 앞당깁니다. 테스트용입니다.",按住 F6 时间以 30 倍速流逝；F7 像睡了一觉一样跳到第二天早上；F8 将时钟拨快一小时。仅供测试。,按住 F6 時間以 30 倍速流逝；F7 像睡了一覺一樣跳到隔天早上；F8 將時鐘撥快一小時。僅供測試。
BIND_TEST_FAST,Time ×30 (hold),Zaman ×30 (basılı tut),Zeit ×30 (halten),Tiempo ×30 (mantener),Temps ×30 (maintenir),Tempo ×30 (tieni premuto),Tempo ×30 (segurar),Время ×30 (удерживать),Czas ×30 (przytrzymaj),時間×30(長押し),시간 ×30 (누르고 있기),时间 ×30（按住）,時間 ×30（按住）
BIND_TEST_MORNING,Skip to the next morning,Ertesi sabaha geç,Zum nächsten Morgen springen,Saltar a la mañana siguiente,Passer au lendemain matin,Salta al mattino dopo,Pular para a manhã seguinte,Перейти к следующему утру,Przejdź do następnego ranka,翌朝へ進む,다음 날 아침으로,跳到第二天早上,跳到隔天早上
BIND_TEST_HOUR,Clock +1 hour,Saat +1,Uhr +1 Stunde,Reloj +1 hora,Horloge +1 heure,Orologio +1 ora,Relógio +1 hora,Часы +1 час,Zegar +1 godzina,時計 +1時間,시계 +1시간,时钟 +1 小时,時鐘 +1 小時
TEST_FAST_HINT,Time ×%d,Zaman ×%d,Zeit ×%d,Tiempo ×%d,Temps ×%d,Tempo ×%d,Tempo ×%d,Время ×%d,Czas ×%d,時間×%d,시간 ×%d,时间 ×%d,時間 ×%d
MSG_TEST_HOUR,Clock moved on an hour: %s,Saat bir saat ileri alındı: %s,Uhr eine Stunde vorgestellt: %s,Reloj adelantado una hora: %s,Horloge avancée d'une heure : %s,Orologio avanti di un'ora: %s,Relógio adiantado uma hora: %s,Часы переведены на час вперёд: %s,Zegar przesunięty o godzinę: %s,時計を1時間進めました:%s,시계를 한 시간 앞당겼습니다: %s,时钟拨快了一小时：%s,時鐘撥快了一小時：%s
HINT_SERVICE_AWAY,"We're at the event: take what you need, leave the money in the till","Etkinlikteyiz: kendin al, parayı kasaya bırak","Wir sind beim Fest: Nimm dir, was du brauchst, und leg das Geld in die Kasse",Estamos en el evento: coge lo que necesites y deja el dinero en la caja,Nous sommes à la fête : sers-toi et laisse l'argent dans la caisse,Siamo all'evento: prendi quello che ti serve e lascia i soldi in cassa,Estamos no evento: pegue o que precisar e deixe o dinheiro no caixa,"Мы на празднике: бери что нужно, деньги оставь в кассе","Jesteśmy na wydarzeniu: weź, co trzeba, a pieniądze zostaw w kasie",イベントに出かけています。必要な物を取って、お金はレジに置いてください,행사에 가 있어요. 필요한 걸 가져가고 돈은 계산대에 두세요,我们去参加活动了：需要什么自己拿，钱放在收银台,我們去參加活動了：需要什麼自己拿，錢放在收銀台
MSG_ZEYNEP_AT_EVENT,Nobody's home. Zeynep must be at the town's event too.,Kimse yok. Zeynep de kasabadaki etkinliğe gitmiş olmalı.,Niemand zu Hause. Zeynep ist bestimmt auch beim Fest im Ort.,No hay nadie. Zeynep también debe de estar en el evento del pueblo.,"Personne. Zeynep doit être à la fête du village, elle aussi.",Non c'è nessuno. Anche Zeynep sarà all'evento in paese.,Não tem ninguém. A Zeynep também deve estar no evento da cidade.,"Никого нет дома. Наверное, Зейнеп тоже на празднике в городке.",Nikogo nie ma. Zeynep pewnie też jest na wydarzeniu w miasteczku.,誰もいない。ゼイネップも町のイベントに出かけたようだ。,아무도 없어요. 제이넵도 마을 행사에 간 모양이에요.,家里没人。泽伊内普大概也去镇上的活动了。,家裡沒人。澤伊內普大概也去鎮上的活動了。
ZEYNEP_SAY_EVENT,"Oh, you came too! Karamel loves it here.","Aa, sen de gelmişsin! Karamel buraya bayıldı.","Oh, du bist auch da! Karamel gefällt es hier sehr.","¡Anda, tú también has venido! A Karamel le encanta esto.","Oh, tu es venu aussi ! Karamel adore cet endroit.","Oh, sei venuto anche tu! A Karamel piace un sacco qui.","Ah, você veio também! O Karamel adorou isto aqui.","О, и ты пришёл! Карамелю здесь очень нравится.","O, ty też przyszedłeś! Karamel jest tu zachwycony.",あら、あなたも来たのね！カラメルもここが大好きなの。,"어머, 당신도 왔네요! 카라멜이 여기를 정말 좋아해요.",哎呀，你也来啦！卡拉梅尔可喜欢这儿了。,哎呀，你也來啦！卡拉梅爾可喜歡這兒了。
SIDE_HINT_AT_EVENT,She's out at the town's event; she'll be home once it's over.,Zeynep kasabadaki etkinlikte; bitince evinde olur.,Sie ist beim Fest im Ort; danach ist sie wieder zu Hause.,Está en el evento del pueblo; volverá a casa cuando termine.,Elle est à la fête du village ; elle rentrera après.,È all'evento in paese; tornerà a casa quando finisce.,Ela está no evento da cidade; volta para casa quando acabar.,"Она на празднике в городке; вернётся домой, когда он закончится.","Jest na wydarzeniu w miasteczku; wróci do domu, gdy się skończy.",町のイベントに出かけている。終わったら家に戻るはず。,마을 행사에 가 있어요. 끝나면 집에 돌아올 거예요.,她去镇上的活动了，结束后就回家。,她去鎮上的活動了，結束後就回家。
MSG_TOWN_GOALS_NEW,A few small things to do in Yeşilova (side goals),Yeşilova'da yapacak birkaç küçük iş var (yan görevler),Ein paar Kleinigkeiten in Yeşilova (Nebenziele),Unas cuantas cosillas por hacer en Yeşilova (objetivos secundarios),Quelques petites choses à faire à Yeşilova (objectifs secondaires),Qualche piccola cosa da fare a Yeşilova (obiettivi secondari),Algumas coisinhas para fazer em Yeşilova (objetivos extras),Несколько небольших дел в Йешилове (побочные цели),Kilka drobnych spraw w Yeşilovie (cele poboczne),イェシロヴァでちょっとした用事があります（サブ目標）,예실로바에서 할 만한 작은 일들이 있어요 (보조 목표),耶希洛瓦有几件小事可以做（支线目标）,耶希洛瓦有幾件小事可以做（支線目標）
SIDE_TOWN_TITLE,Yeşilova,Yeşilova,Yeşilova,Yeşilova,Yeşilova,Yeşilova,Yeşilova,Йешилова,Yeşilova,イェシロヴァ,예실로바,耶希洛瓦,耶希洛瓦
SIDE_GOAL_TOWN_MEET,Get to know the townspeople (%d/%d),Kasaba halkıyla tanış (%d/%d),Lerne die Leute im Ort kennen (%d/%d),Conoce a la gente del pueblo (%d/%d),Fais connaissance avec les habitants (%d/%d),Fai conoscenza con la gente del paese (%d/%d),Conheça o pessoal da cidade (%d/%d),Познакомься с жителями городка (%d/%d),Poznaj mieszkańców miasteczka (%d/%d),町の人たちと知り合おう（%d/%d）,마을 사람들과 인사하자 (%d/%d),认识镇上的人（%d/%d）,認識鎮上的人（%d/%d）
SIDE_HINT_TOWN_MEET,Greet the people in town with E,Kasabadakilere E ile selam ver,Grüß die Leute im Ort mit E,Saluda a la gente del pueblo con E,Salue les gens du village avec E,Saluta la gente del paese con E,Cumprimente o pessoal da cidade com E,Поздоровайся с жителями клавишей E,Przywitaj się z mieszkańcami klawiszem E,町の人にEであいさつしよう,마을 사람들에게 E로 인사하세요,按E和镇上的人打招呼,按E和鎮上的人打招呼
SIDE_GOAL_TOWN_VET,"Drop in on Dr. Selin, the vet",Veteriner Dr. Selin'e uğra,Schau bei Tierärztin Dr. Selin vorbei,"Pásate a ver a la veterinaria, la Dra. Selin","Passe voir la vétérinaire, la Dre Selin","Passa a trovare la veterinaria, la dott.ssa Selin","Passe para ver a veterinária, a Dra. Selin","Загляни к ветеринару, доктору Селин","Odwiedź weterynarz, dr Selin",獣医のセリン先生に顔を出そう,수의사 셀린 선생님께 들르자,去拜访兽医塞琳医生,去拜訪獸醫塞琳醫生
SIDE_HINT_TOWN_VET,Say hello at the clinic's counter (E),Kliniğin tezgâhında selam ver (E),Sag am Tresen der Praxis Hallo (E),Saluda en el mostrador de la clínica (E),Dis bonjour au comptoir de la clinique (E),Saluta al bancone della clinica (E),Diga oi no balcão da clínica (E),Поздоровайся у стойки клиники (E),Przywitaj się przy ladzie w klinice (E),クリニックの受付であいさつしよう（E）,병원 접수대에서 인사하세요 (E),在诊所柜台打个招呼（E）,在診所櫃台打個招呼（E）
SIDE_HINT_TOWN_VET_CLOSED,The clinic is open from 08:00 to 20:00,Klinik 08:00 ile 20:00 arası açık,Die Praxis hat von 08:00 bis 20:00 geöffnet,La clínica abre de 08:00 a 20:00,La clinique est ouverte de 08:00 à 20:00,La clinica è aperta dalle 08:00 alle 20:00,A clínica abre das 08:00 às 20:00,Клиника работает с 08:00 до 20:00,Klinika jest otwarta od 08:00 do 20:00,クリニックは08:00から20:00まで,병원은 08:00부터 20:00까지 열어요,诊所营业时间为08:00至20:00,診所營業時間為08:00至20:00
SIDE_GOAL_TOWN_FUEL,Fill up the pickup at the filling station,Benzinlikte pikabın deposunu doldur,Tank den Pick-up an der Tankstelle voll,Llena el depósito de la camioneta en la gasolinera,Fais le plein du pick-up à la station-service,Fai il pieno al pickup al distributore,Encha o tanque da picape no posto,Заправь пикап на заправке,Zatankuj pikapa na stacji paliw,ガソリンスタンドでピックアップを満タンにしよう,주유소에서 픽업트럭에 기름을 가득 넣자,在加油站给皮卡加满油,在加油站給皮卡加滿油
SIDE_HINT_TOWN_FUEL,Park beside a pump and press E on it,"Pikabı pompanın yanına çek, pompaya E bas",Park neben einer Zapfsäule und drück dort E,Aparca junto a un surtidor y pulsa E en él,Gare-toi près d'une pompe et appuie sur E,Parcheggia accanto a una pompa e premi E,Estacione ao lado de uma bomba e aperte E nela,Встань у колонки и нажми на ней E,Zaparkuj przy dystrybutorze i naciśnij na nim E,給油機の横に停めて、給油機でEを押そう,주유기 옆에 차를 대고 주유기에서 E를 누르세요,把车停在加油机旁，对着加油机按E,把車停在加油機旁，對著加油機按E
SIDE_LABEL_STATION,Filling station,Benzinlik,Tankstelle,Gasolinera,Station-service,Distributore,Posto de gasolina,Заправка,Stacja paliw,ガソリンスタンド,주유소,加油站,加油站
VET_HELLO_1,"You must be the one who took over the old farm! Welcome to Yeşilova. I'm Selin, the vet here.","Eski çiftliği devralan sensin, değil mi? Yeşilova'ya hoş geldin! Ben Selin, kasabanın veterineriyim.","Du bist bestimmt der, der den alten Hof übernommen hat! Willkommen in Yeşilova. Ich bin Selin, die Tierärztin hier.","¡Tú debes de ser quien se ha quedado con la vieja granja! Bienvenido a Yeşilova. Soy Selin, la veterinaria.","Tu dois être celui qui a repris la vieille ferme ! Bienvenue à Yeşilova. Je suis Selin, la vétérinaire d'ici.","Tu devi essere quello che ha preso la vecchia fattoria! Benvenuto a Yeşilova. Sono Selin, la veterinaria del paese.","Você deve ser quem assumiu a fazenda antiga! Bem-vindo a Yeşilova. Eu sou a Selin, a veterinária daqui.","Ты, должно быть, тот, кто взял старую ферму! Добро пожаловать в Йешилову. Я Селин, здешний ветеринар.","To ty przejąłeś starą farmę, prawda? Witaj w Yeşilovie! Jestem Selin, tutejsza weterynarz.",あなたが古い農場を継いだ人ね！イェシロヴァへようこそ。私はセリン、この町の獣医よ。,오래된 농장을 물려받은 분이군요! 예실로바에 온 걸 환영해요. 저는 이 마을 수의사 셀린이에요.,你就是接手老农场的人吧！欢迎来到耶希洛瓦。我是塞琳，镇上的兽医。,你就是接手老農場的人吧！歡迎來到耶希洛瓦。我是塞琳，鎮上的獸醫。
VET_HELLO_PLAYER,Nice to meet you. I've only got a few hens so far.,"Memnun oldum. Şimdilik birkaç tavuğum var, o kadar.",Freut mich. Bisher habe ich nur ein paar Hühner.,Encantado. Por ahora solo tengo unas cuantas gallinas.,"Enchanté. Pour l'instant, je n'ai que quelques poules.",Piacere. Per ora ho solo qualche gallina.,Prazer. Por enquanto só tenho algumas galinhas.,Очень приятно. Пока у меня всего несколько кур.,Miło mi. Na razie mam tylko kilka kur.,よろしく。今のところ鶏が何羽かいるだけなんだ。,반가워요. 아직은 닭 몇 마리뿐이에요.,幸会。我现在只有几只母鸡。,幸會。我現在只有幾隻母雞。
VET_HELLO_2,"Keep an eye on them at night: once it's dark, wolves come down from the hills.",Geceleri onlara göz kulak ol: hava kararınca tepelerden kurtlar iner.,"Pass nachts gut auf sie auf: Wenn es dunkel wird, kommen Wölfe von den Hügeln herunter.","Vigílalas por la noche: cuando oscurece, los lobos bajan de las colinas.","Surveille-les la nuit : quand il fait noir, les loups descendent des collines.","Tienile d'occhio di notte: quando fa buio, i lupi scendono dalle colline.","Fique de olho nelas à noite: quando escurece, os lobos descem das colinas.","Присматривай за ними ночью: как стемнеет, с холмов спускаются волки.","Pilnuj ich nocą: gdy się ściemni, wilki schodzą ze wzgórz.",夜は気をつけてね。暗くなると丘からオオカミが下りてくるの。,밤에는 잘 지켜봐요. 어두워지면 언덕에서 늑대들이 내려오거든요.,晚上可要看好它们：天一黑，狼就会从山上下来。,晚上可要看好牠們：天一黑，狼就會從山上下來。
VET_HELLO_3,"If one of your animals gets hurt, bring it to me straight away. I'll patch it up.","Bir hayvanın yaralanırsa hemen bana getir, ben iyileştiririm.","Wenn sich eins deiner Tiere verletzt, bring es sofort zu mir. Ich flicke es wieder zusammen.","Si alguno de tus animales se hace daño, tráemelo enseguida. Yo lo curo.","Si une de tes bêtes est blessée, amène-la-moi tout de suite. Je la soignerai.","Se uno dei tuoi animali si fa male, portamelo subito. Lo rimetto in sesto io.","Se algum dos seus animais se machucar, traga direto para mim. Eu cuido dele.","Если кто-то из твоих животных поранится, сразу неси ко мне. Я его подлечу.","Jeśli któreś z twoich zwierząt się zrani, od razu przynieś je do mnie. Opatrzę je.",動物がけがをしたら、すぐに連れてきて。手当てしてあげるから。,동물이 다치면 바로 저한테 데려와요. 제가 치료해 줄게요.,要是你的动物受了伤，马上带来找我，我给它治。,要是你的動物受了傷，馬上帶來找我，我給牠治。
ACTION_HOLD_ANIMAL,PICK UP,TUT,HOCHNEHMEN,COGER,PRENDRE,PRENDI IN BRACCIO,PEGAR NO COLO,ВЗЯТЬ НА РУКИ,WEŹ NA RĘCE,抱き上げる,안아 들기,抱起来,抱起來
ACTION_SET_DOWN,PUT DOWN,BIRAK,ABSETZEN,DEJAR EN EL SUELO,POSER,METTI GIÙ,COLOCAR NO CHÃO,ОПУСТИТЬ,POSTAW,下ろす,내려놓기,放下,放下
ACTION_HALTER,PUT ON THE HALTER,YULARI TAK,HALFTER ANLEGEN,PONER EL CABEZAL,METTRE LE LICOL,METTI LA CAVEZZA,COLOCAR O CABRESTO,НАДЕТЬ НЕДОУЗДОК,ZAŁÓŻ KANTAR,端綱をつける,굴레 씌우기,套上缰绳,套上韁繩
ACTION_LET_GO,LET GO,BIRAK,LOSLASSEN,SOLTAR,LÂCHER,LASCIA ANDARE,SOLTAR,ОТПУСТИТЬ,PUŚĆ,放す,놓아주기,松开,鬆開
MSG_HALTER_SLIPPED,The halter slipped off: %s is loose.,"Yular kaydı, %s serbest kaldı.",Das Halfter ist abgerutscht: %s ist frei.,El cabezal se ha soltado: %s anda suelto.,Le licol a glissé : %s est libre.,La cavezza è scivolata via: %s è libero.,O cabresto escorregou: %s está solto.,Недоуздок соскользнул: %s на свободе.,Kantar się zsunął: %s jest wolny.,端綱が外れて、%sが自由になった。,굴레가 벗겨져 %s이(가) 풀려났어요.,缰绳滑脱了：%s跑开了。,韁繩滑脫了：%s跑開了。
SIDE_CONTEST_TITLE,Fishing contest,Balık yarışması,Angelwettbewerb,Concurso de pesca,Concours de pêche,Gara di pesca,Concurso de pesca,Рыболовный конкурс,Konkurs wędkarski,釣り大会,낚시 대회,钓鱼比赛,釣魚比賽
SIDE_GOAL_CONTEST,Join the fishing contest,Balık yarışmasına katıl,Mach beim Angelwettbewerb mit,Participa en el concurso de pesca,Participe au concours de pêche,Partecipa alla gara di pesca,Participe do concurso de pesca,Прими участие в рыболовном конкурсе,Weź udział w konkursie wędkarskim,釣り大会に参加しよう,낚시 대회에 참가하자,参加钓鱼比赛,參加釣魚比賽
SIDE_HINT_CONTEST_SOON,It starts at %s at the town pond behind the filling station,%s'da benzinliğin arkasındaki kasaba göletinde başlıyor,Er beginnt um %s am Dorfteich hinter der Tankstelle,"Empieza a las %s en el estanque del pueblo, detrás de la gasolinera","Il commence à %s à l'étang du village, derrière la station-service","Comincia alle %s allo stagno del paese, dietro il distributore","Começa às %s no lago da cidade, atrás do posto de gasolina",Начало в %s у городского пруда за заправкой,Zaczyna się o %s przy miejskim stawie za stacją benzynową,%sから、ガソリンスタンド裏の町の池で始まります,%s에 주유소 뒤 마을 연못에서 시작돼요,%s在加油站后面的镇上池塘开始,%s在加油站後面的鎮上池塘開始
SIDE_HINT_CONTEST_ON,Fish from the shore: the biggest fish by %s wins,Kıyıdan balık tut: %s'ye kadar en büyük balığı tutan kazanır,Angle vom Ufer aus: Der größte Fisch bis %s gewinnt,Pesca desde la orilla: gana el pez más grande hasta las %s,Pêche depuis la rive : le plus gros poisson d'ici %s gagne,Pesca dalla riva: vince il pesce più grosso entro le %s,Pesque da margem: o maior peixe até as %s vence,Лови с берега: побеждает самая большая рыба до %s,Łów z brzegu: wygrywa największa ryba do %s,岸から釣ろう。%sまでにいちばん大きな魚を釣った人の勝ち,물가에서 낚시하자. %s까지 가장 큰 물고기를 낚으면 우승,在岸边钓鱼：%s前钓到最大的鱼就赢,在岸邊釣魚：%s前釣到最大的魚就贏
SIDE_LABEL_CONTEST,Town pond,Kasaba göleti,Dorfteich,Estanque del pueblo,Étang du village,Stagno del paese,Lago da cidade,Городской пруд,Miejski staw,町の池,마을 연못,镇上的池塘,鎮上的池塘
CONTEST_CHEER_1,What a fish!,"Maşallah, ne balık!",Was für ein Fisch!,¡Menudo pez!,Quel poisson !,Che pesce!,Que peixe!,Вот это рыба!,Ale ryba!,すごい魚だ!,물고기 크다!,好大的鱼！,好大的魚！
CONTEST_CHEER_2,Well done!,Helal olsun!,Bravo!,¡Bravo!,Bravo !,Bravo!,Muito bem!,Молодец!,Brawo!,お見事!,잘했어!,好样的！,好樣的！
CONTEST_CHEER_3,That's the biggest yet!,Şimdiye kadarki en büyüğü bu!,Der größte bisher!,¡El más grande hasta ahora!,Le plus gros jusqu'ici !,Il più grosso finora!,O maior até agora!,Самая большая на сегодня!,Największa jak dotąd!,今までで一番大きいぞ!,지금까지 중 제일 커!,目前最大的一条！,目前最大的一條！
SETTINGS_DISPLAY_MODE,Display mode,Görüntü modu,Anzeigemodus,Modo de pantalla,Mode d'affichage,Modalità schermo,Modo de exibição,Режим экрана,Tryb wyświetlania,表示モード,화면 모드,显示模式,顯示模式
DISPLAY_BORDERLESS,Borderless window,Çerçevesiz pencere,Randloses Fenster,Ventana sin bordes,Fenêtre sans bordure,Finestra senza bordi,Janela sem bordas,Окно без рамки,Okno bez ramki,ボーダーレス,테두리 없는 창,无边框窗口,無邊框視窗
DISPLAY_WINDOWED,Window,Pencere,Fenster,Ventana,Fenêtre,Finestra,Janela,Окно,Okno,ウィンドウ,창,窗口,視窗
SETTINGS_RESOLUTION,Resolution,Çözünürlük,Auflösung,Resolución,Résolution,Risoluzione,Resolução,Разрешение,Rozdzielczość,解像度,해상도,分辨率,解析度
SETTINGS_RESOLUTION_DESC_SCREEN,The game world is drawn at this size and scaled up to the screen; the interface stays sharp.,Oyun bu boyutta çizilip ekrana büyütülür; arayüz hep net kalır.,Die Spielwelt wird in dieser Größe berechnet und auf den Bildschirm hochskaliert; die Oberfläche bleibt scharf.,El mundo del juego se dibuja a este tamaño y se amplía a la pantalla; la interfaz sigue nítida.,Le monde du jeu est dessiné à cette taille puis agrandi à l'écran ; l'interface reste nette.,Il mondo di gioco viene disegnato a questa dimensione e ingrandito sullo schermo; l'interfaccia resta nitida.,O mundo do jogo é desenhado neste tamanho e ampliado para a tela; a interface continua nítida.,Игровой мир рисуется в этом размере и растягивается на экран; интерфейс остаётся чётким.,Świat gry jest rysowany w tym rozmiarze i powiększany do ekranu; interfejs pozostaje ostry.,ゲームの世界はこのサイズで描画され、画面に合わせて拡大されます。UIはくっきりしたままです。,게임 세계를 이 크기로 그린 뒤 화면에 맞게 키워요. 인터페이스는 선명하게 유지돼요.,游戏世界按此尺寸绘制后放大到屏幕；界面始终清晰。,遊戲世界以此尺寸繪製後放大到螢幕；介面始終清晰。
SETTINGS_RESOLUTION_DESC_WINDOW,The size of the game window.,Oyun penceresinin boyutu.,Die Größe des Spielfensters.,El tamaño de la ventana del juego.,La taille de la fenêtre du jeu.,La dimensione della finestra di gioco.,O tamanho da janela do jogo.,Размер окна игры.,Rozmiar okna gry.,ゲームウィンドウのサイズです。,게임 창의 크기예요.,游戏窗口的大小。,遊戲視窗的大小。
RESOLUTION_NATIVE,%s (native),%s (ekran),%s (nativ),%s (nativa),%s (native),%s (nativa),%s (nativa),%s (родное),%s (natywna),%s（ネイティブ）,%s (기본),%s（原生）,%s（原生）
MARKET_LOCK_STORY,Not yet: for now the market sells you hens only. The other animals open as Grandpa's story goes on.,Henüz değil: pazar sana şimdilik yalnızca tavuk satıyor. Diğer hayvanlar hikâye ilerledikçe açılacak.,"Noch nicht: Vorerst verkauft dir der Markt nur Hühner. Die anderen Tiere kommen, wenn Opas Geschichte weitergeht.",Todavía no: por ahora el mercado solo te vende gallinas. Los demás animales llegarán a medida que avance la historia del abuelo.,"Pas encore : pour l'instant, le marché ne te vend que des poules. Les autres animaux viendront au fil de l'histoire de Grand-père.",Non ancora: per ora il mercato ti vende solo galline. Gli altri animali arriveranno man mano che la storia del nonno va avanti.,Ainda não: por enquanto a feira só vende galinhas para você. Os outros animais chegam conforme a história do vovô avança.,Пока рано: сейчас рынок продаёт тебе только кур. Остальные животные откроются по ходу дедушкиной истории.,Jeszcze nie: na razie targ sprzedaje ci tylko kury. Pozostałe zwierzęta pojawią się wraz z historią dziadka.,まだです：今のところ市場で買えるのはニワトリだけ。ほかの動物はおじいちゃんの物語が進むと解放されます。,아직이에요: 지금은 시장에서 암탉만 살 수 있어요. 다른 동물은 할아버지의 이야기가 진행되면 열려요.,还不行：集市现在只卖给你母鸡。其他动物会随着爷爷的故事逐步开放。,還不行：市集現在只賣給你母雞。其他動物會隨著爺爺的故事逐步開放。
MSG_CRATES_BOUGHT,%s ×%d: straight into your bag.,%s ×%d: doğrudan çantana geldi.,%s ×%d: direkt in deine Tasche.,%s ×%d: directo a tu mochila.,%s ×%d : directement dans ton sac.,%s ×%d: direttamente nello zaino.,%s ×%d: direto para a sua mochila.,%s ×%d: сразу в сумку.,%s ×%d: prosto do plecaka.,%s ×%d：そのままかばんに入りました。,%s ×%d: 바로 가방에 들어왔어요.,%s ×%d：直接放进了背包。,%s ×%d：直接放進了背包。
MSG_CRATES_OVERFLOW,Your bag is full: the other %d crates wait in front of the seller.,Çantan dolu: kalan %d kafes satıcının önünde bekliyor.,Deine Tasche ist voll: Die übrigen %d Kisten warten vor dem Händler.,Tu mochila está llena: las otras %d jaulas esperan delante del vendedor.,Ton sac est plein : les %d autres caisses attendent devant le vendeur.,Lo zaino è pieno: le altre %d cassette aspettano davanti al venditore.,Sua mochila está cheia: as outras %d caixas esperam na frente do vendedor.,Сумка полна: остальные ящики (%d) ждут у продавца.,Plecak jest pełny: pozostałe skrzynki (%d) czekają przed sprzedawcą.,かばんがいっぱい：残りの%d箱は売り手の前で待っています。,가방이 가득 찼어요: 나머지 상자 %d개는 상인 앞에서 기다려요.,背包满了：剩下的 %d 个笼子在卖家门前等着。,背包滿了：剩下的 %d 個籠子在賣家門前等著。
RANCHER_CRATES_TO_BAG,The crates come straight into your hands and bag. Load them into your pickup or carry them home.,Kafesler doğrudan eline ve çantana gelir. Pikabına yükle ya da elinde taşı.,Die Kisten kommen direkt in deine Hände und deine Tasche. Lade sie auf den Pick-up oder trag sie heim.,Las jaulas van directas a tus manos y a tu mochila. Cárgalas en la camioneta o llévalas a casa.,Les caisses arrivent directement dans tes mains et ton sac. Charge-les dans le pick-up ou porte-les à la ferme.,Le cassette arrivano direttamente in mano e nello zaino. Caricale sul pick-up o portale a casa.,As caixas vão direto para as suas mãos e a mochila. Carregue-as na caminhonete ou leve-as para casa.,Ящики сразу попадают в руки и в сумку. Погрузи их в пикап или неси домой.,Skrzynki trafiają prosto do rąk i plecaka. Załaduj je na pikapa albo zanieś do domu.,箱はそのまま手とかばんに入ります。ピックアップに積むか、持って帰りましょう。,상자는 바로 손과 가방으로 들어와요. 픽업트럭에 싣거나 들고 집으로 가세요.,笼子会直接到你手上和背包里。装上皮卡，或者拿着带回家。,籠子會直接到你手上和背包裡。裝上貨卡，或者拿著帶回家。
RANCHER_CRATES_OVERFLOW,"Your bag has no room for all of them: %d will wait in front of the seller, by the gate.","Çantan hepsini almıyor: %d kafes satıcının önünde, kapının yanında bekleyecek.",In deiner Tasche ist nicht für alle Platz: %d warten vor dem Händler am Tor.,"No caben todas en tu mochila: %d esperarán delante del vendedor, junto a la puerta.","Ton sac ne peut pas toutes les prendre : %d attendront devant le vendeur, près du portail.","Nello zaino non ci stanno tutte: %d aspetteranno davanti al venditore, vicino al cancello.","Não cabem todas na mochila: %d vão esperar na frente do vendedor, perto do portão.","В сумку все не поместятся: %d будут ждать у продавца, возле ворот.","Nie wszystkie zmieszczą się w plecaku: %d poczeka przed sprzedawcą, przy bramie.",かばんに全部は入りません：%d箱は門のそばの売り手の前で待ちます。,가방에 다 들어가지 않아요: %d개는 문 옆 상인 앞에서 기다려요.,背包装不下全部：有 %d 个会在大门边的卖家门前等着。,背包裝不下全部：有 %d 個會在大門邊的賣家門前等著。
BUILD_GOAL_TAG,Goal,Görev,Ziel,Objetivo,Objectif,Obiettivo,Objetivo,Цель,Cel,目標,목표,目标,目標
BUILD_COOP_FIRST,Coop first,Önce kümesi kur,Erst der Stall,Primero el gallinero,D'abord le poulailler,Prima il pollaio,Primeiro o galinheiro,Сначала курятник,Najpierw kurnik,先に鶏小屋,닭장 먼저,先建鸡舍,先建雞舍
BUILD_COOP_FIRST_LINE,"Put up the coop first: until its kit is made, your money is kept for it.",Önce kümesi kur: kümes kiti hazırlanana kadar paran onun için ayrılıyor.,"Stell zuerst den Hühnerstall auf: Bis sein Bausatz fertig ist, bleibt dein Geld dafür reserviert.","Primero monta el gallinero: hasta que su kit esté hecho, tu dinero se guarda para él.","Monte d'abord le poulailler : tant que son kit n'est pas prêt, ton argent lui est réservé.","Prima monta il pollaio: finché il suo kit non è pronto, i tuoi soldi restano da parte per quello.","Monte primeiro o galinheiro: até o kit dele ficar pronto, seu dinheiro fica guardado para ele.","Сначала поставь курятник: пока его комплект не готов, деньги придержаны для него.","Najpierw postaw kurnik: dopóki jego zestaw nie jest gotowy, pieniądze czekają na niego.",先に鶏小屋を建てましょう：キットができるまで、お金はそのために取っておきます。,닭장부터 지으세요: 닭장 키트를 만들 때까지 돈은 그 몫으로 남겨 둬요.,先把鸡舍建起来：在鸡舍套件做好之前，你的钱要留给它。,先把雞舍建起來：在雞舍套件做好之前，你的錢要留給它。
BUILD_GRANDPA_PAID,Grandpa paid for this kit in advance: its wood is all it takes.,Deden bu kitin parasını önceden ödemiş: yalnızca odunu yeter.,Opa hat diesen Bausatz schon im Voraus bezahlt: Das Holz genügt.,El abuelo dejó pagado este kit: basta con la madera.,Grand-père avait déjà payé ce kit : il ne faut que le bois.,Il nonno aveva già pagato questo kit: basta il legno.,O vovô deixou este kit pago: só a madeira basta.,Дедушка заранее оплатил этот комплект: нужна только древесина.,Dziadek zapłacił za ten zestaw z góry: wystarczy samo drewno.,おじいちゃんがこのキットの代金を先に払ってくれていました：必要なのは木材だけです。,할아버지가 이 키트 값을 미리 치러 두셨어요: 나무만 있으면 돼요.,爷爷早就付过这套件的钱了：只要木头就行。,爺爺早就付過這套件的錢了：只要木頭就行。
HINT_FEED_WAREHOUSE,"Go into the warehouse, open it (E) and move the feed into your bag","Depoya gir, E ile depoyu aç ve yemi çantana al","Geh in die Lagerhalle, öffne sie (E) und nimm das Futter in deine Tasche","Entra en el almacén, ábrelo (E) y pasa el alimento a tu mochila","Entre dans l'entrepôt, ouvre-le (E) et mets la nourriture dans ton sac","Entra nel magazzino, aprilo (E) e metti il mangime nello zaino","Entre no armazém, abra-o (E) e passe a ração para a mochila","Зайди на склад, открой его (E) и переложи корм в сумку","Wejdź do magazynu, otwórz go (E) i przełóż paszę do plecaka",倉庫に入って開き（E）、エサをかばんに移す,창고에 들어가 열고(E) 사료를 가방으로 옮기세요,走进仓库，打开它（E），把饲料放进背包,走進倉庫，打開它（E），把飼料放進背包
BUILD_TIME_SEC,Construction takes about %d seconds,İnşaat yaklaşık %d saniye sürer,Der Bau dauert etwa %d Sek.,La obra dura unos %d s,La construction prend environ %d s,La costruzione richiede circa %d s,A obra leva cerca de %d s,Стройка займёт около %d сек,Budowa trwa około %d s,建設には約%d秒かかります,공사는 약 %d초 걸려요,建造大约需要 %d 秒,建造大約需要 %d 秒
MSG_CONSTRUCTION_STARTED_SEC,Work has started: %s ready in about %d seconds.,İnşaat başladı: %s yaklaşık %d saniyede hazır olacak.,Der Bau hat begonnen: %s ist in etwa %d Sek. fertig.,Empezó la obra: %s estará listo en unos %d s.,Le chantier a commencé : %s prêt dans environ %d s.,Lavori iniziati: %s pronto tra circa %d s.,A obra começou: %s fica pronto em cerca de %d s.,Стройка началась: %s будет готов примерно через %d сек.,Budowa ruszyła: %s będzie gotowy za około %d s.,工事が始まりました。%sは約%d秒で完成します。,공사가 시작됐어요. %s은(는) 약 %d초 뒤에 완성돼요.,开工了：%s大约 %d 秒后建好。,開工了：%s大約 %d 秒後蓋好。
HINT_WHAT_SELLS,"Crops, eggs, wood, stone, berries and fish all sell: the market pays at once, the bin by the house next morning","Ekin, yumurta, odun, taş, yaban meyvesi, balık: hepsi satılır. Market hemen öder, evin önündeki satış kutusu ertesi sabah","Feldfrüchte, Eier, Holz, Steine, Beeren und Fisch lassen sich verkaufen: Der Markt zahlt sofort, die Kiste am Haus am nächsten Morgen","Cosechas, huevos, leña, piedra, bayas y pescado: todo se vende. El mercado paga al momento; el cajón de casa, a la mañana siguiente","Récoltes, œufs, bois, pierre, baies et poisson : tout se vend. Le marché paie tout de suite ; le bac de la maison, le lendemain matin","Raccolti, uova, legna, pietra, bacche e pesce: si vende tutto. Il mercato paga subito; la cassa di casa, il mattino dopo","Colheita, ovos, lenha, pedra, frutinhas e peixe: tudo se vende. O mercado paga na hora; a caixa de casa, na manhã seguinte","Урожай, яйца, дрова, камень, ягоды и рыба — продаётся всё. Рынок платит сразу, ящик у дома — на следующее утро","Plony, jajka, drewno, kamień, jagody i ryby: sprzeda się wszystko. Targ płaci od ręki, skrzynia przy domu następnego ranka",作物、卵、木材、石、野いちご、魚はどれも売れる。市場はすぐに、家の出荷箱は翌朝に代金が入る,"작물, 달걀, 나무, 돌, 산딸기, 물고기 모두 팔 수 있어요. 시장은 바로, 집 앞 출하 상자는 다음 날 아침에 돈을 줘요",庄稼、鸡蛋、木头、石头、野果和鱼都能卖：市场当场付钱，屋前的出货箱第二天早上付钱,莊稼、雞蛋、木頭、石頭、野果和魚都能賣：市場當場付錢，屋前的出貨箱第二天早上付錢
HINT_SELL_GOODS,Sell your %s: the market counter pays at once,%s sat: market tezgâhı hemen öder,Verkauf %s: Die Markttheke zahlt sofort,Vende %s: el mostrador del mercado paga al momento,Vends %s : le comptoir du marché paie tout de suite,Vendi %s: il banco del mercato paga subito,Venda %s: o balcão do mercado paga na hora,Продай: %s. Прилавок рынка платит сразу,Sprzedaj: %s. Lada na targu płaci od ręki,%sを売ろう：市場のカウンターならすぐに代金がもらえる,%s 팔기: 시장 계산대는 바로 돈을 줘요,卖掉%s：市场柜台当场付钱,賣掉%s：市場櫃檯當場付錢
HINT_SEEDS_GIFT,No money and nothing to sell? Drop by the market counter all the same: Hasan the grocer will help you out,Paran da satacak malın da yok mu? Yine de market tezgâhına uğra: Bakkal Hasan yardım eder,Kein Geld und nichts zu verkaufen? Geh trotzdem zur Markttheke: Kaufmann Hasan hilft dir aus,"¿Sin dinero y sin nada que vender? Pásate igualmente por el mostrador del mercado: Hasan, el tendero, te echará una mano",Pas d'argent et rien à vendre ? Passe quand même au comptoir du marché : Hasan l'épicier te dépannera,Niente soldi e niente da vendere? Passa comunque al banco del mercato: Hasan il droghiere ti darà una mano,"Sem dinheiro e sem nada para vender? Passe no balcão do mercado mesmo assim: Hasan, o merceeiro, dá uma força","Ни денег, ни товара на продажу? Всё равно загляни к прилавку рынка: бакалейщик Хасан выручит",Bez pieniędzy i bez towaru na sprzedaż? Zajrzyj mimo to do lady na targu: sklepikarz Hasan ci pomoże,お金も売る物もない？それでも市場のカウンターへ。雑貨屋のハサンが助けてくれる,돈도 팔 것도 없나요? 그래도 시장 계산대에 들러 봐요. 식료품점 주인 하산이 도와줄 거예요,没钱也没东西可卖？还是去市场柜台看看：杂货店老板哈桑会帮你一把,沒錢也沒東西可賣？還是去市場櫃檯看看：雜貨店老闆哈桑會幫你一把
MSG_SEED_GIFT,"%s: “The first seeds are on me, neighbour.” (+%d %s)","%s: “İlk tohumlar benden, komşu.” (+%d %s)","%s: „Die ersten Samen gehen auf mich, Nachbar.“ (+%d %s)","%s: «Las primeras semillas van por mi cuenta, vecino.» (+%d %s)","%s : « Les premières graines, c'est pour moi, voisin. » (+%d %s)","%s: «I primi semi li offro io, vicino.» (+%d %s)","%s: “As primeiras sementes são por minha conta, vizinho.” (+%d %s)","%s: «Первые семена за мой счёт, сосед». (+%d %s)","%s: „Pierwsze nasiona ode mnie, sąsiedzie”. (+%d %s)",%s：「最初の種はわしのおごりじゃ、お隣さん」（+%d %s）,"%s: “첫 씨앗은 내가 내지, 이웃 양반.” (+%d %s)",%s：“头一批种子算我的，邻居。”（+%d %s）,%s：「頭一批種子算我的，鄰居。」（+%d %s）
HINT_DAY_DONE,The day's work is done: go to bed and wait for morning if you like,Günün işleri bitti: istersen yatıp sabahı bekleyebilirsin,"Das Tagwerk ist getan: Wenn du magst, leg dich hin und warte auf den Morgen","El trabajo del día está hecho: si quieres, acuéstate y espera a la mañana","Le travail du jour est fini : si tu veux, couche-toi et attends le matin","Il lavoro di oggi è finito: se vuoi, vai a letto e aspetta il mattino","O trabalho do dia acabou: se quiser, deite e espere a manhã","Дела на сегодня сделаны: если хочешь, ложись спать и жди утра","Robota na dziś skończona: jeśli chcesz, połóż się i poczekaj do rana",今日の仕事は終わり。よければベッドで朝を待とう,오늘 일은 끝났어요. 원하면 잠자리에 들어 아침을 기다려요,今天的活干完了：想的话可以上床睡到早上,今天的活做完了：想的話可以上床睡到早上
SIDE_FARM_TITLE,Farm chores,Çiftlik işleri,Hofarbeit,Tareas de la granja,Travaux de la ferme,Lavori della fattoria,Tarefas da fazenda,Дела на ферме,Prace w gospodarstwie,農場の仕事,농장 일,农场杂活,農場雜活
MSG_FARM_CHORES_NEW,"A few small chores round the farm, if you like (side goals)",İstersen çiftlikte yapacak birkaç küçük iş var (yan görevler),"Ein paar kleine Arbeiten auf dem Hof, wenn du magst (Nebenziele)","Unas cuantas tareas por la granja, si te apetece (objetivos secundarios)","Quelques petits travaux à la ferme, si tu veux (objectifs secondaires)","Qualche lavoretto in fattoria, se ti va (obiettivi secondari)","Algumas tarefinhas pela fazenda, se quiser (objetivos extras)","Несколько небольших дел на ферме, если хочешь (побочные цели)","Kilka drobnych prac w gospodarstwie, jeśli chcesz (cele poboczne)",よければ農場でちょっとした仕事があります（サブ目標）,원하면 농장에서 할 만한 작은 일들이 있어요 (보조 목표),想的话，农场里有几件小活可以做（支线目标）,想的話，農場裡有幾件小活可以做（支線目標）
SIDE_GOAL_FARM_BIN,Put something to sell in the shipping bin,Satış kutusuna satacak bir şey koy,Leg etwas zum Verkauf in die Versandkiste,Deja algo para vender en el cajón de envíos,Mets quelque chose à vendre dans le bac d'expédition,Metti qualcosa da vendere nella cassa di spedizione,Ponha algo para vender na caixa de envios,Положи что-нибудь на продажу в ящик для продажи,Włóż coś na sprzedaż do skrzyni wysyłkowej,売る物を出荷箱に入れる,팔 물건을 출하 상자에 넣기,把要卖的东西放进出货箱,把要賣的東西放進出貨箱
SIDE_HINT_FARM_BIN,"Eggs, crops, wood, stone, berries, fish: the courier pays next morning","Yumurta, ekin, odun, taş, yaban meyvesi, balık: kurye parasını ertesi sabah öder","Eier, Feldfrüchte, Holz, Steine, Beeren, Fisch: Der Kurier zahlt am nächsten Morgen","Huevos, cosechas, leña, piedra, bayas, pescado: el mensajero paga a la mañana siguiente","Œufs, récoltes, bois, pierre, baies, poisson : le coursier paie le lendemain matin","Uova, raccolti, legna, pietra, bacche, pesce: il corriere paga il mattino dopo","Ovos, colheita, lenha, pedra, frutinhas, peixe: o entregador paga na manhã seguinte","Яйца, урожай, дрова, камень, ягоды, рыба: курьер платит на следующее утро","Jajka, plony, drewno, kamień, jagody, ryby: kurier płaci następnego ranka",卵、作物、木材、石、野いちご、魚。代金は翌朝に配達人が払ってくれる,"달걀, 작물, 나무, 돌, 산딸기, 물고기: 배달원이 다음 날 아침에 돈을 줘요",鸡蛋、庄稼、木头、石头、野果、鱼：送货人第二天早上付钱,雞蛋、莊稼、木頭、石頭、野果、魚：送貨人第二天早上付錢
SIDE_GOAL_FARM_EGGS,Collect today's eggs (%d/%d),Bugünün yumurtalarını topla (%d/%d),Sammle die Eier von heute ein (%d/%d),Recoge los huevos de hoy (%d/%d),Ramasse les œufs du jour (%d/%d),Raccogli le uova di oggi (%d/%d),Recolha os ovos de hoje (%d/%d),Собери сегодняшние яйца (%d/%d),Zbierz dzisiejsze jajka (%d/%d),今日の卵を集める（%d/%d）,오늘의 달걀 모으기 (%d/%d),捡今天的鸡蛋（%d/%d）,撿今天的雞蛋（%d/%d）
SIDE_HINT_FARM_EGGS,They lie in the nests and round the coop,Folluklarda ve kümesin çevresinde dururlar,Sie liegen in den Nestern und rund um den Hühnerstall,Están en los nidos y alrededor del gallinero,Ils sont dans les nids et autour du poulailler,Sono nei nidi e intorno al pollaio,Ficam nos ninhos e em volta do galinheiro,Они лежат в гнёздах и возле курятника,Leżą w gniazdach i wokół kurnika,巣箱の中や鶏小屋のまわりにある,둥지 안과 닭장 주변에 있어요,在窝里和鸡舍周围,在窩裡和雞舍周圍
SIDE_GOAL_FARM_CARE,Top up the coop's feeder and water trough (%d/%d),Kümesin yemliğini ve suluğunu tamamla (%d/%d),Füll Futtertrog und Wassertrog im Hühnerstall auf (%d/%d),Rellena el comedero y el bebedero del gallinero (%d/%d),Complète la mangeoire et l'abreuvoir du poulailler (%d/%d),Rabbocca la mangiatoia e l'abbeveratoio del pollaio (%d/%d),Complete o comedouro e o bebedouro do galinheiro (%d/%d),Пополни кормушку и поилку в курятнике (%d/%d),Uzupełnij karmnik i poidło w kurniku (%d/%d),鶏小屋の餌箱と水飲み桶を補充する（%d/%d）,닭장 모이통과 물통 채워 두기 (%d/%d),把鸡舍的食槽和水槽添满（%d/%d）,把雞舍的食槽和水槽添滿（%d/%d）
SIDE_HINT_FARM_CARE,"Feed from the warehouse or the market, water from the well","Yem depoda ya da markette, su kuyuda","Futter aus dem Lager oder vom Markt, Wasser vom Brunnen","Alimento del almacén o del mercado, agua del pozo","Nourriture à l'entrepôt ou au marché, eau au puits","Mangime dal magazzino o dal mercato, acqua dal pozzo","Ração do armazém ou do mercado, água do poço","Корм — на складе или на рынке, вода — в колодце","Pasza z magazynu albo z targu, woda ze studni",エサは倉庫か市場で、水は井戸で,"사료는 창고나 시장에서, 물은 우물에서",饲料在仓库或市场，水在水井,飼料在倉庫或市場，水在水井
SIDE_GOAL_FARM_PET,Pet your hens (%d/%d),Tavuklarını sev (%d/%d),Streichle deine Hühner (%d/%d),Acaricia a tus gallinas (%d/%d),Caresse tes poules (%d/%d),Accarezza le tue galline (%d/%d),Faça carinho nas suas galinhas (%d/%d),Погладь своих кур (%d/%d),Pogłaszcz swoje kury (%d/%d),ニワトリをなでる（%d/%d）,닭 쓰다듬기 (%d/%d),摸摸你的鸡（%d/%d）,摸摸你的雞（%d/%d）
SIDE_HINT_FARM_PET,Walk up to one and press E: a loved animal is a happy one,"Yanına git, E'ye bas: sevilen hayvan mutlu olur",Geh zu einem hin und drück E: Ein geliebtes Tier ist ein glückliches,Acércate a una y pulsa E: un animal querido es un animal feliz,Approche-toi et appuie sur E : un animal aimé est un animal heureux,Avvicinati a una e premi E: un animale amato è un animale felice,Chegue perto de uma e aperte E: animal querido é animal feliz,Подойди к одной и нажми E: любимое животное — счастливое,Podejdź do jednej i naciśnij E: kochane zwierzę to szczęśliwe zwierzę,そばに寄ってEを押す。かわいがられた動物は幸せになる,가까이 가서 E를 눌러요. 사랑받는 동물은 행복해요,走到跟前按 E：被疼爱的动物才开心,走到跟前按 E：被疼愛的動物才開心
SIDE_GOAL_FARM_WOOD,Stock up on firewood (%d/%d),Odun stokla (%d/%d),Leg einen Holzvorrat an (%d/%d),Haz acopio de leña (%d/%d),Fais provision de bois (%d/%d),Fai scorta di legna (%d/%d),Faça estoque de lenha (%d/%d),Запасись дровами (%d/%d),Zrób zapas drewna (%d/%d),薪をためる（%d/%d）,땔감 쌓아 두기 (%d/%d),备些柴火（%d/%d）,備些柴火（%d/%d）
SIDE_HINT_FARM_WOOD,Fell a tree with the axe and pick up the logs,"Baltayla bir ağaç kes, odunları topla",Fäll einen Baum mit der Axt und sammle das Holz,Tala un árbol con el hacha y recoge la madera,Abats un arbre à la hache et ramasse le bois,Abbatti un albero con l'ascia e raccogli il legno,Derrube uma árvore com o machado e recolha a madeira,Сруби дерево топором и собери древесину,Zetnij drzewo siekierą i zbierz drewno,オノで木を切り倒し、木材を拾う,도끼로 나무를 베고 목재를 주워요,用斧头砍一棵树，捡起木材,用斧頭砍一棵樹，撿起木材
SIDE_GOAL_FARM_STONES,Gather stones off the land (%d/%d),Araziden taş topla (%d/%d),Sammle Steine vom Land (%d/%d),Recoge piedras del terreno (%d/%d),Ramasse des pierres sur le terrain (%d/%d),Raccogli pietre dal terreno (%d/%d),Junte pedras do terreno (%d/%d),Собери камни с участка (%d/%d),Zbierz kamienie z pola (%d/%d),土地の石を集める（%d/%d）,땅에서 돌 모으기 (%d/%d),从地里捡石头（%d/%d）,從地裡撿石頭（%d/%d）
SIDE_HINT_FARM_STONES,Break a rock with the pickaxe and pick up the stone,"Kazmayla bir kaya kır, taşları topla",Brich einen Felsen mit der Spitzhacke und sammle die Steine,Rompe una roca con el pico y recoge la piedra,Casse un rocher avec la pioche et ramasse les pierres,Spacca una roccia col piccone e raccogli le pietre,Quebre uma rocha com a picareta e junte as pedras,Разбей камень киркой и собери его,Rozbij skałę kilofem i zbierz kamienie,ツルハシで岩を砕き、石を拾う,곡괭이로 바위를 깨고 돌을 주워요,用十字镐敲碎一块岩石，捡起石头,用十字鎬敲碎一塊岩石，撿起石頭
ITEM_DOGHOUSE,Doghouse,Köpek Kulübesi,Hundehütte,Caseta del perro,Niche,Cuccia,Casinha de cachorro,Собачья будка,Buda dla psa,犬小屋,개집,狗屋,狗屋
DESC_DOGHOUSE,A boarded doghouse as a kit. Hold it and put it up on open ground near your house: your dog sleeps in it and waits by it while you are away.,"Kit halinde ahşap bir köpek kulübesi. Eline al, evinin yakınında boş bir yere kur; köpeğin geceleri içinde uyur, sen yokken önünde bekler.","Eine Hundehütte aus Brettern als Bausatz. Nimm sie in die Hand und stell sie auf freiem Boden nahe dem Haus auf: Dein Hund schläft darin und wartet davor, wenn du weg bist.",Una caseta de tablas en kit. Tómala y móntala en terreno despejado cerca de tu casa: tu perro duerme dentro y te espera delante cuando no estás.,Une niche en planches en kit. Prends-la en main et monte-la sur un terrain dégagé près de ta maison : ton chien y dort et t'attend devant quand tu es absent.,Una cuccia di assi in kit. Prendila in mano e montala su un terreno libero vicino a casa: il tuo cane ci dorme e ti aspetta lì davanti quando non ci sei.,Uma casinha de tábuas em kit. Pegue na mão e monte num terreno livre perto da sua casa: seu cachorro dorme nela e espera na frente quando você sai.,"Дощатая собачья будка в виде комплекта. Возьми в руки и поставь на свободной земле у дома: пёс спит в ней и ждёт рядом, пока тебя нет.","Buda z desek w zestawie. Weź ją do ręki i postaw na wolnym terenie przy domu: pies w niej śpi i czeka przed nią, gdy cię nie ma.",キットになった板張りの犬小屋。手に持って家の近くの空き地に建てよう。犬は中で眠り、留守のあいだはその前で待っている。,"키트로 된 나무 개집. 손에 들고 집 근처 빈 땅에 세우세요. 강아지가 그 안에서 자고, 집을 비운 동안에는 그 앞에서 기다려요.",成套的木板狗屋。拿在手上，在房子附近的空地上搭起来：狗狗会睡在里面，你不在时就在门口等你。,成套的木板狗屋。拿在手上，在房子附近的空地上搭起來：狗狗會睡在裡面，你不在時就在門口等你。
PROJECT_DOGHOUSE,Doghouse,Köpek Kulübesi,Hundehütte,Caseta del perro,Niche,Cuccia,Casinha de cachorro,Собачья будка,Buda dla psa,犬小屋,개집,狗屋,狗屋
PROJECT_DOGHOUSE_DESC,"A snug boarded house for your dog, its name over the door. You get it as a kit and put it up near your house; it goes up in half a minute. Your dog sleeps in it at night and waits by it while you are away.","Köpeğin için kapısının üstünde adı yazan, sıcacık ahşap bir kulübe. Kit olarak alırsın, evinin yakınına kurarsın; yarım dakikada hazır olur. Köpeğin geceleri içinde uyur, sen yokken önünde bekler.","Eine gemütliche Bretterhütte für deinen Hund, mit seinem Namen über der Tür. Du bekommst sie als Bausatz und stellst sie nahe dem Haus auf; in einer halben Minute steht sie. Dein Hund schläft nachts darin und wartet davor, wenn du weg bist.","Una caseta de tablas bien abrigada para tu perro, con su nombre sobre la puerta. La recibes en kit y la montas cerca de tu casa; está lista en medio minuto. Tu perro duerme dentro por la noche y te espera delante cuando no estás.","Une niche en planches bien douillette pour ton chien, son nom au-dessus de la porte. Tu la reçois en kit et la montes près de ta maison ; elle est prête en une demi-minute. Ton chien y dort la nuit et t'attend devant quand tu es absent.","Una cuccia di assi calda e accogliente per il tuo cane, con il suo nome sopra la porta. La ricevi in kit e la monti vicino a casa; è pronta in mezzo minuto. Il tuo cane ci dorme di notte e ti aspetta lì davanti quando non ci sei.","Uma casinha de tábuas aconchegante para o seu cachorro, com o nome dele em cima da porta. Você recebe em kit e monta perto da sua casa; fica pronta em meio minuto. Seu cachorro dorme nela à noite e espera na frente quando você sai.","Уютная дощатая будка для твоего пса, с его кличкой над входом. Получаешь её комплектом и ставишь у дома; она собирается за полминуты. Ночью пёс спит в ней, а пока тебя нет — ждёт рядом.","Przytulna buda z desek dla twojego psa, z jego imieniem nad wejściem. Dostajesz ją w zestawie i stawiasz przy domu; stanie w pół minuty. Pies śpi w niej nocą i czeka przed nią, gdy cię nie ma.",入口の上に名前が入った、居心地のいい板張りの犬小屋。キットで受け取り、家の近くに建てると30秒ほどで完成。犬は夜は中で眠り、留守のあいだはその前で待っている。,"문 위에 이름이 적힌 아늑한 나무 개집. 키트로 받아 집 근처에 세우면 30초 만에 완성돼요. 강아지가 밤에는 그 안에서 자고, 집을 비운 동안에는 그 앞에서 기다려요.",给狗狗住的温暖木板小屋，门上写着它的名字。以套件形式拿到，在房子附近搭起来，半分钟就好。狗狗晚上睡在里面，你不在时就在门口等你。,給狗狗住的溫暖木板小屋，門上寫著牠的名字。以套件形式拿到，在房子附近搭起來，半分鐘就好。狗狗晚上睡在裡面，你不在時就在門口等你。
MSG_PET_WENT_HOME,"%s waited for you a while, then went back home to the farm.","%s seni bir süre bekledi, sonra çiftliğe, yuvasına döndü.",%s hat eine Weile auf dich gewartet und ist dann nach Hause auf den Hof gelaufen.,"%s te esperó un rato y luego volvió a casa, a la granja.","%s t'a attendu un moment, puis est rentré à la ferme.","%s ti ha aspettato per un po', poi è tornato a casa, alla fattoria.","%s esperou você por um tempo e depois voltou para casa, na fazenda.","%s немного подождал тебя и вернулся домой, на ферму.","%s trochę na ciebie poczekał, a potem wrócił do domu, na farmę.",%sはしばらく待ってから、牧場の家に帰りました。,%s이(가) 한동안 기다리다가 농장 집으로 돌아갔어요.,%s等了你一会儿，然后自己回农场的家了。,%s等了你一會兒，然後自己回農場的家了。
MSG_PET_CARRY_HOWTO,G: pick it up · Get into the pickup with it in your arms and it rides beside you,G: kucağına al · Kucağındayken pikaba binersen yan koltukta seninle gelir,"G: hochnehmen · Steigst du mit ihm auf dem Arm in den Pick-up, fährt er neben dir mit","G: cogerlo en brazos · Si subes a la camioneta con él en brazos, viaja a tu lado",G : le prendre dans les bras · Monte dans le pick-up avec lui dans les bras et il voyage à côté de toi,"G: prendilo in braccio · Se sali sul pick-up tenendolo in braccio, viaggia accanto a te",G: pegar no colo · Entre na picape com ele no colo e ele viaja ao seu lado,G: взять на руки · Сядешь в пикап с ним на руках — он поедет рядом с тобой,"G: weź na ręce · Wsiądź do pikapa z nim na rękach, a pojedzie obok ciebie",G：抱き上げる · 抱いたままピックアップに乗ると、となりの席に乗ってきます,G: 안아 들기 · 안은 채로 픽업트럭에 타면 옆자리에 함께 타요,G：抱起来 · 抱着它上皮卡，它就坐在你旁边一起走,G：抱起來 · 抱著牠上皮卡，牠就坐在你旁邊一起走
MSG_DOG_GOALS_NEW,A few things to do with %s (side goals),%s ile yapacak birkaç şey var (yan görevler),"Ein paar Dinge, die du mit %s tun kannst (Nebenziele)",Unas cuantas cosas que hacer con %s (objetivos secundarios),Quelques petites choses à faire avec %s (objectifs secondaires),Qualche cosa da fare con %s (obiettivi secondari),Algumas coisas para fazer com %s (objetivos extras),Несколько дел с %s (побочные цели),Kilka rzeczy do zrobienia z %s (cele poboczne),%sと一緒にやることがいくつかあります（サブ目標）,%s와(과) 함께 할 일이 몇 가지 있어요 (보조 목표),有几件可以和%s一起做的事（支线目标）,有幾件可以和%s一起做的事（支線目標）
DOG_GOAL_KENNEL,Build a doghouse for %s,%s için bir köpek kulübesi yap,Bau eine Hundehütte für %s,Construye una caseta para %s,Construis une niche pour %s,Costruisci una cuccia per %s,Construa uma casinha para %s,Построй будку для %s,Zbuduj budę dla %s,%sの犬小屋を建てる,%s의 개집 짓기,给%s盖一间狗屋,給%s蓋一間狗屋
DOG_HINT_KENNEL_BOARD,The construction board makes the kit (a little wood and a few nails),İnşaat panosundan kitini al (biraz odun ve birkaç çivi ister),Den Bausatz gibt es an der Bautafel (etwas Holz und ein paar Nägel),El kit se hace en el tablón de obras (algo de madera y unos clavos),Le kit se fait au panneau de construction (un peu de bois et quelques clous),Il kit si fa alla bacheca delle costruzioni (un po' di legno e qualche chiodo),O kit é feito no quadro de construção (um pouco de madeira e alguns pregos),Комплект делают на доске строительства (немного дерева и гвоздей),Zestaw zrobisz przy tablicy budowy (trochę drewna i kilka gwoździ),キットは建設ボードで作れます（木材少しと釘が数本）,키트는 건설 게시판에서 만들어요 (나무 조금과 못 몇 개),在建造告示板做套件（一点木头和几颗钉子）,在建造告示板做套件（一點木頭和幾顆釘子）
DOG_HINT_KENNEL_PLACE,Hold the kit and put it up near your house,Kiti eline al ve evinin yakınına kur,Nimm den Bausatz in die Hand und stell ihn nahe dem Haus auf,Toma el kit y móntalo cerca de tu casa,Prends le kit en main et monte-le près de ta maison,Prendi in mano il kit e montalo vicino a casa,Pegue o kit na mão e monte perto da sua casa,Возьми комплект в руки и поставь у дома,Weź zestaw do ręki i postaw go przy domu,キットを手に持って家の近くに建てよう,키트를 손에 들고 집 근처에 세우세요,把套件拿在手上，搭在房子附近,把套件拿在手上，搭在房子附近
DOG_HINT_KENNEL_WAIT,It is going up: ready in a moment,"Kulübe yapılıyor, birazdan hazır",Sie wird gerade gebaut: gleich fertig,Se está montando: enseguida estará lista,Elle est en cours de montage : prête dans un instant,La stanno montando: tra un attimo è pronta,"Está sendo montada: fica pronta já, já",Её уже ставят: скоро будет готова,Już ją stawiają: za chwilę będzie gotowa,いま建てているところ。もうすぐ完成,짓는 중이에요. 곧 완성돼요,正在搭建：马上就好,正在搭建：馬上就好
DOG_LABEL_BOARD,Construction board,İnşaat panosu,Bautafel,Tablón de obras,Panneau de construction,Bacheca delle costruzioni,Quadro de construção,Доска строительства,Tablica budowy,建設ボード,건설 게시판,建造告示板,建造告示板
DOG_GOAL_BALL,Buy a ball at the market,Marketten bir top al,Kauf auf dem Markt einen Ball,Compra una pelota en el mercado,Achète une balle au marché,Compra una palla al mercato,Compre uma bola no mercado,Купи мячик на рынке,Kup piłkę na targu,マーケットでボールを買う,마켓에서 공 사기,在市场买一个球,在市場買一顆球
DOG_HINT_BALL,Yeşilova Market sells one: %s will love it,Yeşilova Market'te satılıyor; %s buna bayılacak,Den gibt es im Yeşilova Market: %s wird ihn lieben,La venden en Yeşilova Market: a %s le va a encantar,Yeşilova Market en vend une : %s va l'adorer,La vendono allo Yeşilova Market: %s ne andrà matto,Tem no Yeşilova Market: %s vai adorar,Он продаётся в Yeşilova Market: %s будет в восторге,Kupisz ją w Yeşilova Market: %s będzie zachwycony,Yeşilova Marketで売っています。%sがきっと喜びます,Yeşilova Market에서 팔아요. %s이(가) 정말 좋아할 거예요,Yeşilova Market有卖：%s一定会喜欢,Yeşilova Market有賣：%s一定會喜歡
DOG_GOAL_SIT,Finish the first lesson: teach %s to sit,İlk eğitimi tamamla: %s oturmayı öğrensin,Schließ die erste Lektion ab: Bring %s „Sitz“ bei,Completa la primera lección: enseña a %s a sentarse,Termine la première leçon : apprends à %s à s'asseoir,Completa la prima lezione: insegna a %s a sedersi,Conclua a primeira lição: ensine %s a sentar,Заверши первый урок: научи %s команде «Сидеть»,Ukończ pierwszą lekcję: naucz %s siadać,最初のしつけを終える：%sに「おすわり」を教える,"첫 훈련 끝내기: %s에게 ""앉아"" 가르치기",完成第一堂课：教%s学会坐下,完成第一堂課：教%s學會坐下
DOG_HINT_SIT,"Whistle with H to call it. Looking at it press F (Sit!), then pet it with E right away (%d/%d)","H ile ıslık çalıp çağır. Ona bakarken F ile ""Otur!"" de, hemen ardından E ile sev (%d/%d)","Pfeif mit H, um ihn zu rufen. Sieh ihn an, drück F (Sitz!) und streichle ihn gleich danach mit E (%d/%d)",Silba con H para llamarlo. Mirándolo pulsa F (¡Sienta!) y acarícialo enseguida con E (%d/%d),"Siffle avec H pour l'appeler. En le regardant, appuie sur F (Assis !), puis caresse-le aussitôt avec E (%d/%d)","Fischia con H per chiamarlo. Guardandolo premi F (Seduto!), poi accarezzalo subito con E (%d/%d)","Assobie com H para chamar. Olhando para ele, aperte F (Senta!) e faça carinho logo em seguida com E (%d/%d)","Свистни клавишей H, чтобы позвать. Глядя на него, нажми F («Сидеть!») и сразу погладь клавишей E (%d/%d)","Gwizdnij klawiszem H, żeby go zawołać. Patrząc na niego, naciśnij F (Siad!) i od razu pogłaszcz klawiszem E (%d/%d)",Hの口笛で呼ぼう。見ながらFで「おすわり！」、すぐにEでなでる（%d/%d）,"H 휘파람으로 부르세요. 바라보며 F로 ""앉아!"" 하고 바로 E로 쓰다듬어 주세요 (%d/%d)",按H吹口哨叫它过来。看着它按F（坐下！），马上再按E摸摸它（%d/%d）,按H吹口哨叫牠過來。看著牠按F（坐下！），馬上再按E摸摸牠（%d/%d）
DOG_GOAL_FETCH,Teach %s to bring the ball back,%s topu getirmeyi öğrensin,"Bring %s bei, den Ball zurückzubringen",Enseña a %s a traer la pelota,Apprends à %s à rapporter la balle,Insegna a %s a riportare la palla,Ensine %s a trazer a bola de volta,Научи %s приносить мяч,Naucz %s przynosić piłkę,%sにボールを持ってくることを教える,%s에게 공 물어 오기 가르치기,教%s把球捡回来,教%s把球撿回來
DOG_HINT_FETCH,"Throw the ball (LMB). When it has it in its mouth, go to it and pet it with E (%d/%d)",Topu at (sol tık). Ağzına alınca yanına git ve E ile sev (%d/%d),"Wirf den Ball (LMT). Sobald er ihn im Maul hat, geh hin und streichle ihn mit E (%d/%d)","Lanza la pelota (clic izq.). Cuando la tenga en la boca, acércate y acarícialo con E (%d/%d)","Lance la balle (clic G). Quand il l'a dans la gueule, va vers lui et caresse-le avec E (%d/%d)","Lancia la palla (clic sx). Quando l'ha in bocca, vai da lui e accarezzalo con E (%d/%d)","Jogue a bola (clique esq.). Quando ele estiver com ela na boca, chegue perto e faça carinho com E (%d/%d)","Брось мяч (ЛКМ). Когда он возьмёт его в пасть, подойди и погладь клавишей E (%d/%d)","Rzuć piłkę (LPM). Gdy weźmie ją do pyska, podejdź i pogłaszcz go klawiszem E (%d/%d)",ボールを投げよう（左クリック）。くわえたら近づいてEでなでる（%d/%d）,공을 던지세요(좌클릭). 입에 물면 다가가 E로 쓰다듬어 주세요 (%d/%d),把球扔出去（左键）。等它叼住球，走过去按E摸摸它（%d/%d）,把球丟出去（左鍵）。等牠叼住球，走過去按E摸摸牠（%d/%d）
DOG_HINT_FETCH_NO_BALL,You need a ball: Yeşilova Market sells one,Bir top lazım: Yeşilova Market'te satılıyor,Du brauchst einen Ball: Den gibt es im Yeşilova Market,Necesitas una pelota: la venden en Yeşilova Market,Il te faut une balle : Yeşilova Market en vend,Ti serve una palla: la vendono allo Yeşilova Market,Você precisa de uma bola: tem no Yeşilova Market,Нужен мячик: он продаётся в Yeşilova Market,Potrzebna jest piłka: kupisz ją w Yeşilova Market,ボールが必要です。Yeşilova Marketで売っています,공이 필요해요. Yeşilova Market에서 팔아요,需要一个球：Yeşilova Market有卖,需要一顆球：Yeşilova Market有賣
TROUGH_FEED_LEVEL,Feed: %d%%,Yem: %%%d,Futter: %d %%,Alimento: %d%%,Nourriture : %d %%,Mangime: %d%%,Ração: %d%%,Корм: %d%%,Pasza: %d%%,エサ：%d%%,사료: %d%%,饲料：%d%%,飼料：%d%%
TROUGH_WATER_LEVEL,Water: %d%%,Su: %%%d,Wasser: %d %%,Agua: %d%%,Eau : %d %%,Acqua: %d%%,Água: %d%%,Вода: %d%%,Woda: %d%%,水：%d%%,물: %d%%,水：%d%%,水：%d%%
RADIO_OFF,Radio off,Radyo kapalı,Radio aus,Radio apagada,Radio éteinte,Radio spenta,Rádio desligado,Радио выключено,Radio wyłączone,ラジオ オフ,라디오 꺼짐,收音机已关,收音機已關
HINT_RADIO,Radio,Radyo,Radio,Radio,Radio,Radio,Rádio,Радио,Radio,ラジオ,라디오,收音机,收音機
HINT_STATION,Station,İstasyon,Sender,Emisora,Station,Stazione,Estação,Станция,Stacja,放送局,채널,电台,電台
BIND_RADIO,Vehicle: radio / next station,Araç: radyo / sonraki istasyon,Fahrzeug: Radio / nächster Sender,Vehículo: radio / emisora siguiente,Véhicule : radio / station suivante,Veicolo: radio / stazione successiva,Veículo: rádio / próxima estação,Машина: радио / следующая станция,Pojazd: radio / następna stacja,車：ラジオ / 次の局,차량: 라디오 / 다음 채널,车辆：收音机／下一个电台,車輛：收音機／下一個電台
MSG_WOLVES_AWAY,Howls in the distance… The wolves are down at the farm!,Uzaktan ulumalar… Kurtlar çiftliğe indi!,Heulen in der Ferne … Die Wölfe sind unten am Hof!,Aullidos a lo lejos… ¡Los lobos han bajado a la granja!,Des hurlements au loin… Les loups sont descendus à la ferme !,Ululati in lontananza… I lupi sono scesi alla fattoria!,Uivos ao longe… Os lobos desceram até a fazenda!,Вдали слышен вой… Волки спустились к ферме!,Wycie w oddali… Wilki zeszły na farmę!,遠くで遠吠えが…オオカミが農場に下りてきた！,멀리서 울음소리가… 늑대들이 농장으로 내려왔어요!,远处传来狼嚎……狼群下山到农场了！,遠處傳來狼嚎……狼群下山到農場了！
MSG_WOLVES_AWAY_SAFE,"The wolves came to the farm while you were away, but your animals were safe.",Sen yokken kurtlar çiftliğe indi ama hayvanların güvendeydi.,"Während du weg warst, kamen Wölfe zum Hof, aber deine Tiere waren in Sicherheit.","Mientras no estabas, los lobos bajaron a la granja, pero tus animales estaban a salvo.","En ton absence, les loups sont venus à la ferme, mais tes animaux étaient en sécurité.","Mentre eri via i lupi sono scesi alla fattoria, ma i tuoi animali erano al sicuro.","Enquanto você estava fora, os lobos vieram à fazenda, mas seus animais estavam seguros.","Пока тебя не было, к ферме приходили волки, но твои животные были в безопасности.","Pod twoją nieobecność na farmę przyszły wilki, ale twoje zwierzęta były bezpieczne.",留守のあいだにオオカミが農場へ来たが、家畜は無事だった。,집을 비운 사이 늑대가 농장에 왔지만 가축들은 무사했어요.,你不在的时候狼群来过农场，但你的牲畜都平安无事。,你不在的時候狼群來過農場，但你的牲畜都平安無事。
MSG_WOLVES_AWAY_CAME,The wolves raided the farm while you were away.,Sen yokken kurtlar çiftliği bastı.,"Während du weg warst, haben Wölfe den Hof überfallen.","Mientras no estabas, los lobos atacaron la granja.","En ton absence, les loups ont attaqué la ferme.",Mentre eri via i lupi hanno assalito la fattoria.,"Enquanto você estava fora, os lobos atacaram a fazenda.","Пока тебя не было, волки напали на ферму.",Pod twoją nieobecność wilki napadły na farmę.,留守のあいだにオオカミが農場を襲った。,집을 비운 사이 늑대가 농장을 덮쳤어요.,你不在的时候，狼群袭击了农场。,你不在的時候，狼群襲擊了農場。
HINT_SELL_GOODS_HOME,"Sell your %s: take it to the Yeşilova market in the pickup (pays at once), or put it in the shipping bin (pays next morning)",%s sat: pikapla Yeşilova marketine götür (hemen öder) ya da satış kutusuna koy (sabah öder),Verkauf %s: Bring es mit dem Pick-up zum Markt in Yeşilova (zahlt sofort) oder leg es in die Versandkiste (zahlt am nächsten Morgen),Vende %s: llévalo en la camioneta al mercado de Yeşilova (paga al momento) o déjalo en el cajón de envíos (paga por la mañana),Vends %s : emmène-le au marché de Yeşilova en pick-up (paie tout de suite) ou mets-le dans le bac d'expédition (paie au matin),Vendi %s: portalo al mercato di Yeşilova col pick-up (paga subito) oppure mettilo nella cassa di spedizione (paga al mattino),Venda %s: leve na caminhonete ao mercado de Yeşilova (paga na hora) ou deixe na caixa de envios (paga de manhã),Продай: %s. Отвези на пикапе на рынок в Ешилове (платит сразу) или положи в ящик для продажи (платит утром),Sprzedaj: %s. Zawieź pikapem na targ w Yeşilova (płaci od ręki) albo włóż do skrzyni wysyłkowej (płaci rano),%sを売ろう：ピックアップでイェシロヴァの市場へ運ぶ（すぐに代金がもらえる）か、出荷箱に入れる（代金は翌朝）,%s 팔기: 픽업으로 예실로바 시장에 가져가거나(바로 돈을 줘요) 출하 상자에 넣어요(다음 날 아침에 돈을 줘요),卖掉%s：开皮卡送到耶希洛瓦市场（当场付钱），或者放进出货箱（第二天早上付钱）,賣掉%s：開皮卡送到耶希洛瓦市場（當場付錢），或者放進出貨箱（隔天早上付錢）
HINT_BIN_WAIT,The goods in your shipping bin are paid for in the morning (%s): go to bed,Satış kutusundakilerin parası sabah gelir (%s): yatıp uyu,Die Waren in deiner Versandkiste werden morgens bezahlt (%s): Geh schlafen,Lo que hay en tu cajón de envíos se paga por la mañana (%s): vete a dormir,Ce qui est dans ton bac d'expédition est payé au matin (%s) : va dormir,Quello che c'è nella cassa di spedizione viene pagato al mattino (%s): vai a dormire,O que está na caixa de envios é pago de manhã (%s): vá dormir,Товар в ящике для продажи оплатят утром (%s): ложись спать,Za towar w skrzyni wysyłkowej zapłacą rano (%s): idź spać,出荷箱の品の代金は朝に入る（%s）：眠ろう,출하 상자에 넣은 물건 값은 아침에 들어와요 (%s): 잠을 자요,出货箱里的货早上付钱（%s）：去睡觉吧,出貨箱裡的貨早上付錢（%s）：去睡覺吧
HINT_EARN_HARVEST,"Nothing to sell yet: harvest your ripe beds, then sell the crop","Satacak bir şeyin yok: olgun tarhları hasat et, sonra ürünü sat",Noch nichts zu verkaufen: Ernte deine reifen Beete und verkauf die Ernte,Aún no tienes nada que vender: cosecha tus bancales maduros y vende la cosecha,"Rien à vendre pour l'instant : récolte tes planches mûres, puis vends la récolte","Ancora niente da vendere: raccogli le aiuole mature, poi vendi il raccolto",Ainda não há nada para vender: colha os canteiros maduros e venda a colheita,Продавать пока нечего: собери спелые грядки и продай урожай,Nie masz jeszcze nic na sprzedaż: zbierz dojrzałe grządki i sprzedaj plony,売る物がまだない：実った畝を収穫して売ろう,아직 팔 것이 없어요: 익은 밭을 수확해서 팔아요,还没有可卖的东西：收割成熟的菜畦，然后卖掉,還沒有可賣的東西：收割成熟的菜畦，然後賣掉
HINT_EARN_EGGS,"Nothing to sell yet: collect the eggs from the coop, then sell them","Satacak bir şeyin yok: kümesteki yumurtaları topla, sonra sat",Noch nichts zu verkaufen: Sammle die Eier im Hühnerstall und verkauf sie,Aún no tienes nada que vender: recoge los huevos del gallinero y véndelos,"Rien à vendre pour l'instant : ramasse les œufs du poulailler, puis vends-les","Ancora niente da vendere: raccogli le uova nel pollaio, poi vendile",Ainda não há nada para vender: recolha os ovos do galinheiro e venda,Продавать пока нечего: собери яйца в курятнике и продай их,Nie masz jeszcze nic na sprzedaż: zbierz jajka z kurnika i je sprzedaj,売る物がまだない：鶏小屋の卵を集めて売ろう,아직 팔 것이 없어요: 닭장의 달걀을 모아서 팔아요,还没有可卖的东西：去鸡舍捡鸡蛋，然后卖掉,還沒有可賣的東西：去雞舍撿雞蛋，然後賣掉
HINT_EARN_GATHER,"Nothing to sell yet: chop wood, collect eggs or catch fish, then sell them","Satacak bir şeyin yok: odun kes, yumurta topla ya da balık tut, sonra sat","Noch nichts zu verkaufen: Hack Holz, sammle Eier oder fang Fische und verkauf sie","Aún no tienes nada que vender: corta leña, recoge huevos o pesca, y luego véndelo","Rien à vendre pour l'instant : coupe du bois, ramasse des œufs ou pêche, puis vends le tout","Ancora niente da vendere: taglia legna, raccogli uova o pesca, poi vendi tutto","Ainda não há nada para vender: corte lenha, recolha ovos ou pesque, depois venda","Продавать пока нечего: наруби дров, собери яйца или налови рыбы, а потом продай","Nie masz jeszcze nic na sprzedaż: narąb drewna, zbierz jajka albo złów ryby, potem je sprzedaj",売る物がまだない：木を切るか、卵を集めるか、魚を釣って売ろう,아직 팔 것이 없어요: 나무를 베거나 달걀을 모으거나 물고기를 낚아서 팔아요,还没有可卖的东西：砍些木头、捡鸡蛋或者钓鱼，然后卖掉,還沒有可賣的東西：砍些木頭、撿雞蛋或者釣魚，然後賣掉
ACTION_NAME_ANIMAL,NAME IT,İSİM VER,BENENNEN,PONER NOMBRE,NOMMER,DAI UN NOME,DAR NOME,НАЗВАТЬ,NAZWIJ,名前をつける,이름 짓기,取名,取名
SIDE_CHICK_TITLE,First chick,İlk civciv,Erstes Küken,Primer pollito,Premier poussin,Primo pulcino,Primeiro pintinho,Первый цыплёнок,Pierwsze kurczę,初めてのヒヨコ,첫 병아리,第一只小鸡,第一隻小雞
SIDE_GOAL_CHICK,Your first chick has hatched: go and see it and give it a name,İlk civcivin yumurtadan çıktı: yanına git ve ona bir isim ver,Dein erstes Küken ist geschlüpft: Geh hin und gib ihm einen Namen,Ha nacido tu primer pollito: ve a verlo y ponle un nombre,Ton premier poussin est né : va le voir et donne-lui un nom,È nato il tuo primo pulcino: vai a vederlo e dagli un nome,Seu primeiro pintinho nasceu: vá vê-lo e dê um nome a ele,Вылупился твой первый цыплёнок: подойди к нему и дай ему имя,Wykluło się twoje pierwsze kurczę: podejdź do niego i nadaj mu imię,初めてのヒヨコが生まれた：そばに行って名前をつけよう,첫 병아리가 알에서 나왔어요: 가서 보고 이름을 지어 주세요,你的第一只小鸡破壳了：去看看它，给它取个名字,你的第一隻小雞破殼了：去看看牠，給牠取個名字
SIDE_HINT_CHICK,"It's in the coop, close to its mother: look at it and press E","Kümeste, annesinin yanında: ona bak ve E'ye bas",Es ist im Hühnerstall bei seiner Mutter: Sieh es an und drück E,"Está en el gallinero, junto a su madre: míralo y pulsa E","Il est au poulailler, près de sa mère : regarde-le et appuie sur E","È nel pollaio, vicino a sua madre: guardalo e premi E","Está no galinheiro, perto da mãe: olhe para ele e aperte E","Он в курятнике, рядом с мамой: посмотри на него и нажми E","Jest w kurniku, przy mamie: spójrz na nie i naciśnij E",鶏小屋でお母さんのそばにいる：見つめてEを押そう,닭장에서 엄마 곁에 있어요: 바라보고 E를 누르세요,它在鸡舍里，跟在妈妈身边：看着它按 E,牠在雞舍裡，跟在媽媽身邊：看著牠按 E
ANIMAL_NAME_TITLE_CHICK,Name your chick,Civcivine bir isim ver,Gib deinem Küken einen Namen,Ponle nombre a tu pollito,Donne un nom à ton poussin,Dai un nome al tuo pulcino,Dê um nome ao seu pintinho,Назови своего цыплёнка,Nadaj imię swojemu kurczęciu,ヒヨコに名前をつけよう,병아리에게 이름을 지어 주세요,给你的小鸡取个名字,給你的小雞取個名字
ANIMAL_NAME_SUB_CHICK,Still damp from the shell and already cheeping for attention. What will you call this little one?,Daha tüyleri kurumadan cik cik diye ilgi istemeye başladı. Bu minik yumağın adı ne olsun?,Noch feucht vom Ei und schon piepst es nach Aufmerksamkeit. Wie soll der Winzling heißen?,Aún húmedo del cascarón y ya pía para que le hagan caso. ¿Cómo vas a llamar a este pequeñín?,Encore humide de sa coquille et il piaille déjà pour qu'on s'occupe de lui. Comment vas-tu appeler ce petit bout ?,Ancora umido di guscio e già pigola per farsi notare. Come chiamerai questo batuffolo?,Ainda úmido da casca e já piando por atenção. Como vai se chamar esse pequenino?,"Ещё мокрый после скорлупы, а уже пищит и требует внимания. Как назовёшь малыша?","Jeszcze mokre po skorupce, a już piszczy o uwagę. Jak nazwiesz tego malucha?",殻から出たばかりなのに、もうピヨピヨと甘えている。この子の名前は？,껍데기에서 막 나왔는데 벌써 삐약삐약 관심을 달라고 해요. 이 꼬마 이름은 뭐로 할까요?,刚出壳身上还湿着，就叽叽地要人疼了。给这个小家伙取什么名字？,剛出殼身上還濕著，就嘰嘰地要人疼了。給這個小傢伙取什麼名字？
ANIMAL_NAME_IDEAS_CHICK,Peep|Fluff|Button|Biscuit|Sunny,Pamuk|Ponçik|Limon|Cik Cik|Minnoş,Flauschi|Flöckchen|Knöpfchen|Keks|Sonni,Pelusa|Pompón|Botón|Galleta|Solecito,Plumette|Pompon|Bouton|Biscuit|Soleil,Batuffolo|Pompon|Bottone|Biscotto|Solicino,Pompom|Floquinho|Botão|Biscoito|Solzinho,Пушок|Комочек|Кнопка|Пряник|Солнышко,Puszek|Kłębek|Guzik|Biszkopt|Słonko,ぴよ|ふわ|まめ|たまご|ひなた,삐약이|솜이|콩이|쿠키|햇살,毛球|绒绒|小豆|饼干|小太阳,毛球|絨絨|小豆|餅乾|小太陽
MSG_CHICK_NAMED,"Welcome, %s! Your first chick has its name.",Hoş geldin %s! İlk civcivinin adı kondu.,"Willkommen, %s! Dein erstes Küken hat seinen Namen.","¡Te damos la bienvenida, %s! Tu primer pollito ya tiene nombre.","Bienvenue, %s ! Ton premier poussin a son nom.","Benvenuto, %s! Il tuo primo pulcino ha il suo nome.","Boas-vindas, %s! Seu primeiro pintinho já tem nome.","Добро пожаловать, %s! У твоего первого цыплёнка есть имя.","Witaj, %s! Twoje pierwsze kurczę ma już imię.",ようこそ、%s！初めてのヒヨコに名前がついた。,"어서 와, %s! 첫 병아리에게 이름이 생겼어요.",欢迎你，%s！你的第一只小鸡有名字了。,歡迎你，%s！你的第一隻小雞有名字了。
SIDE_GOAL_CONTEST_PREP,Get ready for the fishing contest,Balık yarışmasına hazırlan,Mach dich bereit für den Angelwettbewerb,Prepárate para el concurso de pesca,Prépare-toi pour le concours de pêche,Preparati per la gara di pesca,Prepare-se para o concurso de pesca,Подготовься к рыболовному конкурсу,Przygotuj się do konkursu wędkarskiego,釣り大会の準備をしよう,낚시 대회 준비하기,为钓鱼比赛做准备,為釣魚比賽做準備
CONTEST_PREP_ROD,Fishing rod,Olta,Angel,Caña,Canne,Canna,Vara,Удочка,Wędka,釣り竿,낚싯대,钓竿,釣竿
CONTEST_PREP_BAIT,Bait,Balık yemi,Köder,Cebo,Appâts,Esche,Iscas,Наживка,Przynęta,餌,미끼,鱼饵,魚餌
SIDE_HINT_PREP_ROD,You have no rod: make one at the workbench (wood and rope; the market sells rope),Oltan yok: çalışma masasında bir olta yap (odun ve ip ister; ipi market satar),Dir fehlt eine Angel: Bau eine an der Werkbank (Holz und Seil; Seil gibt's auf dem Markt),No tienes caña: haz una en el banco de trabajo (madera y cuerda; la cuerda se vende en el mercado),Tu n'as pas de canne : fabriques-en une à l'établi (bois et corde ; la corde se vend au marché),Non hai una canna: costruiscine una al banco da lavoro (legno e corda; la corda si compra al mercato),Você não tem vara: faça uma na bancada de trabalho (madeira e corda; a corda é vendida no mercado),У тебя нет удочки: сделай её на верстаке (дерево и верёвка; верёвку продают на рынке),Nie masz wędki: zrób ją na stole warsztatowym (drewno i lina; linę kupisz na targu),釣り竿がない：作業台で作ろう（木材とロープ。ロープは市場で売っている）,"낚싯대가 없어요: 작업대에서 만드세요 (나무와 밧줄, 밧줄은 시장에서 팔아요)",你还没有钓竿：在工作台做一根（要木头和绳子，绳子市场有卖）,你還沒有釣竿：在工作台做一根（要木頭和繩子，繩子市場有賣）
SIDE_HINT_PREP_BAIT,"Not enough bait: buy some at the Yeşilova Market (worms, dough)","Yemin az: Yeşilova Market'ten balık yemi al (solucan, hamur)","Zu wenig Köder: Kauf welche im Yeşilova Market (Würmer, Teig)","Te falta cebo: cómpralo en Yeşilova Market (lombrices, masa)","Pas assez d'appâts : achètes-en à Yeşilova Market (vers, pâte)","Poche esche: comprale a Yeşilova Market (lombrichi, impasto)","Pouca isca: compre no Yeşilova Market (minhocas, massa)","Мало наживки: купи её в Yeşilova Market (черви, тесто)","Za mało przynęty: kup ją w Yeşilova Market (robaki, ciasto)",餌が足りない：Yeşilova Marketで買おう（ミミズ、練り餌）,"미끼가 모자라요: Yeşilova Market에서 사세요 (지렁이, 떡밥)",鱼饵不够：到 Yeşilova Market 买一些（蚯蚓、面团饵）,魚餌不夠：到 Yeşilova Market 買一些（蚯蚓、麵團餌）
SIDE_HINT_PREP_READY,You're all set: it starts at %s at the town pond,Hazırsın: yarışma %s'da kasaba göletinde başlıyor,Du bist bereit: Los geht's um %s am Dorfteich,Ya lo tienes todo: empieza a las %s en el estanque del pueblo,Tu es prêt : ça commence à %s à l'étang du village,Sei pronto: si comincia alle %s allo stagno del paese,Tudo pronto: começa às %s no lago da cidade,Всё готово: начало в %s у городского пруда,Wszystko gotowe: start o %s nad miejskim stawem,準備完了：%sに町の池で始まる,준비 완료: %s에 마을 연못에서 시작해요,准备好了：%s 在镇上的池塘开始,準備好了：%s 在鎮上的池塘開始
VEHICLE_TRAILER_STOCK,Grandpa's Stock Trailer,Dedenin Hayvan Römorku,Opas Viehanhänger,Remolque ganadero del abuelo,Bétaillère de grand-père,Rimorchio bestiame del nonno,Reboque de gado do vovô,Дедушкин прицеп для скота,Przyczepa dziadka do zwierząt,おじいちゃんの家畜トレーラー,할아버지의 가축 트레일러,爷爷的牲畜拖车,爺爺的牲畜拖車
VEHICLE_TRAILER_STOCK_DESC,"A single-axle stock trailer: a steel tub under galvanised slats, the gate drops into a ramp. Room for two sheep, or one cow or horse.","Tek dingilli hayvan römorku: çelik tekne, galvaniz çıtalar, arka kapağı inince rampa olur. İki koyun ya da bir inek ya da at alır.","Ein einachsiger Viehanhänger: Stahlwanne unter verzinkten Latten, die Klappe wird zur Rampe. Platz für zwei Schafe oder eine Kuh oder ein Pferd.","Un remolque ganadero de un eje: cuba de acero bajo listones galvanizados, y el portón baja y hace de rampa. Caben dos ovejas, o una vaca o un caballo.","Une bétaillère à un essieu : une caisse d'acier sous des lattes galvanisées, le hayon se rabat en rampe. De la place pour deux moutons, ou une vache ou un cheval.","Un rimorchio per bestiame a un asse: vasca d'acciaio sotto doghe zincate, il portellone si abbassa e fa da rampa. Ci stanno due pecore, oppure una mucca o un cavallo.","Um reboque de gado de um eixo: caixa de aço sob ripas galvanizadas, a tampa baixa e vira rampa. Cabem duas ovelhas, ou uma vaca ou um cavalo.","Одноосный прицеп для скота: стальной кузов под оцинкованными рейками, задний борт опускается и становится трапом. Вмещает двух овец либо одну корову или лошадь.","Jednoosiowa przyczepa do zwierząt: stalowa wanna pod ocynkowanymi szczeblami, klapa opada i robi za rampę. Mieści dwie owce albo jedną krowę lub konia.",一軸の家畜トレーラー。鋼の荷箱に亜鉛めっきの横板、後ろの扉は倒すとスロープになる。羊なら二頭、牛か馬なら一頭。,"외축 가축 트레일러. 강철 적재함 위로 아연 도금 살대가 둘러 있고, 뒷문을 내리면 경사로가 됩니다. 양 두 마리, 또는 소나 말 한 마리가 탑니다.",单轴牲畜拖车：钢板车斗配镀锌栅条，后门放下就是坡道。能装两只羊，或一头牛、一匹马。,單軸牲畜拖車：鋼板車斗配鍍鋅柵條，後門放下就是坡道。能載兩隻羊，或一頭牛、一匹馬。
VEHICLE_TRAILER_FLAT,Cargo Trailer,Yük Römorku,Lastenanhänger,Remolque de carga,Remorque plateau,Rimorchio da carico,Reboque de carga,Грузовой прицеп,Przyczepa towarowa,荷物用トレーラー,화물 트레일러,载货拖车,載貨拖車
VEHICLE_TRAILER_FLAT_DESC,"A plank deck behind low drop sides: bales, crates, wood and produce, twice what a pickup's bed takes.","Alçak kapaklı, tahta tabanlı bir kasa: balya, kasa, odun, mahsul... Bir pikap kasasının iki katını alır.","Ein Bretterboden hinter niedrigen Bordwänden: Ballen, Kisten, Holz und Ernte, doppelt so viel wie eine Pick-up-Ladefläche.","Una plataforma de tablones con laterales bajos: pacas, cajas, leña y cosecha, el doble de lo que lleva la caja de una camioneta.","Un plateau en planches derrière des ridelles basses : bottes, caisses, bois et récoltes, deux fois la benne d'un pick-up.","Un pianale di assi con sponde basse: balle, casse, legna e raccolto, il doppio del cassone di un pick-up.","Um estrado de tábuas com laterais baixas: fardos, caixas, lenha e colheita, o dobro da caçamba de uma picape.","Дощатая платформа с низкими бортами: тюки, ящики, дрова и урожай — вдвое больше, чем в кузове пикапа.","Pomost z desek za niskimi burtami: bele, skrzynki, drewno i plony, dwa razy tyle co paka pikapa.",低いあおりの板張りの荷台。干し草、木箱、薪、作物をピックアップの荷台の二倍積める。,"낮은 옆판을 두른 나무 바닥 적재함. 건초 더미, 상자, 장작, 수확물을 픽업 짐칸의 두 배만큼 싣습니다.",低栏板的木板货台：草捆、箱子、木柴和收成，装得下皮卡车斗的两倍。,低欄板的木板貨台：草捆、箱子、木柴和收成，裝得下貨卡後斗的兩倍。
ACTION_TRAILER_FEE,Pay the tyre bill · %s,Lastik parasını öde · %s,Reifenrechnung zahlen · %s,Pagar los neumáticos · %s,Payer les pneus · %s,Paga le gomme · %s,Pagar os pneus · %s,Оплатить шины · %s,Zapłać za opony · %s,タイヤ代を払う · %s,타이어값 내기 · %s,付轮胎钱 · %s,付輪胎錢 · %s
ACTION_TRAILER_HITCH,Hitch the trailer,Römorku bağla,Anhänger ankuppeln,Enganchar el remolque,Atteler la remorque,Aggancia il rimorchio,Engatar o reboque,Прицепить прицеп,Zaczep przyczepę,トレーラーをつなぐ,트레일러 연결하기,挂上拖车,掛上拖車
ACTION_TRAILER_UNHITCH,Unhitch the trailer,Römorku çöz,Anhänger abkuppeln,Desenganchar el remolque,Dételer la remorque,Sgancia il rimorchio,Desengatar o reboque,Отцепить прицеп,Odczep przyczepę,トレーラーを外す,트레일러 분리하기,摘下拖车,卸下拖車
ACTION_TRAILER_GATE_DOWN,Lower the ramp,Rampayı indir,Rampe herunterlassen,Bajar la rampa,Abaisser la rampe,Abbassa la rampa,Baixar a rampa,Опустить трап,Opuść rampę,スロープを下ろす,경사로 내리기,放下坡道,放下坡道
ACTION_TRAILER_GATE_UP,Raise the gate,Kapağı kaldır,Klappe schließen,Subir el portón,Relever le hayon,Alza il portellone,Levantar a tampa,Поднять борт,Podnieś klapę,扉を上げる,뒷문 올리기,收起后门,收起後門
ACTION_TRAILER_LOAD,Lead %s up the ramp,%s römorka binsin,%s die Rampe hinaufführen,Subir a %s por la rampa,Faire monter %s par la rampe,Fai salire %s sulla rampa,Subir %s pela rampa,Завести по трапу: %s,Wprowadź po rampie: %s,%sをスロープから乗せる,%s 경사로로 태우기,把%s牵上坡道,把%s牽上坡道
ACTION_TRAILER_UNLOAD,"ROPE ON, LEAD OUT: %s","YULARI TAK, İNDİR: %s","HALFTER AN, HERAUSFÜHREN: %s",CABEZAL Y A BAJAR: %s,LICOL ET DESCENTE : %s,CAVEZZA E GIÙ: %s,CABRESTO E DESCER: %s,"НАДЕТЬ НЕДОУЗДОК, ВЫВЕСТИ: %s",KANTAR I NA DÓŁ: %s,端綱をつけて降ろす：%s,굴레 씌워 내리기: %s,套缰绳牵下来：%s,套韁繩牽下來：%s
MSG_TRAILER_HITCHED,Clunk! %s is hitched behind the %s.,"Tak! %s, %s arkasına bağlandı.",Klack! %s hängt jetzt hinter: %s.,¡Clac! %s queda enganchado detrás de: %s.,Clac ! %s est attelée derrière : %s.,Clac! %s è agganciato dietro: %s.,Clac! %s engatado atrás de: %s.,Щёлк! %s прицеплен к: %s.,Klik! %s zaczepiona za: %s.,ガチャン！%sを%sの後ろにつないだ。,철컥! %s을(를) %s 뒤에 연결했습니다.,咔嗒！%s已挂在%s后面。,喀噠！%s已掛在%s後面。
MSG_TRAILER_UNHITCHED,%s is unhitched and stands on its jockey wheel.,%s çözüldü; destek tekerinin üstünde duruyor.,%s ist abgekuppelt und steht auf dem Stützrad.,%s está desenganchado y se apoya en su rueda jockey.,%s est dételée et repose sur sa roue jockey.,%s è sganciato e poggia sul ruotino.,"%s desengatado, apoiado na roda de apoio.",%s отцеплен и стоит на опорном колесе.,"%s odczepiona, stoi na kółku podporowym.",%sを外した。補助輪で立っている。,%s을(를) 분리했습니다. 보조 바퀴로 서 있습니다.,%s已摘下，靠支撑轮立着。,%s已卸下，靠支撐輪立著。
MSG_TRAILER_GATE_SHUT,The ramp was still down: you swung it shut before driving off.,Rampa açık kalmış; yola çıkmadan kapattın.,Die Rampe war noch unten: Vor dem Losfahren hast du sie geschlossen.,La rampa seguía bajada: la cerraste antes de arrancar.,La rampe était encore baissée : tu l'as refermée avant de partir.,La rampa era ancora giù: l'hai chiusa prima di partire.,A rampa ainda estava baixada: você a fechou antes de sair.,Трап был опущен: перед выездом ты его поднял.,Rampa była jeszcze opuszczona: zamknąłeś ją przed odjazdem.,スロープが下りたままだった。出発前に閉めた。,경사로가 내려져 있었네요. 출발 전에 닫았습니다.,坡道还放着：你在开车前把它收了起来。,坡道還放著：你在開車前把它收了起來。
MSG_TRAILER_IN_REACH,Close enough! Get out (E) and hitch the trailer at its tongue.,"Yeterince yakın! İn (E), römorkun okuna gidip bağla.",Nah genug! Steig aus (E) und kupple den Anhänger an der Deichsel an.,¡Suficientemente cerca! Baja (E) y engancha el remolque por la lanza.,Assez près ! Descends (E) et attelle la remorque au timon.,Abbastanza vicino! Scendi (E) e aggancia il rimorchio dal timone.,Perto o bastante! Desça (E) e engate o reboque pela lança.,Достаточно близко! Выйди (E) и прицепи прицеп за дышло.,Wystarczająco blisko! Wysiądź (E) i zaczep przyczepę przy dyszlu.,十分近い！降りて（E）、トレーラーの連結部でつなごう。,충분히 가까워요! 내려서(E) 트레일러 연결대에서 연결하세요.,够近了！下车（E），到拖车牵引杆那儿把它挂上。,夠近了！下車（E），到拖車牽引桿那兒把它掛上。
MSG_TRAILER_NO_ANIMALS,"This trailer carries cargo, not animals.","Bu römork yük taşır, hayvan değil.","Dieser Anhänger ist für Ladung, nicht für Tiere.","Este remolque lleva carga, no animales.","Cette remorque porte des marchandises, pas des bêtes.","Questo rimorchio porta merci, non animali.","Este reboque leva carga, não animais.","Этот прицеп возит груз, а не животных.","Ta przyczepa wozi ładunek, nie zwierzęta.",このトレーラーは荷物用で、動物は乗せられない。,이 트레일러는 짐을 싣는 용도예요. 동물은 못 태웁니다.,这辆拖车是拉货的，不拉牲口。,這輛拖車是載貨的，不載牲口。
MSG_TRAILER_FULL,"The trailer is full: it takes two sheep, or one cow or horse.",Römork dolu: iki koyun ya da bir inek ya da at alır.,Der Anhänger ist voll: Er fasst zwei Schafe oder eine Kuh oder ein Pferd.,"El remolque está lleno: caben dos ovejas, o una vaca o un caballo.","La remorque est pleine : deux moutons, ou une vache ou un cheval.","Il rimorchio è pieno: ci stanno due pecore, oppure una mucca o un cavallo.","O reboque está cheio: cabem duas ovelhas, ou uma vaca ou um cavalo.",Прицеп полон: в него входят две овцы либо одна корова или лошадь.,Przyczepa pełna: mieści dwie owce albo jedną krowę lub konia.,トレーラーは満員。羊二頭、または牛か馬一頭まで。,"트레일러가 꽉 찼어요. 양 두 마리, 또는 소나 말 한 마리까지입니다.",拖车满了：只能装两只羊，或一头牛、一匹马。,拖車滿了：只能載兩隻羊，或一頭牛、一匹馬。
MSG_TRAILER_GATE_FIRST,Lower the ramp first.,Önce rampayı indir.,Lass zuerst die Rampe herunter.,Primero baja la rampa.,Abaisse d'abord la rampe.,Prima abbassa la rampa.,Baixe a rampa primeiro.,Сначала опусти трап.,Najpierw opuść rampę.,先にスロープを下ろそう。,먼저 경사로를 내리세요.,先把坡道放下来。,先把坡道放下來。
MSG_TRAILER_WAIT,Wait until it is off the ramp.,Hayvan rampadan çekilene kadar bekle.,"Warte, bis es von der Rampe ist.",Espera a que salga de la rampa.,Attends qu'il ait quitté la rampe.,Aspetta che sia sceso dalla rampa.,Espere até ele sair da rampa.,"Подожди, пока оно сойдёт с трапа.","Poczekaj, aż zejdzie z rampy.",スロープから離れるまで待とう。,경사로에서 비켜날 때까지 기다리세요.,等它离开坡道再说。,等牠離開坡道再說。
MSG_TRAILER_NIGHT,Night fell: the animals in the trailer were led to their pen.,Akşam oldu: römorktaki hayvanlar ağıllarına alındı.,Es wurde Nacht: Die Tiere im Anhänger kamen in ihren Stall.,Cayó la noche: los animales del remolque fueron a su corral.,La nuit est tombée : les bêtes de la remorque ont rejoint leur enclos.,È scesa la notte: gli animali nel rimorchio sono stati portati al loro recinto.,Anoiteceu: os animais do reboque foram levados ao curral.,Стемнело: животных из прицепа отвели в загон.,Zapadła noc: zwierzęta z przyczepy trafiły do swojej zagrody.,夜になった。トレーラーの動物たちは小屋へ連れていかれた。,밤이 되어 트레일러의 동물들을 우리로 들였습니다.,天黑了：拖车里的牲口已被牵回圈里。,天黑了：拖車裡的牲口已被牽回圈裡。
MSG_TRAILER_CONFIRM,%s costs %s. Press E again to buy it.,%s: %s. Almak için E'ye bir daha bas.,"%s kostet %s. Drück noch einmal E, um ihn zu kaufen.",%s cuesta %s. Pulsa E otra vez para comprarlo.,%s coûte %s. Appuie encore sur E pour l'acheter.,%s costa %s. Premi di nuovo E per comprarlo.,%s custa %s. Aperte E de novo para comprar.,"%s стоит %s. Нажми E ещё раз, чтобы купить.","%s kosztuje %s. Naciśnij E jeszcze raz, żeby kupić.",%sは%s。買うならもう一度Eを押そう。,%s: %s. 사려면 E를 한 번 더 누르세요.,%s售价%s。再按一次E购买。,%s售價%s。再按一次E購買。
MSG_TRAILER_GRANDPA,"Kemal: ""The tyres are paid for. %s is yours now and stands in the bay right next door: back your pickup up to it and take it away!""","Kemal: ""Lastiklerin parası tamam. %s artık senin, hemen yandaki bölmede duruyor: pikabınla geri geri yanaş, bağla, götür!""","Kemal: „Die Reifen sind bezahlt. %s gehört jetzt dir und steht gleich nebenan in der Bucht: Fahr mit dem Pick-up rückwärts ran, kuppel an und ab damit!“","Kemal: «Los neumáticos están pagados. %s ya es tuyo y está en la plaza de aquí al lado: recula con la camioneta, engánchalo y llévatelo».","Kemal : « Les pneus sont payés. %s est à toi maintenant, juste à côté dans l'emplacement : recule ton pick-up, attelle et emmène-la ! »","Kemal: «Le gomme sono pagate. %s adesso è tuo ed è nella piazzola qui accanto: avvicinati in retromarcia col pick-up, aggancia e portalo via!»","Kemal: ""Os pneus estão pagos. %s agora é seu e está na vaga aqui ao lado: dê ré com a picape, engate e leve embora!""","Кемаль: «За шины уплачено. %s теперь твой, стоит рядом на площадке: подай пикап задом, цепляй и увози!»","Kemal: „Opony zapłacone. %s jest teraz twoja i stoi tuż obok na placu: podjedź pikapem tyłem, zaczep i zabieraj!”",ケマル「タイヤ代は確かに。%sはもう君のものだ、すぐ隣の置き場にある。ピックアップをバックで寄せて、つないで持っていきな！」,"케말: ""타이어값은 다 받았네. %s은(는) 이제 자네 거야, 바로 옆 칸에 서 있지. 픽업트럭을 후진해서 대고, 연결해서 가져가게!""",凯末尔：“轮胎钱结清了。%s现在归你了，就停在隔壁的车位：把皮卡倒过去，挂上就拉走吧！”,凱末爾：「輪胎錢結清了。%s現在歸你了，就停在隔壁的車位：把貨卡倒過去，掛上就拉走吧！」
MSG_TRAILER_BOUGHT,"Kemal: ""Good choice! %s stands in the bay right next door: back your pickup up to it, hitch it and off you go!""","Kemal: ""Hayırlı olsun! %s hemen yandaki bölmede duruyor: pikabınla geri geri yanaş, bağla, götür!""","Kemal: „Gute Wahl! %s steht gleich nebenan in der Bucht: Fahr mit dem Pick-up rückwärts ran, kuppel an und ab damit!“","Kemal: «¡Buena elección! %s está en la plaza de aquí al lado: recula con la camioneta, engánchalo y llévatelo».","Kemal : « Bon choix ! %s est juste à côté dans l'emplacement : recule ton pick-up, attelle et en route ! »","Kemal: «Ottima scelta! %s è nella piazzola qui accanto: avvicinati in retromarcia col pick-up, aggancia e via!»","Kemal: ""Boa escolha! %s está na vaga aqui ao lado: dê ré com a picape, engate e pé na estrada!""","Кемаль: «Хороший выбор! %s стоит рядом на площадке: подай пикап задом, цепляй и в путь!»","Kemal: „Dobry wybór! %s stoi tuż obok na placu: podjedź pikapem tyłem, zaczep i w drogę!”",ケマル「いい買い物だ！%sはすぐ隣の置き場にある。ピックアップをバックで寄せて、つないで出発だ！」,"케말: ""잘 골랐네! %s은(는) 바로 옆 칸에 서 있지. 픽업트럭을 후진해서 대고, 연결해서 출발하게!""",凯末尔：“好眼光！%s就停在隔壁的车位：把皮卡倒过去，挂上就出发吧！”,凱末爾：「好眼光！%s就停在隔壁的車位：把貨卡倒過去，掛上就出發吧！」
HINT_TRAILER_GRANDPA,Grandpa left it here for new tyres. The %s bill is paid at Kemal's desk in the car dealer's.,"Deden lastik için bırakmıştı. %s lastik parası galeride, Kemal'in masasında ödenir.",Opa hat ihn für neue Reifen hiergelassen. Die Rechnung über %s zahlst du bei Kemal am Schreibtisch im Autohaus.,"El abuelo lo dejó aquí para ponerle neumáticos. Los %s se pagan en la mesa de Kemal, en el concesionario.","Grand-père l'a laissée ici pour des pneus neufs. Les %s se règlent au bureau de Kemal, chez le concessionnaire.","Il nonno l'ha lasciato qui per le gomme nuove. I %s si pagano alla scrivania di Kemal, in concessionaria.","O vovô o deixou aqui para trocar os pneus. Os %s são pagos na mesa do Kemal, na revenda.",Дед оставил его здесь ради новых шин. Счёт на %s оплачивается у Кемаля за столом в автосалоне.,Dziadek zostawił ją tu na nowe opony. Rachunek na %s płaci się u Kemala przy biurku w komisie.,おじいちゃんがタイヤ交換で預けたもの。代金%sはカーディーラーのケマルの机で払う。,할아버지가 타이어를 갈려고 맡겨 두셨어요. 타이어값 %s은(는) 자동차 매장의 케말 책상에서 내요.,爷爷把它留在这儿换轮胎。%s的账要到车行凯末尔的办公桌那儿付。,爺爺把它留在這兒換輪胎。%s的帳要到車行凱末爾的辦公桌那兒付。
HINT_TRAILER_BACK_UP,"No tow ball at the coupling. Back your vehicle up to the tongue, in line with the trailer, until the marker turns green.","Okun ucunda çeki topuzu yok. Aracınla geri geri, römorkla aynı hizada okuna yanaş; işaret yeşil olunca dur.","Keine Anhängerkupplung an der Deichsel. Fahr rückwärts in einer Linie mit dem Anhänger heran, bis die Markierung grün wird.","No hay bola de remolque en el enganche. Recula hasta la lanza, alineado con el remolque, hasta que la marca se ponga verde.","Pas de boule d'attelage au bout du timon. Recule jusqu'au timon, dans l'axe de la remorque, jusqu'à ce que le repère passe au vert.","Nessun gancio di traino al timone. Avvicinati in retromarcia, in linea con il rimorchio, finché il segnale diventa verde.","Não há bola de engate na lança. Dê ré até a lança, alinhado com o reboque, até a marca ficar verde.","У дышла нет фаркопа. Подай машину задом к дышлу, ровно по линии прицепа, пока метка не станет зелёной.","Przy dyszlu nie ma haka. Podjedź tyłem do dyszla, w jednej linii z przyczepą, aż znacznik zrobi się zielony.",連結部にヒッチボールが来ていない。車をトレーラーと一直線にバックで寄せ、目印が緑になったら停めよう。,연결대에 견인 볼이 없어요. 트레일러와 일직선으로 후진해 표시가 초록이 될 때까지 대세요.,牵引杆前没有拖车球。把车和拖车对成一条线倒过来，直到标记变绿。,牽引桿前沒有拖車球。把車和拖車對成一條線倒過來，直到標記變綠。
HINT_TRAILER_EMPTY,Empty: room for %d sheep (a cow or a horse takes it all),Boş: %d koyunluk yer var (inek ya da at tamamını kaplar),Leer: Platz für %d Schafe (eine Kuh oder ein Pferd braucht alles),Vacío: caben %d ovejas (una vaca o un caballo lo ocupa todo),Vide : de la place pour %d moutons (une vache ou un cheval prend tout),Vuoto: posto per %d pecore (una mucca o un cavallo lo occupa tutto),Vazio: cabem %d ovelhas (uma vaca ou um cavalo ocupa tudo),Пусто: место для %d овец (корова или лошадь займёт всё),Pusta: miejsce na %d owce (krowa lub koń zajmie całość),空：羊%d頭分の広さ（牛や馬は一頭でいっぱい）,비어 있음: 양 %d마리 자리 (소나 말은 한 마리로 가득),空着：能装%d只羊（一头牛或一匹马就占满）,空著：能載%d隻羊（一頭牛或一匹馬就佔滿）
HINT_TRAILER_ABOARD,Aboard: %s (%d/%d),Römorkta: %s (%d/%d),An Bord: %s (%d/%d),A bordo: %s (%d/%d),À bord : %s (%d/%d),A bordo: %s (%d/%d),A bordo: %s (%d/%d),В прицепе: %s (%d/%d),W przyczepie: %s (%d/%d),乗っている：%s（%d/%d）,타고 있음: %s (%d/%d),车上：%s（%d/%d）,車上：%s（%d/%d）
MARKET_PEN_WAITS,Your trailer is here: it will wait in the loading pen by the gate. Put the rope on it and lead it up the ramp.,"Römorkun burada: hayvan kapının yanındaki yükleme ağılında bekler. Yularını tak, rampadan bindir.",Dein Anhänger ist da: Es wartet im Verladepferch am Tor. Halfter anlegen und die Rampe hinaufführen.,Tu remolque está aquí: te esperará en el corral de carga junto a la puerta. Ponle el cabezal y súbelo por la rampa.,Ta remorque est là : il attendra dans l'enclos de chargement près du portail. Passe-lui le licol et fais-le monter.,Il tuo rimorchio è qui: aspetterà nel recinto di carico accanto al cancello. Mettigli la cavezza e fallo salire.,Seu reboque está aqui: ele espera no curral de embarque ao lado do portão. Ponha o cabresto e suba-o pela rampa.,Твой прицеп здесь: животное подождёт в погрузочном загоне у ворот. Надень недоуздок и заведи по трапу.,Twoja przyczepa jest tutaj: będzie czekać w zagrodzie załadunkowej przy bramie. Załóż kantar i wprowadź po rampie.,トレーラーが来ている。門のそばの積み込み囲いで待たせておくから、端綱をつけてスロープから乗せよう。,트레일러를 가져오셨네요. 문 옆 상차 우리에서 기다립니다. 굴레를 씌워 경사로로 태우세요.,你的拖车到了：它会在大门旁的装车栏里等着。套上缰绳，牵上坡道。,你的拖車到了：牠會在大門旁的裝車欄裡等著。套上韁繩，牽上坡道。
MARKET_DELIVERY_FEE,No trailer with you: the dealer brings it to your farm tomorrow morning (+%s delivery).,Römorksuz gelmişsin: celep hayvanı yarın sabah çiftliğine getirir (+%s nakliye).,Kein Anhänger dabei: Der Händler bringt es morgen früh auf deinen Hof (+%s Lieferung).,Vienes sin remolque: el tratante te lo lleva a la granja mañana por la mañana (+%s de porte).,Tu es venu sans remorque : le marchand l'amène à ta ferme demain matin (+%s de livraison).,Sei venuto senza rimorchio: il mercante lo porta alla fattoria domattina (+%s di consegna).,Você veio sem reboque: o negociante leva à fazenda amanhã cedo (+%s de frete).,Ты без прицепа: торговец привезёт его на ферму завтра утром (+%s за доставку).,Jesteś bez przyczepy: handlarz przywiezie je jutro rano (+%s za dowóz).,トレーラーなしで来たね。明日の朝、商人が農場まで届ける（配達料 +%s）。,트레일러 없이 오셨군요. 상인이 내일 아침 농장으로 데려다줍니다 (운송비 +%s).,你没带拖车：贩子明早把它送到农场（运费 +%s）。,你沒帶拖車：販子明早把牠送到農場（運費 +%s）。
MSG_MARKET_PEN,"%s waits in the loading pen by the gate. Rope on (G), then up your trailer's ramp!","%s kapının yanındaki yükleme ağılında seni bekliyor. Yularını tak (G), römorkuna bindir!",%s wartet im Verladepferch am Tor. Halfter an (G) und ab auf die Rampe!,%s te espera en el corral de carga junto a la puerta. Cabezal (G) y a la rampa.,"%s t'attend dans l'enclos de chargement près du portail. Licol (G), puis la rampe !",%s ti aspetta nel recinto di carico accanto al cancello. Cavezza (G) e su per la rampa!,%s espera no curral de embarque ao lado do portão. Cabresto (G) e rampa acima!,%s ждёт в погрузочном загоне у ворот. Недоуздок (G) — и по трапу в прицеп!,%s czeka w zagrodzie załadunkowej przy bramie. Kantar (G) i po rampie!,%sが門のそばの積み込み囲いで待っている。端綱をつけて（G）、トレーラーへ！,%s이(가) 문 옆 상차 우리에서 기다립니다. 굴레를 씌우고(G) 트레일러에 태우세요!,%s在大门旁的装车栏里等你。套上缰绳（G），牵上拖车！,%s在大門旁的裝車欄裡等你。套上韁繩（G），牽上拖車！
MSG_MARKET_DELIVERY,"Rıza: ""No trailer? Never mind. I'll bring %s to your door tomorrow morning."" (%s delivery)","Rıza: ""Römork yok mu? Olsun. %s yarın sabah kapında."" (%s nakliye)",Rıza: „Kein Anhänger? Macht nichts. %s steht morgen früh vor deiner Tür.“ (%s Lieferung),Rıza: «¿Sin remolque? No pasa nada. Mañana temprano tienes a %s en tu puerta». (%s de porte),Rıza : « Pas de remorque ? Tant pis. %s sera devant ta porte demain matin. » (%s de livraison),Rıza: «Niente rimorchio? Pazienza. Domattina %s è alla tua porta.» (%s di consegna),"Rıza: ""Sem reboque? Não faz mal. Amanhã cedo %s está na sua porta."" (%s de frete)",Рыза: «Без прицепа? Не беда. Завтра утром %s будет у твоих ворот». (%s за доставку),Rıza: „Bez przyczepy? Nie szkodzi. Jutro rano %s będzie pod twoimi drzwiami.” (%s za dowóz),ルザ「トレーラーなしか？まあいい。%sは明日の朝、家の前まで届けるよ」（配達料 %s）,"르자: ""트레일러가 없나? 괜찮네. %s은(는) 내일 아침 문 앞에 데려다주지."" (운송비 %s)",勒扎：“没拖车？不要紧。明天一早我把%s送到你家门口。”（运费 %s）,勒扎：「沒拖車？不要緊。明天一早我把%s送到你家門口。」（運費 %s）
MARKET_TRAILER_BONUS,Brought in the trailer +15%,Römorkla getirildi +%15,Im Anhänger gebracht +15 %,Traído en el remolque +15 %,Amené en remorque +15 %,Portato col rimorchio +15%,Trazido no reboque +15%,Привезён в прицепе +15%,Przywieziona przyczepą +15%,トレーラーで持ち込み +15%,트레일러로 데려옴 +15%,用拖车送来 +15%,用拖車送來 +15%
QUEST_TRAILER_GET,Pay Kemal the tyre bill for Grandpa's trailer,Dedenin römorkunun lastik parasını Kemal'e öde,Bezahl bei Kemal die Reifen für Opas Anhänger,Paga a Kemal los neumáticos del remolque del abuelo,Paie à Kemal les pneus de la remorque de grand-père,Paga a Kemal le gomme del rimorchio del nonno,Pague ao Kemal os pneus do reboque do vovô,Заплати Кемалю за шины дедушкиного прицепа,Zapłać Kemalowi za opony przyczepy dziadka,おじいちゃんのトレーラーのタイヤ代をケマルに払う,할아버지 트레일러의 타이어값을 케말에게 내기,向凯末尔付清爷爷拖车的轮胎钱,向凱末爾付清爺爺拖車的輪胎錢
QUEST_TRAILER_HITCH,Hitch the trailer behind the pickup,Römorku pikabın arkasına bağla,Kupple den Anhänger hinter den Pick-up,Engancha el remolque detrás de la camioneta,Attelle la remorque derrière le pick-up,Aggancia il rimorchio dietro al pick-up,Engate o reboque atrás da picape,Прицепи прицеп к пикапу,Zaczep przyczepę za pikapem,トレーラーをピックアップの後ろにつなぐ,트레일러를 픽업트럭 뒤에 연결하기,把拖车挂到皮卡后面,把拖車掛到貨卡後面
QUEST_SHEEP_BUY,Buy a sheep at the Animal Market,Hayvan Pazarı'ndan bir koyun al,Kauf ein Schaf auf dem Tiermarkt,Compra una oveja en el mercado de animales,Achète un mouton au marché aux bestiaux,Compra una pecora al mercato del bestiame,Compre uma ovelha na feira de animais,Купи овцу на скотном рынке,Kup owcę na targu zwierząt,家畜市場で羊を買う,가축 시장에서 양 한 마리 사기,在牲畜市场买一只羊,在牲畜市場買一隻羊
QUEST_SHEEP_LOAD,Lead the sheep up into the trailer on the rope and shut the gate,Koyunu yularla römorka bindir ve kapağını kapat,Führ das Schaf am Halfter in den Anhänger und schließ die Klappe,Sube la oveja al remolque con el cabezal y cierra el portón,Fais monter le mouton dans la remorque au licol et referme le hayon,Fai salire la pecora sul rimorchio con la cavezza e chiudi il portellone,Suba a ovelha no reboque pelo cabresto e feche a tampa,Заведи овцу в прицеп на недоуздке и подними борт,Wprowadź owcę na kantarze do przyczepy i zamknij klapę,端綱で羊をトレーラーに乗せ、扉を閉める,굴레로 양을 트레일러에 태우고 뒷문 닫기,用缰绳把羊牵上拖车，关好后门,用韁繩把羊牽上拖車，關好後門
QUEST_SHEEP_RIDE,Drive back to the farm,Çiftliğe dön,Fahr zurück zum Hof,Vuelve a la granja,Rentre à la ferme,Torna alla fattoria,Volte para a fazenda,Возвращайся на ферму,Wróć do gospodarstwa,農場へ戻る,농장으로 돌아가기,开回农场,開回農場
HINT_TRAILER_GET,Kemal sits at his desk in the car dealer's (E): %s is still owed for the trailer's new tyres,"Kemal galeride, masasında (E): römorkun yeni lastiklerinden %s borç kalmış",Kemal sitzt im Autohaus an seinem Schreibtisch (E): Für die neuen Reifen sind noch %s offen,Kemal está en su mesa del concesionario (E): quedan %s por pagar de los neumáticos nuevos,Kemal est à son bureau chez le concessionnaire (E) : il reste %s à régler pour les pneus neufs,Kemal è alla sua scrivania in concessionaria (E): restano %s da pagare per le gomme nuove,O Kemal está na mesa dele na revenda (E): faltam %s dos pneus novos,Кемаль сидит за столом в автосалоне (E): за новые шины осталось доплатить %s,Kemal siedzi przy biurku w komisie (E): za nowe opony zostało %s do zapłaty,ケマルはカーディーラーの机にいる（E）。新しいタイヤ代があと%s残っている,케말은 자동차 매장 책상에 있어요(E). 새 타이어값이 %s 남았어요,凯末尔在车行的办公桌旁（E）：新轮胎还欠%s,凱末爾在車行的辦公桌旁（E）：新輪胎還欠%s
HINT_TRAILER_HITCH_DRIVE,"Drive past the trailer, then back up over the arrows, in line with its tongue (V: outside view)","Römorkun önünden geç, sonra yerdeki okları izleyerek, römorkla aynı hizada geri geri yanaş (V: dışarıdan bak)","Fahr am Anhänger vorbei, dann rückwärts über die Pfeile, in einer Linie mit der Deichsel (V: Außenansicht)","Pasa de largo el remolque y luego recula sobre las flechas, alineado con la lanza (V: vista exterior)","Dépasse la remorque, puis recule sur les flèches, bien dans l'axe du timon (V : vue extérieure)","Supera il rimorchio, poi fai retromarcia sulle frecce, in linea con il timone (V: vista esterna)","Passe do reboque e depois dê ré por cima das setas, alinhado com a lança (V: visão externa)","Проедь мимо прицепа, затем сдавай назад по стрелкам, ровно по линии дышла (V: вид снаружи)","Miń przyczepę, potem cofaj po strzałkach, w jednej linii z dyszlem (V: widok z zewnątrz)",トレーラーを通り過ぎてから、矢印の上を連結部と一直線にバックする（V：外からの視点）,"트레일러를 지나친 뒤, 화살표 위로 연결대와 일직선이 되게 후진하세요 (V: 외부 시점)",先开过拖车，再沿着箭头倒车，和牵引杆对成一条线（V：车外视角）,先開過拖車，再沿著箭頭倒車，和牽引桿對成一條線（V：車外視角）
HINT_TRAILER_HITCH_FOOT,Look at the trailer's tongue: E hitches it,Römorkun okuna bak: E ile bağla,Schau auf die Deichsel: E kuppelt an,Mira la lanza del remolque: E lo engancha,Regarde le timon de la remorque : E l'attelle,Guarda il timone del rimorchio: E lo aggancia,Olhe para a lança do reboque: E engata,Посмотри на дышло прицепа: E — прицепить,Spójrz na dyszel przyczepy: E zaczepia,トレーラーの連結部を見て、Eでつなぐ,트레일러 연결대를 보고 E로 연결,看着拖车的牵引杆：按E挂上,看著拖車的牽引桿：按E掛上
HINT_TRAILER_HITCH_TRUCK,"Bring the pickup within a few steps of the trailer: empty, it wheels over by hand",Pikabı römorkun birkaç adım yakınına getir: boş römork elle çekilir,Stell den Pick-up ein paar Schritte vor den Anhänger: Leer rollst du ihn von Hand heran,"Deja la camioneta a unos pasos del remolque: vacío, se lleva a mano","Gare le pick-up à quelques pas de la remorque : vide, elle se pousse à la main",Ferma il pick-up a pochi passi dal rimorchio: da vuoto si sposta a mano,"Pare a picape a poucos passos do reboque: vazio, dá para levar na mão",Поставь пикап в нескольких шагах от прицепа: пустой он катится вручную,Postaw pikapa kilka kroków od przyczepy: pustą przetoczysz ręcznie,ピックアップをトレーラーの数歩手前に停める。空なら手で押していける,픽업트럭을 트레일러 몇 걸음 앞에 세우세요. 비어 있으면 손으로 끌 수 있어요,把皮卡停在拖车几步之内：空拖车可以用手推过去,把貨卡停在拖車幾步之內：空拖車可以用手推過去
HINT_SHEEP_ROPE,Your sheep waits here. G puts the rope on it; it follows you,Koyunun burada bekliyor. G ile yularını tak; peşinden gelir,Dein Schaf wartet hier. G legt das Halfter an; es folgt dir,Tu oveja espera aquí. G le pone el cabezal; te seguirá,Ton mouton attend ici. G lui passe le licol ; il te suit,La tua pecora aspetta qui. G le mette la cavezza; ti seguirà,Sua ovelha espera aqui. G põe o cabresto; ela segue você,Твоя овца ждёт здесь. G — надеть недоуздок; она пойдёт за тобой,Twoja owca czeka tutaj. G zakłada kantar; pójdzie za tobą,羊がここで待っている。Gで端綱をつけるとついてくる,양이 여기서 기다려요. G로 굴레를 씌우면 따라옵니다,你的羊在这儿等着。按G套上缰绳，它会跟着你,你的羊在這兒等著。按G套上韁繩，牠會跟著你
HINT_SHEEP_GATE_DOWN,Look at the back of the trailer: E lowers the ramp,Römorkun arkasına bak: E rampayı indirir,Schau auf das Heck des Anhängers: E lässt die Rampe herunter,Mira la parte trasera del remolque: E baja la rampa,Regarde l'arrière de la remorque : E abaisse la rampe,Guarda il retro del rimorchio: E abbassa la rampa,Olhe para a traseira do reboque: E baixa a rampa,Посмотри на задний борт прицепа: E опускает трап,Spójrz na tył przyczepy: E opuszcza rampę,トレーラーの後ろを見て、Eでスロープを下ろす,트레일러 뒤쪽을 보고 E로 경사로를 내리세요,看着拖车后面：按E放下坡道,看著拖車後面：按E放下坡道
HINT_SHEEP_LOAD,"With the sheep on the rope, look at the ramp: E sends it up",Koyun yulardayken rampaya bak: E ile bindir,Mit dem Schaf am Halfter auf die Rampe schauen: E schickt es hinauf,"Con la oveja del cabezal, mira la rampa: E la hace subir","Le mouton au licol, regarde la rampe : E le fait monter","Con la pecora alla cavezza, guarda la rampa: E la fa salire","Com a ovelha no cabresto, olhe para a rampa: E faz subir",С овцой на недоуздке посмотри на трап: E — завести,Z owcą na kantarze spójrz na rampę: E wprowadza ją,羊を引いたままスロープを見て、Eで乗せる,양을 굴레로 끈 채 경사로를 보고 E로 태우세요,牵着羊看向坡道：按E让它上车,牽著羊看向坡道：按E讓牠上車
HINT_SHEEP_GATE_UP,The sheep is aboard. E at the ramp raises the gate,Koyun bindi. Rampaya bakıp E ile kapağı kaldır,Das Schaf ist drin. E an der Rampe schließt die Klappe,La oveja ya está dentro. E en la rampa sube el portón,Le mouton est à bord. E sur la rampe relève le hayon,La pecora è a bordo. E sulla rampa alza il portellone,A ovelha está a bordo. E na rampa levanta a tampa,Овца внутри. E у трапа поднимает борт,Owca jest w środku. E przy rampie podnosi klapę,羊が乗った。スロープでEを押して扉を上げる,양이 탔어요. 경사로에서 E로 뒷문을 올리세요,羊上车了。对着坡道按E收起后门,羊上車了。對著坡道按E收起後門
HINT_SHEEP_TOMORROW,Rıza brings your sheep to the barn tomorrow morning. Bring the trailer along and you can take it today,Rıza koyununu yarın sabah ağıla getirecek. Römorkla gelirsen bugün kendin götürürsün,Rıza bringt dein Schaf morgen früh zum Stall. Mit dem Anhänger kannst du es heute schon mitnehmen,"Rıza llevará tu oveja al establo mañana temprano. Si traes el remolque, te la llevas hoy","Rıza amènera ton mouton à l'étable demain matin. Avec la remorque, tu peux l'emmener dès aujourd'hui",Rıza porterà la tua pecora alla stalla domattina. Col rimorchio puoi portarla via già oggi,"Rıza leva sua ovelha ao estábulo amanhã cedo. Com o reboque, você a leva hoje mesmo",Рыза привезёт овцу к хлеву завтра утром. С прицепом заберёшь её уже сегодня,Rıza przywiezie owcę do obory jutro rano. Z przyczepą zabierzesz ją jeszcze dziś,ルザが明日の朝、羊を小屋まで届けてくれる。トレーラーで来れば今日連れて帰れる,르자가 내일 아침 양을 외양간으로 데려옵니다. 트레일러를 가져오면 오늘 직접 데려갈 수 있어요,勒扎明早把羊送到畜棚。带拖车来的话，今天就能自己拉走,勒扎明早把羊送到畜舍。帶拖車來的話，今天就能自己載走
HINT_SHEEP_DRIVE,"The sheep rides in the trailer. Drive gently: wide turns, the trailer cuts corners","Koyun römorkta. Yavaş sür, virajları geniş al; römork içeriden döner",Das Schaf fährt im Anhänger mit. Fahr sanft und nimm Kurven weit: Der Anhänger schneidet sie,La oveja va en el remolque. Conduce suave y abre las curvas: el remolque las recorta,"Le mouton voyage dans la remorque. Roule doucement, prends large : la remorque coupe les virages",La pecora viaggia nel rimorchio. Guida piano e allarga le curve: il rimorchio le taglia,A ovelha vai no reboque. Dirija com calma e abra as curvas: o reboque corta por dentro,Овца едет в прицепе. Веди плавно и бери повороты шире: прицеп их срезает,"Owca jedzie w przyczepie. Jedź łagodnie, bierz zakręty szeroko: przyczepa je ścina",羊はトレーラーの中。ゆっくり走り、カーブは大きく。トレーラーは内側を回る,"양이 트레일러에 타고 있어요. 천천히, 커브는 크게 도세요. 트레일러는 안쪽으로 돕니다",羊在拖车里。慢点开，转弯要大：拖车会抄内侧,羊在拖車裡。慢點開，轉彎要大：拖車會抄內側
HINT_SHEEP_TAKE_OUT,At the open ramp: G puts the rope on the sheep and it walks down,"Açık rampaya bak: G ile koyunun yularını tak, kendi iner","An der offenen Rampe: G legt das Halfter an, das Schaf kommt herunter",En la rampa abierta: G le pone el cabezal y la oveja baja,À la rampe ouverte : G passe le licol et le mouton descend,Alla rampa aperta: G mette la cavezza e la pecora scende,Na rampa aberta: G põe o cabresto e a ovelha desce,"У опущенного трапа: G — надеть недоуздок, и овца сойдёт сама",Przy otwartej rampie: G zakłada kantar i owca schodzi,開いたスロープでGを押すと、端綱をつけた羊が降りてくる,열린 경사로에서 G를 누르면 굴레를 쓴 양이 내려옵니다,对着放下的坡道按G：套上缰绳，羊自己走下来,對著放下的坡道按G：套上韁繩，羊自己走下來
HINT_SHEEP_TO_BARN,"Walk through the pen's gate with the sheep; inside, E takes the rope off",Koyunla ağılın kapısından gir; içeride E ile yuları çıkar,Geh mit dem Schaf durchs Gatter; drinnen nimmt E das Halfter ab,"Cruza la puerta del corral con la oveja; dentro, E le quita el cabezal","Passe le portillon de l'enclos avec le mouton ; à l'intérieur, E retire le licol","Entra dal cancello del recinto con la pecora; dentro, E toglie la cavezza","Passe pelo portão do curral com a ovelha; lá dentro, E tira o cabresto",Пройди с овцой в калитку загона; внутри E снимает недоуздок,Przejdź z owcą przez furtkę zagrody; w środku E zdejmuje kantar,羊と一緒に囲いの門を通り、中でEを押して端綱を外す,"양과 함께 우리 문을 지나, 안에서 E로 굴레를 벗기세요",牵着羊走进围栏的门；到里面按E解开缰绳,牽著羊走進圍欄的門；到裡面按E解開韁繩
HINT_SHEEP_BUY_FIRST,First buy a sheep at the Animal Market,Önce Hayvan Pazarı'ndan bir koyun al,Kauf zuerst ein Schaf auf dem Tiermarkt,Primero compra una oveja en el mercado de animales,Achète d'abord un mouton au marché aux bestiaux,Prima compra una pecora al mercato del bestiame,Primeiro compre uma ovelha na feira de animais,Сначала купи овцу на скотном рынке,Najpierw kup owcę na targu zwierząt,まず家畜市場で羊を買おう,먼저 가축 시장에서 양을 사세요,先去牲畜市场买一只羊,先去牲畜市場買一隻羊
ANIMAL_SHEEP_MALE,Ram,Koç,Widder,Carnero,Bélier,Ariete,Carneiro,Баран,Baran,雄ヒツジ,숫양,公羊,公羊
ANIMAL_SHEEP_FEMALE,Ewe,Koyun,Mutterschaf,Oveja,Brebis,Pecora,Ovelha,Овца,Owca,雌ヒツジ,암양,母羊,母羊
ANIMAL_COW_MALE,Bull,Boğa,Bulle,Toro,Taureau,Toro,Touro,Бык,Byk,雄ウシ,황소,公牛,公牛
ANIMAL_COW_FEMALE,Cow,İnek,Kuh,Vaca,Vache,Mucca,Vaca,Корова,Krowa,雌ウシ,암소,奶牛,乳牛
ANIMAL_HORSE_MALE,Stallion,Aygır,Hengst,Semental,Étalon,Stallone,Garanhão,Жеребец,Ogier,雄ウマ,수말,公马,公馬
ANIMAL_HORSE_FEMALE,Mare,Kısrak,Stute,Yegua,Jument,Cavalla,Égua,Кобыла,Klacz,雌ウマ,암말,母马,母馬
STATUS_PREGNANT,Pregnant · %d days left,Gebe · %d gün kaldı,Trächtig · noch %d Tage,Preñada · faltan %d días,Gestante · encore %d jours,Gravida · mancano %d giorni,Prenha · faltam %d dias,Беременна · осталось дней: %d,W ciąży · zostało dni: %d,妊娠中 · あと%d日,임신 중 · %d일 남음,怀孕中 · 还有 %d 天,懷孕中 · 還有 %d 天
STATUS_PREGNANT_TOMORROW,Pregnant · due tomorrow morning,Gebe · yarın sabah doğuruyor,Trächtig · morgen früh ist es so weit,Preñada · pare mañana por la mañana,Gestante · mise bas demain matin,Gravida · partorirà domattina,Prenha · dá à luz amanhã cedo,Беременна · роды завтра утром,W ciąży · poród jutro rano,妊娠中 · 明日の朝に出産,임신 중 · 내일 아침 출산,怀孕中 · 明早生产,懷孕中 · 明早生產
STATUS_PREGNANT_DUE,Pregnant · any moment now,Gebe · doğum an meselesi,Trächtig · jeden Moment ist es so weit,Preñada · en cualquier momento,Gestante · c'est imminent,Gravida · da un momento all'altro,Prenha · a qualquer momento,Беременна · вот-вот родит,W ciąży · lada chwila,妊娠中 · もうすぐ出産,임신 중 · 곧 출산,怀孕中 · 即将生产,懷孕中 · 即將生產
STATUS_PREGNANT_WAITING,Due · waiting for a free place in the barn,Doğum yakın · ahırda boş yer bekliyor,Kurz vor der Geburt · wartet auf einen freien Platz im Stall,A punto de parir · espera un sitio libre en el establo,Sur le point de mettre bas · attend une place libre dans l'étable,Sta per partorire · aspetta un posto libero nella stalla,Prestes a dar à luz · espera uma vaga no estábulo,Скоро роды · ждёт свободного места в хлеву,Tuż przed porodem · czeka na wolne miejsce w oborze,出産間近 · 小屋の空きを待っています,출산 임박 · 외양간에 빈자리를 기다리는 중,即将生产 · 在等畜棚里的空位,即將生產 · 在等畜舍裡的空位
MSG_ANIMAL_PREGNANT,%s is carrying young: %d days to go.,%s gebe: %d gün sonra doğuracak.,%s ist trächtig: noch %d Tage bis zur Geburt.,%s está preñada: faltan %d días para el parto.,%s attend un petit : encore %d jours.,%s aspetta un piccolo: mancano %d giorni.,%s está prenha: faltam %d dias para o parto.,%s ждёт потомство: до родов дней: %d.,%s jest w ciąży: do porodu dni: %d.,%sが妊娠しました：出産まであと%d日。,%s이(가) 새끼를 뱄어요: 출산까지 %d일.,%s 怀孕了：还有 %d 天生产。,%s 懷孕了：還有 %d 天生產。
MSG_BIRTH_NO_ROOM,"%s is due tomorrow, but the barn is full: make room or she will wait.",%s yarın doğuracak ama ahır dolu: yer açmazsan bekleyecek.,"%s ist morgen so weit, aber der Stall ist voll: Schaff Platz, sonst wartet sie.","%s pare mañana, pero el establo está lleno: haz sitio o tendrá que esperar.","%s met bas demain, mais l'étable est pleine : fais de la place, sinon elle attendra.","%s partorirà domani, ma la stalla è piena: fai posto o dovrà aspettare.","%s dá à luz amanhã, mas o estábulo está cheio: abra espaço ou ela vai esperar.","%s родит завтра, но хлев полон: освободи место, иначе она будет ждать.","%s rodzi jutro, ale obora jest pełna: zrób miejsce, inaczej będzie czekać.",%sは明日出産ですが、小屋がいっぱいです：場所を空けないと待つことになります。,%s이(가) 내일 출산인데 외양간이 꽉 찼어요: 자리를 비워 주지 않으면 기다려요.,%s 明天就要生了，可畜棚满了：腾个位置，不然她只能等着。,%s 明天就要生了，可畜舍滿了：騰個位置，不然她只能等著。
MSG_BIRTH_WAITING,"%s is ready to give birth, but the barn is full: she is waiting for a free place.",%s doğurmaya hazır ama ahır dolu: boş yer bekliyor.,"%s ist bereit zur Geburt, aber der Stall ist voll: Sie wartet auf einen freien Platz.","%s está lista para parir, pero el establo está lleno: espera un sitio libre.","%s est prête à mettre bas, mais l'étable est pleine : elle attend une place libre.","%s è pronta a partorire, ma la stalla è piena: aspetta un posto libero.","%s está pronta para dar à luz, mas o estábulo está cheio: ela espera uma vaga.","%s готова родить, но хлев полон: она ждёт свободного места.","%s jest gotowa do porodu, ale obora jest pełna: czeka na wolne miejsce.",%sは出産の準備ができていますが、小屋がいっぱいです：空きを待っています。,%s은(는) 출산 준비가 됐지만 외양간이 꽉 찼어요: 빈자리를 기다리고 있어요.,%s 准备生产了，可畜棚满了：她在等空位。,%s 準備生產了，可畜舍滿了：她在等空位。
MSG_FIRST_BORN_SHEEP,%s has had a lamb! Go and see it: it is waiting for a name.,%s bir kuzu doğurdu! Git gör: senden bir isim bekliyor.,%s hat ein Lamm bekommen! Geh hin: Es wartet auf einen Namen.,¡%s ha tenido un cordero! Ve a verlo: está esperando un nombre.,%s a eu un agneau ! Va le voir : il attend un nom.,%s ha avuto un agnello! Vai a vederlo: aspetta un nome.,%s teve um cordeiro! Vá vê-lo: ele espera um nome.,%s принесла ягнёнка! Сходи посмотри: он ждёт имени.,%s urodziła jagnię! Idź je zobaczyć: czeka na imię.,%sが子ヒツジを産みました！見に行きましょう：名前を待っています。,%s이(가) 새끼 양을 낳았어요! 가서 보세요: 이름을 기다리고 있어요.,%s 生了一只小羊！去看看吧：它在等一个名字。,%s 生了一隻小羊！去看看吧：牠在等一個名字。
MSG_FIRST_BORN_COW,%s has had a calf! Go and see it: it is waiting for a name.,%s bir buzağı doğurdu! Git gör: senden bir isim bekliyor.,%s hat ein Kalb bekommen! Geh hin: Es wartet auf einen Namen.,¡%s ha tenido un ternero! Ve a verlo: está esperando un nombre.,%s a eu un veau ! Va le voir : il attend un nom.,%s ha avuto un vitello! Vai a vederlo: aspetta un nome.,%s teve um bezerro! Vá vê-lo: ele espera um nome.,%s принесла телёнка! Сходи посмотри: он ждёт имени.,%s urodziła cielę! Idź je zobaczyć: czeka na imię.,%sが子ウシを産みました！見に行きましょう：名前を待っています。,%s이(가) 송아지를 낳았어요! 가서 보세요: 이름을 기다리고 있어요.,%s 生了一头小牛！去看看吧：它在等一个名字。,%s 生了一頭小牛！去看看吧：牠在等一個名字。
MSG_FIRST_BORN_HORSE,%s has had a foal! Go and see it: it is waiting for a name.,%s bir tay doğurdu! Git gör: senden bir isim bekliyor.,%s hat ein Fohlen bekommen! Geh hin: Es wartet auf einen Namen.,¡%s ha tenido un potro! Ve a verlo: está esperando un nombre.,%s a eu un poulain ! Va le voir : il attend un nom.,%s ha avuto un puledro! Vai a vederlo: aspetta un nome.,%s teve um potro! Vá vê-lo: ele espera um nome.,%s принесла жеребёнка! Сходи посмотри: он ждёт имени.,%s urodziła źrebię! Idź je zobaczyć: czeka na imię.,%sが子ウマを産みました！見に行きましょう：名前を待っています。,%s이(가) 망아지를 낳았어요! 가서 보세요: 이름을 기다리고 있어요.,%s 生了一匹小马！去看看吧：它在等一个名字。,%s 生了一匹小馬！去看看吧：牠在等一個名字。
MSG_YOUNG_NAMED,"Welcome, %s!",Hoş geldin %s!,"Willkommen, %s!","¡Te damos la bienvenida, %s!","Bienvenue, %s !","Benvenuto, %s!","Boas-vindas, %s!","Добро пожаловать, %s!","Witaj, %s!",ようこそ、%s！,"어서 와, %s!",欢迎你，%s！,歡迎你，%s！
MSG_BREED_DONE,"Welcome, %s! Your flock is growing: Grandpa Osman would be proud.",Hoş geldin %s! Sürün büyüyor: Osman Dede görse gururlanırdı.,"Willkommen, %s! Deine Herde wächst: Opa Osman wäre stolz.","¡Te damos la bienvenida, %s! Tu rebaño crece: el abuelo Osman estaría orgulloso.","Bienvenue, %s ! Ton troupeau grandit : grand-père Osman serait fier.","Benvenuto, %s! Il tuo gregge cresce: nonno Osman ne sarebbe fiero.","Boas-vindas, %s! Seu rebanho está crescendo: o vovô Osman ficaria orgulhoso.","Добро пожаловать, %s! Стадо растёт: дедушка Осман гордился бы.","Witaj, %s! Twoje stado rośnie: dziadek Osman byłby dumny.",ようこそ、%s！群れが大きくなっています：オスマンおじいちゃんも喜ぶでしょう。,"어서 와, %s! 무리가 늘고 있어요: 오스만 할아버지가 보셨다면 자랑스러워하셨을 거예요.",欢迎你，%s！你的羊群在壮大：奥斯曼爷爷看到会很骄傲的。,歡迎你，%s！你的羊群在壯大：奧斯曼爺爺看到會很驕傲的。
MSG_PAIR_COW,Your cow and your bull share the barn now: keep her fed and content and a calf may be on the way.,İneğin ve boğan artık aynı ahırda: onu tok ve mutlu tutarsan bir buzağı yolda olabilir.,"Deine Kuh und dein Bulle teilen sich jetzt den Stall: Halt sie satt und zufrieden, dann ist vielleicht bald ein Kalb unterwegs.",Tu vaca y tu toro ya comparten establo: mantenla bien alimentada y contenta y puede que venga un ternero.,"Ta vache et ton taureau partagent l'étable : garde-la bien nourrie et contente, un veau pourrait s'annoncer.",La tua mucca e il tuo toro ora dividono la stalla: tienila sazia e contenta e potrebbe arrivare un vitello.,Sua vaca e seu touro agora dividem o estábulo: mantenha-a alimentada e contente e um bezerro pode estar a caminho.,"Корова и бык теперь в одном хлеву: корми её досыта, держи довольной, и может появиться телёнок.","Twoja krowa i byk mieszkają teraz w jednej oborze: dbaj, by była najedzona i zadowolona, a może pojawi się cielę.",雌ウシと雄ウシが同じ小屋にいます：しっかり食べさせて機嫌よくしておけば、子ウシができるかもしれません。,암소와 황소가 이제 같은 외양간에 살아요: 잘 먹이고 기분 좋게 해 주면 송아지가 생길지도 몰라요.,你的奶牛和公牛住进同一个畜棚了：让她吃饱、心情好，说不定就会有小牛。,你的乳牛和公牛住進同一個畜舍了：讓她吃飽、心情好，說不定就會有小牛。
MSG_PAIR_HORSE,Your mare and your stallion share the barn now: keep her fed and content and a foal may be on the way.,Kısrağın ve aygırın artık aynı ahırda: onu tok ve mutlu tutarsan bir tay yolda olabilir.,"Deine Stute und dein Hengst teilen sich jetzt den Stall: Halt sie satt und zufrieden, dann ist vielleicht bald ein Fohlen unterwegs.",Tu yegua y tu semental ya comparten establo: mantenla bien alimentada y contenta y puede que venga un potro.,"Ta jument et ton étalon partagent l'étable : garde-la bien nourrie et contente, un poulain pourrait s'annoncer.",La tua cavalla e il tuo stallone ora dividono la stalla: tienila sazia e contenta e potrebbe arrivare un puledro.,Sua égua e seu garanhão agora dividem o estábulo: mantenha-a alimentada e contente e um potro pode estar a caminho.,"Кобыла и жеребец теперь в одном хлеву: корми её досыта, держи довольной, и может появиться жеребёнок.","Twoja klacz i ogier mieszkają teraz w jednej oborze: dbaj, by była najedzona i zadowolona, a może pojawi się źrebię.",雌ウマと雄ウマが同じ小屋にいます：しっかり食べさせて機嫌よくしておけば、子ウマができるかもしれません。,암말과 수말이 이제 같은 외양간에 살아요: 잘 먹이고 기분 좋게 해 주면 망아지가 생길지도 몰라요.,你的母马和公马住进同一个畜棚了：让她吃饱、心情好，说不定就会有小马。,你的母馬和公馬住進同一個畜舍了：讓她吃飽、心情好，說不定就會有小馬。
ANIMAL_NAME_TITLE_LAMB,Name your new lamb,Yeni kuzuna bir isim ver,Gib deinem neuen Lamm einen Namen,Ponle nombre a tu nuevo cordero,Donne un nom à ton nouvel agneau,Dai un nome al tuo nuovo agnello,Dê um nome ao seu novo cordeiro,Назови своего ягнёнка,Nadaj imię swojemu jagnięciu,生まれた子ヒツジに名前をつけよう,새로 태어난 새끼 양에게 이름을 지어 주세요,给新出生的小羊取个名字,給新出生的小羊取個名字
ANIMAL_NAME_TITLE_CALF,Name your new calf,Yeni buzağına bir isim ver,Gib deinem neuen Kalb einen Namen,Ponle nombre a tu nuevo ternero,Donne un nom à ton nouveau veau,Dai un nome al tuo nuovo vitello,Dê um nome ao seu novo bezerro,Назови своего телёнка,Nadaj imię swojemu cielęciu,生まれた子ウシに名前をつけよう,새로 태어난 송아지에게 이름을 지어 주세요,给新出生的小牛取个名字,給新出生的小牛取個名字
ANIMAL_NAME_TITLE_FOAL,Name your new foal,Yeni tayına bir isim ver,Gib deinem neuen Fohlen einen Namen,Ponle nombre a tu nuevo potro,Donne un nom à ton nouveau poulain,Dai un nome al tuo nuovo puledro,Dê um nome ao seu novo potro,Назови своего жеребёнка,Nadaj imię swojemu źrebięciu,生まれた子ウマに名前をつけよう,새로 태어난 망아지에게 이름을 지어 주세요,给新出生的小马取个名字,給新出生的小馬取個名字
ANIMAL_NAME_SUB_LAMB,Born this morning and already up on four wobbly legs. What will you call it?,"Bu sabah doğdu, titrek bacaklarının üstünde ayağa kalktı bile. Adı ne olsun?",Heute Morgen geboren und schon auf vier wackligen Beinen. Wie soll es heißen?,Nació esta mañana y ya se sostiene sobre cuatro patas temblorosas. ¿Cómo lo vas a llamar?,Né ce matin et déjà debout sur quatre pattes tremblantes. Comment vas-tu l'appeler ?,Nato stamattina e già in piedi su quattro zampe tremanti. Come lo chiamerai?,Nasceu hoje de manhã e já está de pé em quatro patas bambas. Como vai chamá-lo?,Родился утром и уже стоит на четырёх дрожащих ножках. Как назовёшь?,Urodziło się rano i już stoi na czterech chwiejnych nóżkach. Jak je nazwiesz?,今朝生まれたばかりなのに、もうよろよろと立っています。なんて名前にする？,오늘 아침에 태어났는데 벌써 후들거리는 네 다리로 섰어요. 이름을 뭐라고 할까요?,今早才出生，已经靠四条颤巍巍的腿站起来了。叫它什么好呢？,今早才出生，已經靠四條顫巍巍的腿站起來了。叫牠什麼好呢？
ANIMAL_NAME_SUB_CALF,"All legs and big wet eyes, and it won't leave its mother's side. What will you call it?","Kocaman ıslak gözler, upuzun bacaklar; annesinin dibinden ayrılmıyor. Adı ne olsun?","Lauter Beine und große feuchte Augen, und es weicht der Mutter nicht von der Seite. Wie soll es heißen?","Todo patas y ojazos húmedos, y no se separa de su madre. ¿Cómo lo vas a llamar?","Tout en pattes, de grands yeux humides, et il ne quitte pas sa mère. Comment vas-tu l'appeler ?","Tutto zampe e occhioni umidi, e non si stacca dalla mamma. Come lo chiamerai?","Só pernas e olhões úmidos, e não sai de perto da mãe. Como vai chamá-lo?","Одни ноги да большие влажные глаза, и от мамы ни на шаг. Как назовёшь?","Same nogi i wielkie wilgotne oczy, a od mamy nie odstępuje ani na krok. Jak je nazwiesz?",長い脚に大きなうるんだ目、お母さんのそばを離れません。なんて名前にする？,"긴 다리에 커다랗고 촉촉한 눈, 엄마 곁을 떠나지 않아요. 이름을 뭐라고 할까요?",腿长长的，眼睛又大又湿润，寸步不离妈妈。叫它什么好呢？,腿長長的，眼睛又大又濕潤，寸步不離媽媽。叫牠什麼好呢？
ANIMAL_NAME_SUB_FOAL,It tried to gallop before it could even stand. Give this little one a name.,Daha ayakta duramadan dörtnala kalkmaya çalıştı. Bu ufaklığa bir isim ver.,"Es wollte galoppieren, bevor es überhaupt stehen konnte. Gib dem Kleinen einen Namen.",Intentó galopar antes de saber tenerse en pie. Ponle un nombre a este pequeño.,Il a voulu galoper avant même de tenir debout. Donne un nom à ce petit.,Ha provato a galoppare prima ancora di reggersi in piedi. Dai un nome a questo piccolo.,Tentou galopar antes mesmo de ficar de pé. Dê um nome a este pequeno.,"Попробовал скакать, ещё не научившись стоять. Дай малышу имя.","Próbowało galopować, zanim nauczyło się stać. Nadaj maluchowi imię.",立つより先に走ろうとしました。この子に名前をつけてあげよう。,서기도 전에 달리려고 했어요. 이 꼬마에게 이름을 지어 주세요.,还没站稳就想撒腿跑。给这个小家伙取个名字吧。,還沒站穩就想撒腿跑。給這個小傢伙取個名字吧。
ANIMAL_NAME_IDEAS_LAMB,Cloud|Cotton|Biscuit|Woolly|Daisy,Bulut|Pamuk|Lokum|Yumak|Papatya,Wölkchen|Flocke|Keks|Wolli|Gänseblümchen,Nube|Algodón|Galleta|Lanita|Margarita,Nuage|Coton|Biscuit|Laineux|Pâquerette,Nuvola|Cotone|Biscotto|Lanetta|Margherita,Nuvem|Algodão|Biscoito|Lãzinha|Margarida,Облачко|Хлопок|Пряник|Шёрстка|Ромашка,Chmurka|Wacik|Biszkopt|Wełniaczek|Stokrotka,くも|わたげ|ビスケ|もこ|ひなぎく,구름|솜이|비스킷|복실이|데이지,云朵|棉花|饼干|毛球|小雏菊,雲朵|棉花|餅乾|毛球|小雛菊
ANIMAL_NAME_IDEAS_CALF,Button|Hazel|Clover|Freckle|Cinnamon,Boncuk|Fındık|Yonca|Benek|Tarçın,Knopf|Haselnuss|Klee|Fleckchen|Zimt,Botón|Avellana|Trébol|Peca|Canela,Bouton|Noisette|Trèfle|Tachette|Cannelle,Bottone|Nocciola|Trifoglio|Macchia|Cannella,Botão|Avelã|Trevo|Pintinha|Canela,Кнопка|Орешек|Клевер|Веснушка|Корица,Guzik|Orzeszek|Koniczynka|Piegus|Cynamon,ボタン|ナッツ|クローバー|そばかす|シナモン,단추|개암이|클로버|점박이|계피,纽扣|榛子|三叶草|小斑点|肉桂,鈕扣|榛子|三葉草|小斑點|肉桂
ANIMAL_NAME_IDEAS_FOAL,Breeze|Star|Flash|Smoky|Chestnut,Rüzgar|Yıldız|Şimşek|Duman|Kestane,Brise|Stern|Blitz|Rauch|Kastanie,Brisa|Estrella|Rayo|Humo|Castaña,Brise|Étoile|Éclair|Fumée|Châtaigne,Brezza|Stella|Lampo|Fumo|Castagna,Brisa|Estrela|Raio|Fumaça|Castanha,Ветерок|Звёздочка|Молния|Дымок|Каштан,Wietrzyk|Gwiazdka|Błysk|Dymek|Kasztan,そよかぜ|ほし|いなずま|けむり|くり,산들이|별이|번개|연기|밤톨이,微风|星星|闪电|烟烟|栗子,微風|星星|閃電|煙煙|栗子
SIDE_BREED_TITLE,Flock,Sürü,Herde,Rebaño,Troupeau,Gregge,Rebanho,Стадо,Stado,群れ,가축 무리,畜群,畜群
SIDE_GOAL_BREED_RAM,Grow the flock: buy a ram,Sürüyü büyüt: bir koç al,Vergrößere die Herde: Kauf einen Widder,Haz crecer el rebaño: compra un carnero,Agrandis le troupeau : achète un bélier,Fai crescere il gregge: compra un ariete,Aumente o rebanho: compre um carneiro,Увеличь стадо: купи барана,Powiększ stado: kup barana,群れを増やそう：雄ヒツジを買う,무리를 늘리자: 숫양 사기,壮大羊群：买一只公羊,壯大羊群：買一隻公羊
SIDE_HINT_BREED_RAM,"Rıza the stockman: ""One ewe is no flock, neighbour. I've just the ram for you at the Animal Market.""",Celep Rıza: «Tek koyunla sürü olmaz evlat. Hayvan Pazarı'nda tam sana göre bir koçum var.»,"Viehhändler Rıza: „Ein Schaf ist noch keine Herde, Nachbar. Auf dem Tiermarkt hab ich genau den richtigen Widder für dich.“","Rıza, el tratante: «Con una sola oveja no hay rebaño, vecino. En el mercado de animales tengo el carnero perfecto para ti.»","Rıza le marchand : « Une brebis ne fait pas un troupeau, voisin. J'ai le bélier qu'il te faut au marché aux bestiaux. »","Rıza il mercante: «Una pecora sola non fa un gregge, vicino. Al mercato del bestiame ho l'ariete che fa per te.»","Rıza, o negociante: ""Uma ovelha só não faz rebanho, vizinho. Tenho o carneiro certo pra você na feira de animais.""","Скотопромышленник Рыза: «Одна овца ещё не стадо, сосед. На скотном рынке у меня есть для тебя отличный баран».","Handlarz Rıza: „Jedna owca to jeszcze nie stado, sąsiedzie. Na targu zwierząt mam dla ciebie barana w sam raz.”",家畜商のルザ：「ヒツジ一頭じゃ群れとは言えんよ。家畜市場にちょうどいい雄ヒツジがいるぞ」,"가축상 르자: ""양 한 마리로는 무리가 안 되지, 이웃. 가축 시장에 딱 맞는 숫양이 있다네.""",牲畜商人勒扎：“一只羊可成不了羊群，邻居。牲畜市场里有只公羊正适合你。”,牲畜商人勒扎：「一隻羊可成不了羊群，鄰居。牲畜市場裡有隻公羊正適合你。」
SIDE_HINT_BREED_FULL,The barn is full: make room for a ram first (sell an animal or enlarge the barn),Ahır dolu: önce koça yer aç (bir hayvan sat ya da ahırı büyüt),Der Stall ist voll: Schaff erst Platz für einen Widder (verkauf ein Tier oder bau den Stall aus),El establo está lleno: haz sitio primero para un carnero (vende un animal o amplía el establo),L'étable est pleine : fais d'abord de la place pour un bélier (vends un animal ou agrandis l'étable),La stalla è piena: fai prima posto per un ariete (vendi un animale o amplia la stalla),O estábulo está cheio: abra espaço para um carneiro primeiro (venda um animal ou amplie o estábulo),Хлев полон: сначала освободи место для барана (продай животное или расширь хлев),Obora jest pełna: najpierw zrób miejsce dla barana (sprzedaj zwierzę albo rozbuduj oborę),小屋がいっぱいです：まず雄ヒツジの場所を空けよう（動物を売るか小屋を広げる）,외양간이 꽉 찼어요: 먼저 숫양 자리를 만드세요 (가축을 팔거나 외양간을 넓히기),畜棚满了：先给公羊腾个位置（卖掉一只牲畜或扩建畜棚）,畜舍滿了：先給公羊騰個位置（賣掉一隻牲畜或擴建畜舍）
SIDE_GOAL_BREED_WAIT,Keep your ewe well fed and happy: a lamb is on the way,Koyununu iyi besle ve mutlu tut: kuzu yolda,Halt dein Schaf satt und glücklich: Ein Lamm ist unterwegs,Mantén a tu oveja bien alimentada y feliz: viene un cordero en camino,Garde ta brebis bien nourrie et heureuse : un agneau est en route,Tieni la tua pecora sazia e felice: un agnello è in arrivo,Mantenha sua ovelha bem alimentada e feliz: um cordeiro está a caminho,Корми овцу досыта и радуй её: ягнёнок на подходе,"Dbaj, by owca była najedzona i szczęśliwa: jagnię jest w drodze",ヒツジをしっかり食べさせて幸せに：子ヒツジがやって来る,양을 잘 먹이고 행복하게 해 주기: 새끼 양이 오는 중,把母羊喂饱、让她开心：小羊就要来了,把母羊餵飽、讓她開心：小羊就要來了
SIDE_HINT_BREED_HUNGRY,She is hungry: put hay in the barn's feeder and fill the water trough,"Karnı aç: ahırdaki yemliğe saman koy, suluğu doldur",Sie hat Hunger: Leg Heu in die Raufe im Stall und füll die Tränke,Tiene hambre: pon heno en el comedero del establo y llena el bebedero,Elle a faim : mets du foin dans la mangeoire de l'étable et remplis l'abreuvoir,Ha fame: metti fieno nella mangiatoia della stalla e riempi l'abbeveratoio,Ela está com fome: ponha feno no comedouro do estábulo e encha o bebedouro,Она голодна: положи сено в кормушку в хлеву и наполни поилку,Jest głodna: nałóż siana do żłobu w oborze i napełnij poidło,お腹がすいています：小屋のエサ箱に干し草を入れ、水桶を満たそう,배가 고파요: 외양간 여물통에 건초를 넣고 물통을 채우세요,她饿了：往畜棚的食槽里放干草，把水槽加满,她餓了：往畜舍的食槽裡放乾草，把水槽加滿
SIDE_HINT_BREED_UNHAPPY,"She isn't content yet: pet her every day (E), brush her, keep her out of the rain","Henüz keyfi yerinde değil: her gün sev (E), fırçala, yağmurda dışarıda bırakma","Sie ist noch nicht zufrieden: Streichle sie jeden Tag (E), bürste sie, lass sie nicht im Regen stehen","Aún no está contenta: acaríciala cada día (E), cepíllala y no la dejes bajo la lluvia","Elle n'est pas encore contente : caresse-la chaque jour (E), brosse-la, ne la laisse pas sous la pluie","Non è ancora contenta: accarezzala ogni giorno (E), spazzolala, non lasciarla sotto la pioggia","Ela ainda não está contente: faça carinho todo dia (E), escove-a, não a deixe na chuva","Она пока не довольна: гладь её каждый день (E), расчёсывай, не оставляй под дождём","Jeszcze nie jest zadowolona: głaszcz ją codziennie (E), szczotkuj, nie zostawiaj na deszczu",まだ機嫌がよくありません：毎日なでて（E）、ブラシをかけ、雨の中に出しっぱなしにしない,"아직 기분이 좋지 않아요: 매일 쓰다듬고(E), 빗질해 주고, 비 맞게 두지 마세요",她还不够开心：每天摸摸她（E）、给她刷毛，别让她淋雨,她還不夠開心：每天摸摸她（E）、給她刷毛，別讓她淋雨
SIDE_HINT_BREED_HEALTH,"She must get well first: medicine or the vet, a full feeder and a dry barn","Önce iyileşmesi gerek: ilaç ya da veteriner, dolu bir yemlik ve kuru bir ahır","Erst muss sie gesund werden: Medizin oder Tierarzt, eine volle Raufe und ein trockener Stall","Primero tiene que curarse: medicina o veterinario, comedero lleno y establo seco","Elle doit d'abord guérir : médicament ou vétérinaire, mangeoire pleine et étable au sec","Prima deve guarire: medicina o veterinario, mangiatoia piena e stalla asciutta","Primeiro ela precisa ficar boa: remédio ou veterinário, comedouro cheio e estábulo seco","Сначала ей нужно поправиться: лекарство или ветеринар, полная кормушка и сухой хлев","Najpierw musi wyzdrowieć: lekarstwo albo weterynarz, pełny żłób i sucha obora",まず元気にならないと：薬か獣医、いっぱいのエサ箱と乾いた小屋,"먼저 건강해져야 해요: 약이나 수의사, 가득 찬 여물통과 마른 외양간",她得先养好身体：药或兽医、满满的食槽和干爽的畜棚,她得先養好身體：藥或獸醫、滿滿的食槽和乾爽的畜舍
SIDE_HINT_BREED_APART,The ram must live in the same barn as she does,Koç onunla aynı ahırda yaşamalı,Der Widder muss im selben Stall leben wie sie,El carnero tiene que vivir en el mismo establo que ella,Le bélier doit vivre dans la même étable qu'elle,L'ariete deve vivere nella sua stessa stalla,O carneiro precisa viver no mesmo estábulo que ela,Баран должен жить с ней в одном хлеву,Baran musi mieszkać w tej samej oborze co ona,雄ヒツジは同じ小屋で暮らす必要があります,숫양이 같은 외양간에 살아야 해요,公羊得和她住在同一个畜棚,公羊得和她住在同一個畜舍
SIDE_HINT_BREED_SOON,All is well. Keep it up: one of these mornings she will be with lamb,Her şey yolunda. Böyle devam et: bu sabahlardan birinde gebe kalacak,Alles bestens. Mach weiter so: An einem dieser Morgen ist sie trächtig,Todo va bien. Sigue así: una de estas mañanas quedará preñada,"Tout va bien. Continue ainsi : un de ces matins, elle attendra un agneau",Va tutto bene. Continua così: una di queste mattine sarà gravida,Tudo certo. Continue assim: numa dessas manhãs ela estará prenha,Всё хорошо. Так держать: в одно из ближайших утр она будет ждать ягнёнка,Wszystko gra. Tak trzymaj: któregoś ranka będzie w ciąży,順調です。この調子で：近いうちの朝に妊娠します,다 좋아요. 이대로만 하면 머지않은 아침에 새끼를 밸 거예요,一切都好。保持下去：哪天早上她就怀上小羊了,一切都好。保持下去：哪天早上她就懷上小羊了
SIDE_HINT_BREED_CARRYING,"Grandpa's notebook: ""A ewe in lamb wants a full feeder, clean water and a dry barn. She does the rest herself.""","Dedenin defterinden: «Gebe koyun dolu yemlik, temiz su ve kuru bir ahır ister. Gerisini kendi halleder.»","Aus Opas Notizbuch: „Ein trächtiges Schaf will eine volle Raufe, sauberes Wasser und einen trockenen Stall. Den Rest macht es selbst.“","Del cuaderno del abuelo: «Una oveja preñada quiere comedero lleno, agua limpia y un establo seco. Lo demás lo hace ella sola.»","Dans le carnet de grand-père : « Une brebis pleine veut une mangeoire garnie, de l'eau propre et une étable au sec. Le reste, elle s'en charge. »","Dal quaderno del nonno: «Una pecora gravida vuole mangiatoia piena, acqua pulita e una stalla asciutta. Al resto pensa lei.»","Do caderno do vovô: ""Ovelha prenha quer comedouro cheio, água limpa e estábulo seco. O resto ela resolve sozinha.""","Из дедушкиной тетради: «Суягной овце нужны полная кормушка, чистая вода и сухой хлев. С остальным она справится сама».","Z notesu dziadka: „Kotna owca chce pełnego żłobu, czystej wody i suchej obory. Resztę załatwi sama.”",おじいちゃんのノートより：「身ごもったヒツジに要るのは、いっぱいのエサ箱ときれいな水、乾いた小屋。あとは自分でやる」,"할아버지 공책에서: ""새끼 밴 양은 가득 찬 여물통, 깨끗한 물, 마른 외양간만 있으면 된다. 나머지는 알아서 한다.""",爷爷的笔记：“怀崽的母羊要的是满满的食槽、干净的水和干爽的畜棚。剩下的她自己会办。”,爺爺的筆記：「懷崽的母羊要的是滿滿的食槽、乾淨的水和乾爽的畜舍。剩下的她自己會辦。」
SIDE_HINT_BREED_ROOM,The barn is full: make room (sell an animal or enlarge the barn) and the lamb is born the next morning,"Ahır dolu: yer aç (bir hayvan sat ya da ahırı büyüt), kuzu ertesi sabah doğar","Der Stall ist voll: Schaff Platz (verkauf ein Tier oder bau den Stall aus), dann kommt das Lamm am nächsten Morgen",El establo está lleno: haz sitio (vende un animal o amplía el establo) y el cordero nacerá a la mañana siguiente,L'étable est pleine : fais de la place (vends un animal ou agrandis l'étable) et l'agneau naîtra le lendemain matin,La stalla è piena: fai posto (vendi un animale o amplia la stalla) e l'agnello nascerà il mattino dopo,O estábulo está cheio: abra espaço (venda um animal ou amplie o estábulo) e o cordeiro nasce na manhã seguinte,"Хлев полон: освободи место (продай животное или расширь хлев), и ягнёнок родится на следующее утро","Obora jest pełna: zrób miejsce (sprzedaj zwierzę albo rozbuduj oborę), a jagnię urodzi się następnego ranka",小屋がいっぱいです：場所を空ければ（動物を売るか小屋を広げる）、翌朝に子ヒツジが生まれます,외양간이 꽉 찼어요: 자리를 만들면(가축을 팔거나 외양간을 넓히기) 다음 날 아침에 새끼 양이 태어나요,畜棚满了：腾出位置（卖掉一只牲畜或扩建畜棚），小羊第二天早上就出生,畜舍滿了：騰出位置（賣掉一隻牲畜或擴建畜舍），小羊第二天早上就出生
SIDE_GOAL_BREED_NAME,Your lamb is born: go to it and give it a name,Kuzun doğdu: yanına git ve ona bir isim ver,Dein Lamm ist da: Geh hin und gib ihm einen Namen,Ha nacido tu cordero: ve a verlo y ponle un nombre,Ton agneau est né : va le voir et donne-lui un nom,È nato il tuo agnello: vai da lui e dagli un nome,Seu cordeiro nasceu: vá até ele e dê um nome,Твой ягнёнок родился: подойди и дай ему имя,Twoje jagnię się urodziło: podejdź i nadaj mu imię,子ヒツジが生まれた：そばへ行って名前をつけよう,새끼 양이 태어났어요: 곁에 가서 이름을 지어 주기,你的小羊出生了：走到它身边，给它取个名字,你的小羊出生了：走到牠身邊，給牠取個名字
SIDE_HINT_BREED_NAME,It is beside its mother (%s): just walk up to it,Annesinin (%s) yanında: yanına yürümen yeter,Es ist bei seiner Mutter (%s): Geh einfach zu ihm hin,Está junto a su madre (%s): solo acércate,Il est près de sa mère (%s) : approche-toi simplement,È accanto a sua madre (%s): basta avvicinarti,Está ao lado da mãe (%s): é só chegar perto,Он рядом с мамой (%s): просто подойди,Jest przy swojej mamie (%s): wystarczy podejść,お母さん（%s）のそばにいます：近づくだけでOK,엄마(%s) 곁에 있어요: 다가가기만 하면 돼요,它就在妈妈（%s）身边：走过去就行,牠就在媽媽（%s）身邊：走過去就行
SIDE_HINT_BREED_NAME_ALONE,It is in the barn's paddock: just walk up to it,Ahırın avlusunda: yanına yürümen yeter,Es ist im Auslauf am Stall: Geh einfach zu ihm hin,Está en el corral del establo: solo acércate,Il est dans l'enclos de l'étable : approche-toi simplement,È nel recinto della stalla: basta avvicinarti,Está no cercado do estábulo: é só chegar perto,Он в загоне у хлева: просто подойди,Jest na wybiegu przy oborze: wystarczy podejść,小屋の放牧場にいます：近づくだけでOK,외양간 방목장에 있어요: 다가가기만 하면 돼요,它在畜棚的围场里：走过去就行,牠在畜舍的圍場裡：走過去就行
BREED_FED,Fed,Tok,Satt,Alimentada,Nourrie,Sazia,Alimentada,Сыта,Najedzona,満腹,배부름,吃饱,吃飽
BREED_CONTENT,Content,Mutlu,Zufrieden,Contenta,Contente,Contenta,Contente,Довольна,Zadowolona,ごきげん,기분 좋음,心情好,心情好
BREED_HEALTHY,Healthy,Sağlıklı,Gesund,Sana,En bonne santé,Sana,Saudável,Здорова,Zdrowa,健康,건강함,健康,健康
LABEL_ANIMAL_MARKET,Animal Market,Hayvan Pazarı,Tiermarkt,Mercado de animales,Marché aux bestiaux,Mercato del bestiame,Feira de animais,Скотный рынок,Targ zwierząt,家畜市場,가축 시장,牲畜市场,牲畜市場
MAIL_ZEYNEP_LAMB_TITLE,A lamb!,Kuzu mu doğmuş!,Ein Lamm!,¡Un cordero!,Un agneau !,Un agnello!,Um cordeiro!,Ягнёнок!,Jagnię!,子ヒツジですって！,새끼 양이라니!,小羊出生了！,小羊出生了！
MAIL_ZEYNEP_LAMB_BODY,"I heard a tiny bleat from your side this morning and could hardly believe my ears. {name}, is it? What a lovely name.|Karamel hasn't left the fence since; he wants to meet the little one. Keep it warm, and give its mother a pat from me.","Bu sabah senin taraftan incecik bir meleme duydum, kulaklarıma inanamadım. Adı {name} mı? Ne güzel isim.|Karamel o zamandan beri çitin dibinden ayrılmıyor; ufaklıkla tanışmak istiyor. Onu sıcak tut, annesini de benim yerime sev.",Heute Morgen hörte ich von dir drüben ein ganz zartes Blöken und traute meinen Ohren kaum. {name} heißt es? Was für ein schöner Name.|Karamel weicht seitdem nicht mehr vom Zaun; er will das Kleine kennenlernen. Halt es warm und streichle die Mutter von mir.,Esta mañana oí un balido chiquitito desde tu lado y casi no me lo creo. ¿Se llama {name}? Qué nombre tan bonito.|Karamel no se ha movido de la valla desde entonces; quiere conocer al pequeño. Mantenlo abrigado y acaricia a su madre de mi parte.,"Ce matin, j'ai entendu un tout petit bêlement de ton côté et j'ai eu du mal à y croire. Il s'appelle {name} ? Quel joli nom.|Karamel ne quitte plus la clôture depuis ; il veut rencontrer le petit. Garde-le au chaud et caresse sa mère de ma part.",Stamattina ho sentito un belato piccolo piccolo dalla tua parte e quasi non ci credevo. Si chiama {name}? Che bel nome.|Da allora Karamel non si stacca dallo steccato: vuole conoscere il piccolo. Tienilo al caldo e fai una carezza alla mamma da parte mia.,Hoje de manhã ouvi um balido bem fininho vindo do seu lado e quase não acreditei. Chama {name}? Que nome lindo.|O Karamel não sai da cerca desde então; quer conhecer o pequeno. Mantenha-o aquecido e faça um carinho na mãe por mim.,Сегодня утром я услышала с твоей стороны тоненькое блеяние и ушам не поверила. Его зовут {name}? Какое чудесное имя.|Карамель с тех пор не отходит от забора: хочет познакомиться с малышом. Держи его в тепле и погладь маму от меня.,Dziś rano usłyszałam od twojej strony cieniutkie beczenie i ledwo uwierzyłam własnym uszom. Nazywa się {name}? Jakie śliczne imię.|Karamel od tamtej pory nie odchodzi od płotu; chce poznać malucha. Trzymaj go w cieple i pogłaszcz mamę ode mnie.,今朝、そちらから小さな鳴き声が聞こえて、耳を疑いました。{name}っていうの？すてきな名前ね。|カラメルはそれからずっと柵のそばを離れません。おちびさんに会いたいみたい。暖かくしてあげて、お母さんを私の分までなでてあげてね。,"오늘 아침 그쪽에서 아주 가느다란 울음소리가 들려서 귀를 의심했어. 이름이 {name}(이)라고? 정말 예쁜 이름이야.|카라멜은 그때부터 울타리 곁을 떠나지 않아. 꼬마를 만나고 싶은가 봐. 따뜻하게 해 주고, 엄마는 내 몫까지 쓰다듬어 줘.",今天早上听到你那边传来细细的咩咩声，我简直不敢相信自己的耳朵。它叫{name}？真好听的名字。|卡拉梅尔从那以后就守在栅栏边不肯走，想认识这个小家伙。别让它着凉，也替我摸摸它的妈妈。,今天早上聽到你那邊傳來細細的咩咩聲，我簡直不敢相信自己的耳朵。牠叫{name}？真好聽的名字。|卡拉梅爾從那以後就守在柵欄邊不肯走，想認識這個小傢伙。別讓牠著涼，也替我摸摸牠的媽媽。
RANCHER_MALE_HINT,%s: well-kept females living in the same barn will have young.,"%s: aynı ahırda yaşayan, iyi bakılan dişiler yavrular.",%s: Gut gepflegte Weibchen im selben Stall bekommen Nachwuchs.,%s: las hembras bien cuidadas del mismo establo tendrán crías.,%s : les femelles bien soignées de la même étable auront des petits.,%s: le femmine ben curate della stessa stalla avranno dei piccoli.,%s: as fêmeas bem cuidadas do mesmo estábulo terão filhotes.,%s: ухоженные самки в том же хлеву принесут потомство.,%s: zadbane samice z tej samej obory będą miały młode.,%s：同じ小屋でよく世話された雌は子を産みます。,%s: 같은 외양간에서 잘 돌본 암컷이 새끼를 낳아요.,%s：同一畜棚里照料得好的母畜会生崽。,%s：同一畜舍裡照料得好的母畜會生崽。
STATUS_MOTHER,Mother: %s · keeps close to her,Annesi: %s · ondan ayrılmıyor,Mutter: %s · weicht ihr nicht von der Seite,Madre: %s · no se separa de ella,Mère : %s · ne la quitte pas,Madre: %s · non si stacca da lei,Mãe: %s · não sai de perto dela,Мать: %s · держится рядом с ней,Matka: %s · nie odstępuje jej na krok,母親：%s · そばを離れません,엄마: %s · 곁을 떠나지 않아요,妈妈：%s · 寸步不离,媽媽：%s · 寸步不離
STATUS_MALE,"With him in the barn, well-kept females have young","O ahırdayken, iyi bakılan dişiler yavrular",Mit ihm im Stall bekommen gut gepflegte Weibchen Nachwuchs,"Con él en el establo, las hembras bien cuidadas tienen crías","Avec lui dans l'étable, les femelles bien soignées ont des petits","Con lui nella stalla, le femmine ben curate hanno dei piccoli","Com ele no estábulo, as fêmeas bem cuidadas têm filhotes","Пока он в хлеву, ухоженные самки приносят потомство","Gdy jest w oborze, zadbane samice mają młode",彼が小屋にいれば、よく世話された雌が子を産みます,그가 외양간에 있으면 잘 돌본 암컷이 새끼를 낳아요,有他在畜棚里，照料得好的母畜会生崽,有他在畜舍裡，照料得好的母畜會生崽
STATUS_BREED_READY,Ready for young: one of these mornings,Yavruya hazır: bu sabahlardan birinde,Bereit für Nachwuchs: an einem dieser Morgen,Lista para tener crías: una de estas mañanas,Prête à avoir un petit : un de ces matins,Pronta per un piccolo: una di queste mattine,Pronta para ter filhote: numa dessas manhãs,Готова к потомству: в одно из ближайших утр,Gotowa na młode: któregoś ranka,子を授かる準備OK：近いうちの朝に,새끼 가질 준비 완료: 머지않은 아침에,可以怀崽了：就在这几天的某个早晨,可以懷崽了：就在這幾天的某個早晨
STATUS_BREED_CARE,"Not ready for young yet: she must be fed, content and healthy","Henüz yavruya hazır değil: tok, mutlu ve sağlıklı olmalı","Noch nicht bereit für Nachwuchs: Sie muss satt, zufrieden und gesund sein","Aún no está lista para tener crías: debe estar alimentada, contenta y sana","Pas encore prête à avoir un petit : elle doit être nourrie, contente et en bonne santé","Non ancora pronta per un piccolo: deve essere sazia, contenta e sana","Ainda não está pronta para ter filhote: precisa estar alimentada, contente e saudável","Пока не готова к потомству: должна быть сыта, довольна и здорова","Jeszcze niegotowa na młode: musi być najedzona, zadowolona i zdrowa",まだ子を授かる準備ができていません：満腹で、機嫌よく、健康でないと,"아직 새끼 가질 준비가 안 됐어요: 배부르고, 기분 좋고, 건강해야 해요",还不能怀崽：得吃饱、心情好、身体健康,還不能懷崽：得吃飽、心情好、身體健康
ANIMAL_BORN_HERE,Born on the farm,Çiftlikte doğdu,Auf dem Hof geboren,Nació en la granja,Né à la ferme,Nato in fattoria,Nasceu na fazenda,Родился на ферме,Urodzone na farmie,牧場生まれ,농장에서 태어남,农场出生,農場出生
ANIMAL_RENAME_HINT,Click the name to change it,İsmini değiştirmek için üstüne tıkla,"Klick auf den Namen, um ihn zu ändern",Haz clic en el nombre para cambiarlo,Clique sur le nom pour le changer,Clicca sul nome per cambiarlo,Clique no nome para mudá-lo,"Нажми на имя, чтобы изменить его","Kliknij imię, aby je zmienić",名前をクリックして変更,이름을 클릭하면 바꿀 수 있어요,点击名字即可修改,點擊名字即可修改
ITEM_FENCE_PANEL,Fence Panel,Çit Paneli,Zaunfeld,Panel de valla,Panneau de clôture,Pannello di recinto,Painel de cerca,Секция забора,Przęsło płotu,柵パネル,울타리 패널,栅栏板,柵欄板
DESC_FENCE_PANEL,"Two posts and two split rails, two metres of fence. Panels snap end to end: hold the left mouse button and walk to lay a run.","İki direk, iki yarma tahta: iki metrelik çit. Paneller uç uca kendiliğinden yapışır; sol tıkı basılı tutup yürürsen sıra sıra dizilir.","Zwei Pfosten und zwei gespaltene Riegel: zwei Meter Zaun. Die Felder rasten Ende an Ende ein; halte die linke Maustaste und geh los, um eine Reihe zu setzen.",Dos postes y dos travesaños: dos metros de valla. Los paneles se enganchan uno tras otro; mantén el clic izquierdo y camina para tender una hilera.,Deux poteaux et deux lisses fendues : deux mètres de clôture. Les panneaux s'emboîtent bout à bout ; maintiens le clic gauche et marche pour en poser une rangée.,Due pali e due traverse spaccate: due metri di recinto. I pannelli si agganciano uno all'altro; tieni premuto il clic sinistro e cammina per posarne una fila.,Dois mourões e duas ripas rachadas: dois metros de cerca. Os painéis se encaixam ponta a ponta; segure o clique esquerdo e ande para montar uma fileira.,"Два столба и две колотые жерди: два метра забора. Секции сами стыкуются одна к другой; зажми левую кнопку мыши и иди, чтобы поставить ряд.","Dwa słupki i dwie łupane żerdzie: dwa metry płotu. Przęsła łączą się same; przytrzymaj lewy przycisk myszy i idź, żeby postawić cały rząd.",杭2本と割り木の横木2本、2メートル分の柵。パネル同士は端と端でぴたりとつながる。左クリックを押したまま歩けば一列に並べられる。,"말뚝 둘에 쪼갠 가로대 둘, 2미터짜리 울타리. 패널은 끝과 끝이 저절로 붙어요. 왼쪽 버튼을 누른 채 걸으면 줄지어 세워져요.",两根桩子、两条劈木横栏，两米长的栅栏。栅栏板会首尾自动接上；按住鼠标左键往前走，就能排成一行。,兩根樁子、兩條劈木橫欄，兩公尺長的柵欄。柵欄板會首尾自動接上；按住滑鼠左鍵往前走，就能排成一列。
ITEM_FENCE_GATE,Fence Gate,Çit Kapısı,Zauntor,Portón de valla,Portillon,Cancello del recinto,Porteira,Калитка,Furtka,柵の扉,울타리 문,栅栏门,柵欄門
DESC_FENCE_GATE,A boarded gate on two stout posts. E swings it open and shut; a loop of fence needs one to become a pasture.,İki sağlam direk arasında tahta bir kapı. E ile açılıp kapanır; çevirdiğin çitin mera olması için bir kapısı olmalı.,"Ein Brettertor zwischen zwei kräftigen Pfosten. Mit E geht es auf und zu; ein Zaunring braucht eines, um eine Weide zu werden.",Un portón de tablas entre dos postes recios. Con E se abre y se cierra; un cercado necesita uno para ser un prado.,Un portillon en planches entre deux solides poteaux. E l'ouvre et le ferme ; il en faut un pour qu'un enclos devienne un pré.,Un cancello di assi fra due pali robusti. Con E si apre e si chiude; un recinto ne ha bisogno per diventare un pascolo.,Uma porteira de tábuas entre dois mourões firmes. E abre e fecha; um cercado precisa de uma para virar pasto.,Дощатая калитка на двух крепких столбах. E открывает и закрывает её; без калитки огороженный круг не станет пастбищем.,"Furtka z desek na dwóch mocnych słupkach. E otwiera ją i zamyka; ogrodzony teren potrzebuje furtki, żeby stać się pastwiskiem.",太い杭2本のあいだの板張りの扉。Eで開け閉めできる。囲った柵を放牧地にするには扉がひとつ必要。,튼튼한 말뚝 둘 사이의 판자 문. E로 여닫아요. 울타리를 두른 땅이 목초지가 되려면 문이 하나 있어야 해요.,两根粗桩之间的木板门。按 E 开关；围起来的栅栏要有一扇门，才算牧场。,兩根粗樁之間的木板門。按 E 開關；圍起來的柵欄要有一扇門，才算牧場。
ITEM_LANTERN_POST,Lantern Post,Fener Direği,Laternenpfahl,Poste con farol,Poteau à lanterne,Palo con lanterna,Poste de lampião,Столб с фонарём,Słup z latarnią,ランタン柱,등불 기둥,灯柱,燈柱
DESC_LANTERN_POST,A tall post with an oil lantern. It lights itself at dusk and goes out at dawn; no wolf comes within 8 metres of its light.,"Tepesinde gaz feneri asılı uzun bir direk. Akşam olunca kendiliğinden yanar, sabah söner; ışığına 8 metreden fazla hiçbir kurt yaklaşamaz.",Ein hoher Pfahl mit einer Öllaterne. Sie geht in der Dämmerung von selbst an und am Morgen aus; kein Wolf kommt näher als 8 Meter an ihr Licht.,Un poste alto con un farol de aceite. Se enciende solo al anochecer y se apaga al alba; ningún lobo se acerca a menos de 8 metros de su luz.,Un haut poteau avec une lanterne à huile. Elle s'allume toute seule au crépuscule et s'éteint à l'aube ; aucun loup n'approche à moins de 8 mètres de sa lumière.,Un palo alto con una lanterna a olio. Si accende da sola al tramonto e si spegne all'alba; nessun lupo si avvicina a meno di 8 metri dalla sua luce.,Um poste alto com um lampião a óleo. Acende sozinho ao anoitecer e apaga ao amanhecer; nenhum lobo chega a menos de 8 metros da luz dele.,Высокий столб с масляным фонарём. Сам зажигается в сумерках и гаснет на рассвете; ни один волк не подойдёт к его свету ближе чем на 8 метров.,Wysoki słup z lampą oliwną. Sama zapala się o zmierzchu i gaśnie o świcie; żaden wilk nie podejdzie do jej światła bliżej niż na 8 metrów.,オイルランタンを下げた高い柱。夕暮れにひとりでに灯り、夜明けに消える。その明かりの8メートル以内にオオカミは近づかない。,기름 등불을 매단 높은 기둥. 해 질 녘에 저절로 켜지고 새벽에 꺼져요. 그 불빛 8미터 안으로는 늑대가 다가오지 못해요.,挂着油灯的高木桩。黄昏自己点亮，天亮自己熄灭；狼不敢靠近灯光 8 米以内。,掛著油燈的高木樁。黃昏自己點亮，天亮自己熄滅；狼不敢靠近燈光 8 公尺以內。
ACTION_HOLD_PICK_UP,HOLD: TAKE UP,BASILI TUT: SÖK,HALTEN: ABBAUEN,MANTENER: QUITAR,MAINTENIR : RETIRER,TIENI PREMUTO: TOGLI,SEGURAR: RETIRAR,УДЕРЖИВАТЬ: СНЯТЬ,PRZYTRZYMAJ: ZDEJMIJ,長押し：取り外す,길게 누르기: 걷어내기,按住：拆下,按住：拆下
HINT_FENCE_HOLD,Hold E to take it up,Sökmek için E'yi basılı tut,"E halten, um es abzubauen",Mantén E para quitarlo,Maintiens E pour le retirer,Tieni premuto E per toglierlo,Segure E para retirar,"Удерживай E, чтобы снять","Przytrzymaj E, żeby zdjąć",Eを長押しで取り外す,E를 길게 눌러 걷어내기,按住 E 拆下,按住 E 拆下
PROGRESS_FENCE_PICKUP,Taking it up...,Sökülüyor...,Abbauen...,Quitando...,Retrait...,Rimozione...,Retirando...,Снимаем...,Zdejmowanie...,取り外し中...,걷어내는 중...,拆下中……,拆下中……
HINT_FENCE_RUN,Hold LMB and walk: a run goes up,SOL TIK'ı basılı tutup yürü: sıra sıra dizilir,LMT halten und gehen: eine Reihe entsteht,Mantén CLIC IZQ. y camina: se tiende una hilera,Maintiens CLIC G et marche : une rangée se pose,Tieni premuto CLIC SX e cammina: si posa una fila,Segure CLIQUE ESQ. e ande: uma fileira sobe,Удерживай ЛКМ и иди: встанет целый ряд,Przytrzymaj LPM i idź: stanie cały rząd,左クリックを押したまま歩くと一列に並ぶ,좌클릭을 누른 채 걸으면 줄지어 세워져요,按住左键往前走：排成一行,按住左鍵往前走：排成一列
HINT_LANTERN_LIT,Burning: no wolf comes within 8 m,Yanıyor: kurt 8 metreden fazla yaklaşamaz,Brennt: Kein Wolf kommt näher als 8 m,Encendido: ningún lobo se acerca a menos de 8 m,Allumée : aucun loup n'approche à moins de 8 m,Accesa: nessun lupo si avvicina a meno di 8 m,Aceso: nenhum lobo chega a menos de 8 m,Горит: волк не подойдёт ближе 8 м,Pali się: żaden wilk nie podejdzie bliżej niż 8 m,点灯中：オオカミは8メートル以内に近づかない,켜짐: 늑대가 8미터 안으로 못 와요,亮着：狼不敢靠近 8 米以内,亮著：狼不敢靠近 8 公尺以內
HINT_LANTERN_DUSK,Lights itself at dusk,Akşam olunca kendiliğinden yanar,Geht in der Dämmerung von selbst an,Se enciende solo al anochecer,S'allume toute seule au crépuscule,Si accende da sola al tramonto,Acende sozinho ao anoitecer,Сам зажигается в сумерках,Zapala się sama o zmierzchu,夕暮れにひとりでに灯る,해 질 녘에 저절로 켜져요,黄昏时自己点亮,黃昏時自己點亮
MSG_FENCE_FARM_ONLY,"Fences go on the farm's open land, off the road.","Çit, çiftliğin açık arazisine dizilir; yola olmaz.","Zäune gehören aufs freie Hofgelände, nicht an die Straße.","Las vallas van en el terreno abierto de la granja, no en la carretera.","Les clôtures se posent sur les terres dégagées de la ferme, pas sur la route.","I recinti vanno sul terreno aperto della fattoria, non sulla strada.","Cerca é no terreno aberto da fazenda, não na estrada.","Забор ставят на открытой земле фермы, не у дороги.","Płot stawia się na otwartym terenie gospodarstwa, nie przy drodze.",柵は農場の開けた土地に立てる。道路には立てられない。,울타리는 농장의 트인 땅에 세워요. 길에는 안 돼요.,栅栏要立在农场的空地上，不能立在公路上。,柵欄要立在農場的空地上，不能立在公路上。
MSG_FENCE_STEP_BACK,Step back: you're standing where the post goes.,Biraz geri çekil: direğin yerinde duruyorsun.,"Tritt zurück: Du stehst dort, wo der Pfosten hinkommt.",Retrocede: estás donde va el poste.,Recule : tu es à la place du poteau.,Fai un passo indietro: sei dove va il palo.,Dê um passo para trás: você está no lugar do mourão.,"Отойди: ты стоишь там, где будет столб.","Cofnij się: stoisz tam, gdzie ma stanąć słupek.",少し下がって：杭を立てる場所に立っている。,조금 물러나요: 말뚝 세울 자리에 서 있어요.,退后一点：你正站在立桩的地方。,退後一點：你正站在立樁的地方。
PASTURE_NAME,Pasture,Mera,Weide,Prado,Pré,Pascolo,Pasto,Пастбище,Pastwisko,放牧地,목초지,牧场,牧場
MSG_PASTURE_RECOGNISED,%s is ready: %d m² of grazing!,%s hazır: %d m² otlak!,%s ist fertig: %d m² Weideland!,%s listo: ¡%d m² de pasto!,%s est prêt : %d m² d'herbage !,%s è pronto: %d m² di pascolo!,%s pronto: %d m² de pastagem!,%s готово: %d м² выпаса!,%s gotowe: %d m² wypasu!,%sの完成：%d m²の牧草地！,%s 완성: 풀밭 %d m²!,%s围好了：%d m² 的草场！,%s圍好了：%d m² 的草場！
MSG_PASTURE_GRAZING,%s stays to graze (%s),%s otlamaya kaldı (%s),%s bleibt zum Grasen (%s),%s se queda a pastar (%s),%s reste brouter (%s),%s resta a brucare (%s),%s fica pastando (%s),%s остаётся пастись (%s),%s zostaje na wypasie (%s),%sは草を食べに残った（%s）,"%s, 풀을 뜯으러 남았어요 (%s)",%s留下来吃草了（%s）,%s留下來吃草了（%s）
MSG_PASTURE_DUSK,"%d of your animals are still out at pasture: lead them home, or light the pasture with lantern posts. A wolf leaps a fence.",%d hayvanın hâlâ merada: eve götür ya da merayı fener direkleriyle aydınlat. Kurt çitten atlar.,%d deiner Tiere sind noch auf der Weide: Führ sie heim oder beleuchte die Weide mit Laternenpfählen. Ein Wolf springt über den Zaun.,%d de tus animales siguen en el prado: llévalos a casa o ilumina el prado con faroles. Un lobo salta la valla.,%d de tes bêtes sont encore au pré : ramène-les ou éclaire le pré avec des lanternes. Un loup saute la clôture.,%d dei tuoi animali sono ancora al pascolo: riportali a casa o illumina il pascolo con le lanterne. Un lupo salta il recinto.,%d dos seus animais ainda estão no pasto: leve-os para casa ou ilumine o pasto com lampiões. Lobo pula cerca.,На пастбище ещё %d твоих животных: отведи их домой или освети пастбище фонарями. Волк забор перепрыгнет.,Na pastwisku wciąż jest %d twoich zwierząt: zaprowadź je do domu albo oświetl pastwisko latarniami. Wilk przeskoczy płot.,まだ%d頭が放牧地にいる：連れて帰るか、ランタン柱で放牧地を照らそう。オオカミは柵を跳び越える。,아직 %d마리가 목초지에 있어요: 집으로 데려가거나 등불 기둥으로 목초지를 밝혀요. 늑대는 울타리를 뛰어넘어요.,还有 %d 头牲口在牧场上：牵回家，或者用灯柱把牧场照亮。狼会跳过栅栏。,還有 %d 頭牲口在牧場上：牽回家，或者用燈柱把牧場照亮。狼會跳過柵欄。
MSG_PASTURE_DUSK_SAFE,"%d of your animals are spending the night at pasture, in the lanterns' light.","%d hayvanın geceyi merada, fener ışığında geçiriyor.","%d deiner Tiere verbringen die Nacht auf der Weide, im Licht der Laternen.","%d de tus animales pasan la noche en el prado, a la luz de los faroles.","%d de tes bêtes passent la nuit au pré, à la lumière des lanternes.","%d dei tuoi animali passano la notte al pascolo, alla luce delle lanterne.","%d dos seus animais passam a noite no pasto, à luz dos lampiões.","%d твоих животных ночуют на пастбище, в свете фонарей.","%d twoich zwierząt spędza noc na pastwisku, w świetle latarni.",%d頭がランタンの明かりの中、放牧地で夜を過ごす。,%d마리가 등불 빛 속에서 목초지에서 밤을 보내요.,%d 头牲口在灯光下的牧场上过夜。,%d 頭牲口在燈光下的牧場上過夜。
PASTURE_GOALS_TITLE,Grandpa's notebook,Dedenin defteri,Opas Notizbuch,El cuaderno del abuelo,Le carnet de Grand-père,Il taccuino del nonno,O caderno do vovô,Дедушкина тетрадь,Notes dziadka,おじいちゃんの手帳,할아버지의 공책,爷爷的笔记本,爺爺的筆記本
MSG_PASTURE_NOTE,"Grandpa's notebook: “Animals love to graze, son. Fence them a pasture.”",Dedenin defteri: “Hayvan otlamayı sever evlat; bir mera çevir.”,"Opas Notizbuch: „Tiere grasen gern, mein Junge. Zäun ihnen eine Weide ein.“","El cuaderno del abuelo: «A los animales les gusta pastar, hijo. Cércales un prado.»","Le carnet de Grand-père : « Les bêtes aiment brouter, fiston. Clôture-leur un pré. »","Il taccuino del nonno: «Agli animali piace brucare, figliolo. Recintagli un pascolo.»","O caderno do vovô: “Bicho gosta de pastar, meu filho. Cerque um pasto para eles.”","Дедушкина тетрадь: «Скотина любит пастись, сынок. Огороди ей пастбище».","Notes dziadka: „Zwierzęta lubią się paść, synku. Ogrodź im pastwisko.”",おじいちゃんの手帳：「家畜は草を食むのが好きなんだ、坊や。放牧地を囲ってやりなさい。」,"할아버지의 공책: “짐승은 풀 뜯는 걸 좋아한단다, 얘야. 목초지를 둘러 주렴.”",爷爷的笔记本：“牲口爱吃草，孩子。给它们围一片牧场吧。”,爺爺的筆記本：「牲口愛吃草，孩子。給牠們圍一片牧場吧。」
PASTURE_GOAL_CRAFT,Make %d fence panels and %d gate at the workbench,Çalışma masasında %d çit paneli ve %d çit kapısı yap,Bau an der Werkbank %d Zaunfelder und %d Zauntor,Haz %d paneles de valla y %d portón en el banco de trabajo,Fabrique %d panneaux de clôture et %d portillon à l'établi,Costruisci %d pannelli di recinto e %d cancello al banco da lavoro,Faça %d painéis de cerca e %d porteira na bancada,Сделай на верстаке %d секций забора и %d калитку,Zrób na stole warsztatowym %d przęseł płotu i %d furtkę,作業台で柵パネル%d枚と柵の扉%d枚を作る,작업대에서 울타리 패널 %d개와 울타리 문 %d개 만들기,在工作台做 %d 块栅栏板和 %d 扇栅栏门,在工作台做 %d 塊柵欄板和 %d 扇柵欄門
PASTURE_HINT_CRAFT,Two panels take 3 wood and 2 nails; the gate 4 wood and 6 nails. The town market sells nails.,"İki panele 3 odun, 2 çivi; kapıya 4 odun, 6 çivi gider. Çiviyi kasaba marketi satar.","Zwei Felder kosten 3 Holz und 2 Nägel, das Tor 4 Holz und 6 Nägel. Nägel gibt's auf dem Stadtmarkt.","Dos paneles piden 3 de madera y 2 clavos; el portón, 4 de madera y 6 clavos. Los clavos se venden en el mercado del pueblo.","Deux panneaux demandent 3 bois et 2 clous ; le portillon, 4 bois et 6 clous. Les clous se vendent au marché du village.",Due pannelli chiedono 3 legno e 2 chiodi; il cancello 4 legno e 6 chiodi. I chiodi li vende il mercato del paese.,"Dois painéis pedem 3 madeiras e 2 pregos; a porteira, 4 madeiras e 6 pregos. O mercado da vila vende pregos.","На две секции нужно 3 древесины и 2 гвоздя, на калитку — 4 древесины и 6 гвоздей. Гвозди продаются на городском рынке.","Dwa przęsła to 3 drewna i 2 gwoździe, furtka: 4 drewna i 6 gwoździ. Gwoździe sprzedaje targ w miasteczku.",パネル2枚に木材3と釘2、扉に木材4と釘6。釘は町の市場で売っている。,"패널 둘에 목재 3, 못 2. 문에는 목재 4, 못 6. 못은 마을 시장에서 팔아요.",两块栅栏板要 3 木材、2 钉子；门要 4 木材、6 钉子。钉子镇上集市有卖。,兩塊柵欄板要 3 木材、2 釘子；門要 4 木材、6 釘子。釘子鎮上市集有賣。
PASTURE_HINT_NO_BENCH,You need a workbench first: the construction board cuts one.,Önce bir çalışma masası gerek: inşaat panosundan yaptır.,Du brauchst erst eine Werkbank: Die Bautafel fertigt eine an.,Primero necesitas un banco de trabajo: el tablón de obras te hace uno.,Il te faut d'abord un établi : le panneau de construction en prépare un.,Prima ti serve un banco da lavoro: te lo prepara la bacheca dei lavori.,Primeiro você precisa de uma bancada: o quadro de obras faz uma.,Сначала нужен верстак: его делают у доски строительства.,Najpierw potrzebny ci stół warsztatowy: zamówisz go na tablicy budowy.,まず作業台が必要：建築掲示板で作れる。,먼저 작업대가 있어야 해요: 건설 게시판에서 만들 수 있어요.,得先有工作台：在建造告示板上做一张。,得先有工作台：在建造告示板上做一張。
PASTURE_GOAL_FENCE,Set the panels out and close the loop with the gate: the posts flash green when the pasture is recognised,"Çitleri diz, kapıyla kapat: mera tanınınca direkler yeşil yanar","Setz die Felder und schließ den Ring mit dem Tor: Die Pfosten leuchten grün, sobald die Weide erkannt ist",Coloca los paneles y cierra el cercado con el portón: los postes brillan en verde cuando el prado queda reconocido,Pose les panneaux et ferme l'enclos avec le portillon : les poteaux s'allument en vert quand le pré est reconnu,Posa i pannelli e chiudi il recinto con il cancello: i pali lampeggiano di verde quando il pascolo è riconosciuto,Monte os painéis e feche o cercado com a porteira: os mourões piscam em verde quando o pasto é reconhecido,"Расставь секции и замкни круг калиткой: столбы вспыхнут зелёным, когда пастбище готово","Ustaw przęsła i zamknij ogrodzenie furtką: słupki błysną na zielono, gdy pastwisko zostanie rozpoznane",パネルを並べ、扉で囲いを閉じる：放牧地と認められると杭が緑に光る,패널을 세우고 문으로 닫기: 목초지로 인정되면 말뚝이 초록빛으로 빛나요,把栅栏板排好，用门围成一圈：牧场围成后，木桩会亮一下绿光,把柵欄板排好，用門圍成一圈：牧場圍成後，木樁會亮一下綠光
PASTURE_HINT_FENCE,A panel snaps to the last post by itself; hold LMB and walk to lay a run. It joins the barn pen's fence too. Hold E on a piece to take it up again.,Panel son direğe kendiliğinden yapışır; SOL TIK'ı basılı tutup yürürsen sıra sıra dizilir. Ahırın çitine de bağlanır. Yanlış koyduğunu E'yi basılı tutup sök.,"Ein Feld rastet von selbst am letzten Pfosten ein; halte LMT und geh los, um eine Reihe zu setzen. Es schließt auch an den Zaun des Stallgeheges an. Halte E auf einem Teil, um es wieder abzubauen.",El panel se engancha solo al último poste; mantén CLIC IZQ. y camina para tender una hilera. También se une a la valla del corral. Mantén E sobre una pieza para quitarla.,Un panneau s'accroche tout seul au dernier poteau ; maintiens CLIC G et marche pour en poser une rangée. Il se raccorde aussi à la clôture de l'enclos de l'étable. Maintiens E sur une pièce pour la retirer.,Il pannello si aggancia da solo all'ultimo palo; tieni premuto CLIC SX e cammina per posarne una fila. Si unisce anche al recinto della stalla. Tieni premuto E su un pezzo per toglierlo.,O painel se encaixa sozinho no último mourão; segure CLIQUE ESQ. e ande para montar uma fileira. Ele também se liga à cerca do curral. Segure E numa peça para retirá-la.,"Секция сама стыкуется с последним столбом; удерживай ЛКМ и иди — встанет целый ряд. Она примыкает и к ограде загона. Удерживай E на секции, чтобы снять её.","Przęsło samo łączy się z ostatnim słupkiem; przytrzymaj LPM i idź, żeby postawić rząd. Łączy się też z płotem zagrody przy oborze. Przytrzymaj E na elemencie, żeby go zdjąć.",パネルは最後の杭にひとりでにつながる。左クリックを押したまま歩けば一列に並ぶ。家畜小屋の囲いの柵にもつながる。置き間違えたらEを長押しで取り外せる。,패널은 마지막 말뚝에 저절로 붙어요. 좌클릭을 누른 채 걸으면 줄지어 세워져요. 축사 울타리에도 이어져요. 잘못 놓았으면 E를 길게 눌러 걷어내요.,栅栏板会自动接上最后一根桩；按住左键往前走就能排成一行。它也能接上畜棚围栏。放错了就按住 E 拆下。,柵欄板會自動接上最後一根樁；按住左鍵往前走就能排成一列。它也能接上畜棚圍欄。放錯了就按住 E 拆下。
PASTURE_NEEDS_FENCE,Panels up: %d · Gate %d/%d,Dizilen panel: %d · Kapı %d/%d,Gesetzte Felder: %d · Tor %d/%d,Paneles puestos: %d · Portón %d/%d,Panneaux posés : %d · Portillon %d/%d,Pannelli posati: %d · Cancello %d/%d,Painéis montados: %d · Porteira %d/%d,Секций стоит: %d · Калитка %d/%d,Ustawione przęsła: %d · Furtka %d/%d,設置したパネル：%d · 扉 %d/%d,세운 패널: %d · 문 %d/%d,已立栅栏板：%d · 门 %d/%d,已立柵欄板：%d · 門 %d/%d
PASTURE_LABEL_SPOT,A good spot for a pasture,Mera için iyi bir yer,Ein guter Platz für eine Weide,Un buen sitio para un prado,Un bon endroit pour un pré,Un buon posto per un pascolo,Um bom lugar para um pasto,Хорошее место для пастбища,Dobre miejsce na pastwisko,放牧地にちょうどいい場所,목초지로 좋은 자리,围牧场的好地方,圍牧場的好地方
PASTURE_GOAL_GRAZE,Lead your animal to the pasture on the halter (G) and let it go,Hayvanını yularla (G) meraya götür ve bırak,Führ dein Tier am Halfter (G) auf die Weide und lass es los,Lleva a tu animal al prado con el cabezal (G) y suéltalo,Mène ta bête au pré au licol (G) et lâche-la,Porta il tuo animale al pascolo con la cavezza (G) e lascialo andare,Leve seu animal ao pasto pelo cabresto (G) e solte-o,Отведи животное на пастбище на недоуздке (G) и отпусти,Zaprowadź zwierzę na pastwisko na kantarze (G) i puść je,家畜を端綱（G）で放牧地へ連れていき、放す,가축을 고삐(G)로 목초지에 데려가 놓아주기,用缰绳（G）把牲口牵到牧场，再松开,用韁繩（G）把牲口牽到牧場，再鬆開
PASTURE_HINT_GRAZE,"G puts the halter on; open the gate with E, walk in and let go with G. It stays and grazes: happier for it, and it goes to its trough less that day.","G ile yuları tak, kapıyı E ile aç, içeri gir ve G ile bırak. Merada kalıp otlar: keyfi yerine gelir, o gün yemliğe daha az gider.","G legt das Halfter an; öffne das Tor mit E, geh hinein und lass mit G los. Es bleibt und grast: Das macht es zufriedener, und es frisst an dem Tag weniger aus dem Trog.","G pone el cabezal; abre el portón con E, entra y suéltalo con G. Se queda a pastar: más contento, y ese día va menos al comedero.","G met le licol ; ouvre le portillon avec E, entre et lâche avec G. Elle reste brouter : plus contente, et ce jour-là elle va moins à la mangeoire.","G mette la cavezza; apri il cancello con E, entra e lascialo con G. Resta a brucare: è più contento e quel giorno va meno alla mangiatoia.","G põe o cabresto; abra a porteira com E, entre e solte com G. Ele fica pastando: mais contente, e nesse dia vai menos ao cocho.","G надевает недоуздок; открой калитку клавишей E, зайди и отпусти клавишей G. Животное останется пастись: ему веселее, и в этот день оно меньше ест из кормушки.","G zakłada kantar; otwórz furtkę klawiszem E, wejdź i puść klawiszem G. Zostanie i będzie się pasło: jest zadowolone i tego dnia mniej zjada z koryta.",Gで端綱をつけ、Eで扉を開けて中に入り、Gで放す。そこに残って草を食べる：機嫌がよくなり、その日は餌箱にあまり行かない。,"G로 고삐를 매고, E로 문을 열고 들어가 G로 놓아줘요. 남아서 풀을 뜯어요: 기분이 좋아지고 그날은 먹이통을 덜 찾아요.",按 G 套上缰绳；按 E 开门，走进去再按 G 松开。它会留下吃草：心情更好，当天也少吃槽里的饲料。,按 G 套上韁繩；按 E 開門，走進去再按 G 鬆開。牠會留下吃草：心情更好，當天也少吃槽裡的飼料。
PASTURE_GOAL_LANTERN,Put up a lantern post: it keeps the wolves off at night,Bir fener direği dik: geceleri kurtları uzak tutar,Stell einen Laternenpfahl auf: Er hält nachts die Wölfe fern,Planta un poste con farol: de noche mantiene lejos a los lobos,"Plante un poteau à lanterne : la nuit, il tient les loups à distance",Pianta un palo con lanterna: di notte tiene lontani i lupi,Finque um poste de lampião: à noite ele mantém os lobos longe,Поставь столб с фонарём: ночью он не подпускает волков,Postaw słup z latarnią: nocą trzyma wilki z daleka,ランタン柱を立てる：夜、オオカミを遠ざけてくれる,등불 기둥 세우기: 밤에 늑대를 멀리 쫓아 줘요,立一根灯柱：夜里能把狼挡在远处,立一根燈柱：夜裡能把狼擋在遠處
PASTURE_HINT_LANTERN_CRAFT,"Made at the workbench: 3 wood, 1 iron ore and 1 rope.","Çalışma masasında yapılır: 3 odun, 1 demir cevheri, 1 ip.","Entsteht an der Werkbank: 3 Holz, 1 Eisenerz und 1 Seil.","Se hace en el banco de trabajo: 3 de madera, 1 mineral de hierro y 1 cuerda.","Se fabrique à l'établi : 3 bois, 1 minerai de fer et 1 corde.","Si costruisce al banco da lavoro: 3 legno, 1 minerale di ferro e 1 corda.","Feito na bancada: 3 madeiras, 1 minério de ferro e 1 corda.","Делается на верстаке: 3 древесины, 1 железная руда и 1 верёвка.","Powstaje na stole warsztatowym: 3 drewna, 1 ruda żelaza i 1 lina.",作業台で作れる：木材3、鉄鉱石1、ロープ1。,"작업대에서 만들어요: 목재 3, 철광석 1, 밧줄 1.",在工作台制作：3 木材、1 铁矿石、1 绳子。,在工作台製作：3 木材、1 鐵礦石、1 繩子。
PASTURE_HINT_LANTERN,It lights itself at dusk and no wolf comes within 8 m. A pasture lit to its every corner is safe through the night.,Akşam kendiliğinden yanar; kurt 8 metreden fazla yaklaşamaz. Her köşesi ışıkta kalan mera gece boyunca güvendedir.,"Sie geht in der Dämmerung von selbst an, und kein Wolf kommt näher als 8 m. Eine bis in jede Ecke beleuchtete Weide ist die ganze Nacht sicher.",Se enciende solo al anochecer y ningún lobo se acerca a menos de 8 m. Un prado iluminado hasta el último rincón está a salvo toda la noche.,Elle s'allume toute seule au crépuscule et aucun loup n'approche à moins de 8 m. Un pré éclairé jusque dans ses coins est sûr toute la nuit.,Si accende da sola al tramonto e nessun lupo si avvicina a meno di 8 m. Un pascolo illuminato fino all'ultimo angolo è al sicuro tutta la notte.,Acende sozinho ao anoitecer e nenhum lobo chega a menos de 8 m. Um pasto iluminado até o último canto fica seguro a noite toda.,"Сам зажигается в сумерках, и волк не подойдёт ближе 8 м. Пастбище, освещённое до каждого угла, безопасно всю ночь.",Zapala się sama o zmierzchu i żaden wilk nie podejdzie bliżej niż 8 m. Pastwisko oświetlone po każdy róg jest bezpieczne przez całą noc.,夕暮れにひとりでに灯り、オオカミは8メートル以内に近づかない。すみずみまで照らされた放牧地は一晩じゅう安全。,해 질 녘에 저절로 켜지고 늑대가 8미터 안으로 못 와요. 구석구석 불빛이 닿는 목초지는 밤새 안전해요.,黄昏自己点亮，狼不敢靠近 8 米以内。每个角落都照得到的牧场，整夜都安全。,黃昏自己點亮，狼不敢靠近 8 公尺以內。每個角落都照得到的牧場，整夜都安全。
MSG_PASTURE_GOALS_DONE,"Grandpa's notebook: “Now the land is yours, son. Fence it as your heart tells you.”",Dedenin defteri: “Artık toprak senin evlat; gönlünce çevir.”,"Opas Notizbuch: „Jetzt gehört das Land dir, mein Junge. Zäun es ein, wie dein Herz es dir sagt.“","El cuaderno del abuelo: «Ahora la tierra es tuya, hijo. Cércala como te diga el corazón.»","Le carnet de Grand-père : « Maintenant la terre est à toi, fiston. Clôture-la comme ton cœur te le dit. »","Il taccuino del nonno: «Adesso la terra è tua, figliolo. Recintala come ti dice il cuore.»","O caderno do vovô: “Agora a terra é sua, meu filho. Cerque como o coração mandar.”","Дедушкина тетрадь: «Теперь земля твоя, сынок. Огораживай, как сердце подскажет».","Notes dziadka: „Teraz ziemia jest twoja, synku. Grodź ją tak, jak serce ci podpowie.”",おじいちゃんの手帳：「もうこの土地はおまえのものだ、坊や。心のままに囲いなさい。」,"할아버지의 공책: “이제 이 땅은 네 것이란다, 얘야. 마음 가는 대로 둘러 보렴.”",爷爷的笔记本：“现在这片地是你的了，孩子。照你的心意去围吧。”,爺爺的筆記本：「現在這片地是你的了，孩子。照你的心意去圍吧。」
COLOR_BRICK,brick red,kiremit kırmızısı,Ziegelrot,rojo teja,rouge brique,rosso mattone,vermelho-telha,кирпично-красный,ceglasta czerwień,れんが色,벽돌색,砖红色,磚紅色
ITEM_PAINT_BRICK,Paint (Brick Red),Boya (Kiremit Kırmızısı),Farbe (Ziegelrot),Pintura (rojo teja),Peinture (rouge brique),Vernice (rosso mattone),Tinta (vermelho-telha),Краска: кирпично-красный,Farba (ceglasta czerwień),ペンキ（れんが色）,페인트 (벽돌색),油漆（砖红色）,油漆（磚紅色）
DESC_PAINT_BRICK,"A can of paint and a brush. Hold it and left-click your house (E: its trim), a coop, the doghouse, the mailbox or the name board's frame. One can a coat.","Bir kutu boya ve bir fırça. Eline al; evine (E: pervazlar), kümese, köpek kulübesine, mektup kutusuna ya da tabelanın çerçevesine sol tıkla. Her kutu bir kat.","Eine Dose Farbe mit Pinsel. Nimm sie in die Hand und klick links auf dein Haus (E: die Rahmen), einen Stall, die Hundehütte, den Briefkasten oder den Schildrahmen. Eine Dose pro Anstrich.","Un bote de pintura con su brocha. Con él en la mano, haz clic izquierdo en tu casa (E: los marcos), un gallinero, la caseta del perro, el buzón o el marco del letrero. Un bote por mano.","Un pot de peinture et son pinceau. Pot en main, clic gauche sur ta maison (E : les boiseries), un poulailler, la niche, la boîte aux lettres ou le cadre de l'enseigne. Un pot par couche.","Un barattolo di vernice con il pennello. Tienilo in mano e fai clic sinistro sulla casa (E: gli infissi), un pollaio, la cuccia, la cassetta delle lettere o la cornice dell'insegna. Un barattolo per mano.","Uma lata de tinta com pincel. Com ela na mão, clique com o esquerdo na casa (E: os caixilhos), num galinheiro, na casinha do cachorro, na caixa de correio ou na moldura da placa. Uma lata por demão.","Банка краски с кистью. Возьми её в руки и щёлкни ЛКМ по дому (E — наличники), курятнику, будке, почтовому ящику или раме вывески. Одна банка на один слой.","Puszka farby z pędzlem. Weź ją do ręki i kliknij LPM dom (E: framugi), kurnik, budę, skrzynkę na listy albo ramę szyldu. Jedna puszka na jedną warstwę.",ペンキ一缶とはけ。手に持って、家（E：窓枠）、鶏小屋、犬小屋、郵便受け、看板の枠を左クリック。一缶で一回塗れる。,"페인트 한 통과 붓. 손에 들고 집(E: 창틀), 닭장, 개집, 우편함, 간판 테두리를 좌클릭하세요. 한 통에 한 번 칠해요.",一罐油漆和一把刷子。拿在手里，左键点击房子（E：门窗框）、鸡舍、狗屋、信箱或招牌边框。一罐刷一遍。,一罐油漆和一把刷子。拿在手裡，左鍵點擊房子（E：門窗框）、雞舍、狗屋、信箱或招牌邊框。一罐刷一遍。
COLOR_SAGE,almond green,çağla yeşili,Mandelgrün,verde almendra,vert amande,verde mandorla,verde-amêndoa,миндально-зелёный,migdałowa zieleń,若草色,연두색,杏仁绿,杏仁綠
ITEM_PAINT_SAGE,Paint (Almond Green),Boya (Çağla Yeşili),Farbe (Mandelgrün),Pintura (verde almendra),Peinture (vert amande),Vernice (verde mandorla),Tinta (verde-amêndoa),Краска: миндально-зелёный,Farba (migdałowa zieleń),ペンキ（若草色）,페인트 (연두색),油漆（杏仁绿）,油漆（杏仁綠）
DESC_PAINT_SAGE,"A can of paint and a brush. Hold it and left-click your house (E: its trim), a coop, the doghouse, the mailbox or the name board's frame. One can a coat.","Bir kutu boya ve bir fırça. Eline al; evine (E: pervazlar), kümese, köpek kulübesine, mektup kutusuna ya da tabelanın çerçevesine sol tıkla. Her kutu bir kat.","Eine Dose Farbe mit Pinsel. Nimm sie in die Hand und klick links auf dein Haus (E: die Rahmen), einen Stall, die Hundehütte, den Briefkasten oder den Schildrahmen. Eine Dose pro Anstrich.","Un bote de pintura con su brocha. Con él en la mano, haz clic izquierdo en tu casa (E: los marcos), un gallinero, la caseta del perro, el buzón o el marco del letrero. Un bote por mano.","Un pot de peinture et son pinceau. Pot en main, clic gauche sur ta maison (E : les boiseries), un poulailler, la niche, la boîte aux lettres ou le cadre de l'enseigne. Un pot par couche.","Un barattolo di vernice con il pennello. Tienilo in mano e fai clic sinistro sulla casa (E: gli infissi), un pollaio, la cuccia, la cassetta delle lettere o la cornice dell'insegna. Un barattolo per mano.","Uma lata de tinta com pincel. Com ela na mão, clique com o esquerdo na casa (E: os caixilhos), num galinheiro, na casinha do cachorro, na caixa de correio ou na moldura da placa. Uma lata por demão.","Банка краски с кистью. Возьми её в руки и щёлкни ЛКМ по дому (E — наличники), курятнику, будке, почтовому ящику или раме вывески. Одна банка на один слой.","Puszka farby z pędzlem. Weź ją do ręki i kliknij LPM dom (E: framugi), kurnik, budę, skrzynkę na listy albo ramę szyldu. Jedna puszka na jedną warstwę.",ペンキ一缶とはけ。手に持って、家（E：窓枠）、鶏小屋、犬小屋、郵便受け、看板の枠を左クリック。一缶で一回塗れる。,"페인트 한 통과 붓. 손에 들고 집(E: 창틀), 닭장, 개집, 우편함, 간판 테두리를 좌클릭하세요. 한 통에 한 번 칠해요.",一罐油漆和一把刷子。拿在手里，左键点击房子（E：门窗框）、鸡舍、狗屋、信箱或招牌边框。一罐刷一遍。,一罐油漆和一把刷子。拿在手裡，左鍵點擊房子（E：門窗框）、雞舍、狗屋、信箱或招牌邊框。一罐刷一遍。
COLOR_SKY,sky blue,gök mavisi,Himmelblau,azul cielo,bleu ciel,azzurro cielo,azul-celeste,небесно-голубой,błękit nieba,空色,하늘색,天蓝色,天藍色
ITEM_PAINT_SKY,Paint (Sky Blue),Boya (Gök Mavisi),Farbe (Himmelblau),Pintura (azul cielo),Peinture (bleu ciel),Vernice (azzurro cielo),Tinta (azul-celeste),Краска: небесно-голубой,Farba (błękit nieba),ペンキ（空色）,페인트 (하늘색),油漆（天蓝色）,油漆（天藍色）
DESC_PAINT_SKY,"A can of paint and a brush. Hold it and left-click your house (E: its trim), a coop, the doghouse, the mailbox or the name board's frame. One can a coat.","Bir kutu boya ve bir fırça. Eline al; evine (E: pervazlar), kümese, köpek kulübesine, mektup kutusuna ya da tabelanın çerçevesine sol tıkla. Her kutu bir kat.","Eine Dose Farbe mit Pinsel. Nimm sie in die Hand und klick links auf dein Haus (E: die Rahmen), einen Stall, die Hundehütte, den Briefkasten oder den Schildrahmen. Eine Dose pro Anstrich.","Un bote de pintura con su brocha. Con él en la mano, haz clic izquierdo en tu casa (E: los marcos), un gallinero, la caseta del perro, el buzón o el marco del letrero. Un bote por mano.","Un pot de peinture et son pinceau. Pot en main, clic gauche sur ta maison (E : les boiseries), un poulailler, la niche, la boîte aux lettres ou le cadre de l'enseigne. Un pot par couche.","Un barattolo di vernice con il pennello. Tienilo in mano e fai clic sinistro sulla casa (E: gli infissi), un pollaio, la cuccia, la cassetta delle lettere o la cornice dell'insegna. Un barattolo per mano.","Uma lata de tinta com pincel. Com ela na mão, clique com o esquerdo na casa (E: os caixilhos), num galinheiro, na casinha do cachorro, na caixa de correio ou na moldura da placa. Uma lata por demão.","Банка краски с кистью. Возьми её в руки и щёлкни ЛКМ по дому (E — наличники), курятнику, будке, почтовому ящику или раме вывески. Одна банка на один слой.","Puszka farby z pędzlem. Weź ją do ręki i kliknij LPM dom (E: framugi), kurnik, budę, skrzynkę na listy albo ramę szyldu. Jedna puszka na jedną warstwę.",ペンキ一缶とはけ。手に持って、家（E：窓枠）、鶏小屋、犬小屋、郵便受け、看板の枠を左クリック。一缶で一回塗れる。,"페인트 한 통과 붓. 손에 들고 집(E: 창틀), 닭장, 개집, 우편함, 간판 테두리를 좌클릭하세요. 한 통에 한 번 칠해요.",一罐油漆和一把刷子。拿在手里，左键点击房子（E：门窗框）、鸡舍、狗屋、信箱或招牌边框。一罐刷一遍。,一罐油漆和一把刷子。拿在手裡，左鍵點擊房子（E：門窗框）、雞舍、狗屋、信箱或招牌邊框。一罐刷一遍。
COLOR_CREAM,cream,krem,Creme,crema,crème,crema,creme,кремовый,kremowy,クリーム色,크림색,奶油色,奶油色
ITEM_PAINT_CREAM,Paint (Cream),Boya (Krem),Farbe (Creme),Pintura (crema),Peinture (crème),Vernice (crema),Tinta (creme),Краска: кремовый,Farba (kremowy),ペンキ（クリーム色）,페인트 (크림색),油漆（奶油色）,油漆（奶油色）
DESC_PAINT_CREAM,"A can of paint and a brush. Hold it and left-click your house (E: its trim), a coop, the doghouse, the mailbox or the name board's frame. One can a coat.","Bir kutu boya ve bir fırça. Eline al; evine (E: pervazlar), kümese, köpek kulübesine, mektup kutusuna ya da tabelanın çerçevesine sol tıkla. Her kutu bir kat.","Eine Dose Farbe mit Pinsel. Nimm sie in die Hand und klick links auf dein Haus (E: die Rahmen), einen Stall, die Hundehütte, den Briefkasten oder den Schildrahmen. Eine Dose pro Anstrich.","Un bote de pintura con su brocha. Con él en la mano, haz clic izquierdo en tu casa (E: los marcos), un gallinero, la caseta del perro, el buzón o el marco del letrero. Un bote por mano.","Un pot de peinture et son pinceau. Pot en main, clic gauche sur ta maison (E : les boiseries), un poulailler, la niche, la boîte aux lettres ou le cadre de l'enseigne. Un pot par couche.","Un barattolo di vernice con il pennello. Tienilo in mano e fai clic sinistro sulla casa (E: gli infissi), un pollaio, la cuccia, la cassetta delle lettere o la cornice dell'insegna. Un barattolo per mano.","Uma lata de tinta com pincel. Com ela na mão, clique com o esquerdo na casa (E: os caixilhos), num galinheiro, na casinha do cachorro, na caixa de correio ou na moldura da placa. Uma lata por demão.","Банка краски с кистью. Возьми её в руки и щёлкни ЛКМ по дому (E — наличники), курятнику, будке, почтовому ящику или раме вывески. Одна банка на один слой.","Puszka farby z pędzlem. Weź ją do ręki i kliknij LPM dom (E: framugi), kurnik, budę, skrzynkę na listy albo ramę szyldu. Jedna puszka na jedną warstwę.",ペンキ一缶とはけ。手に持って、家（E：窓枠）、鶏小屋、犬小屋、郵便受け、看板の枠を左クリック。一缶で一回塗れる。,"페인트 한 통과 붓. 손에 들고 집(E: 창틀), 닭장, 개집, 우편함, 간판 테두리를 좌클릭하세요. 한 통에 한 번 칠해요.",一罐油漆和一把刷子。拿在手里，左键点击房子（E：门窗框）、鸡舍、狗屋、信箱或招牌边框。一罐刷一遍。,一罐油漆和一把刷子。拿在手裡，左鍵點擊房子（E：門窗框）、雞舍、狗屋、信箱或招牌邊框。一罐刷一遍。
COLOR_MUSTARD,mustard,hardal,Senfgelb,mostaza,moutarde,senape,mostarda,горчичный,musztardowy,からし色,겨자색,芥末黄,芥末黃
ITEM_PAINT_MUSTARD,Paint (Mustard),Boya (Hardal),Farbe (Senfgelb),Pintura (mostaza),Peinture (moutarde),Vernice (senape),Tinta (mostarda),Краска: горчичный,Farba (musztardowy),ペンキ（からし色）,페인트 (겨자색),油漆（芥末黄）,油漆（芥末黃）
DESC_PAINT_MUSTARD,"A can of paint and a brush. Hold it and left-click your house (E: its trim), a coop, the doghouse, the mailbox or the name board's frame. One can a coat.","Bir kutu boya ve bir fırça. Eline al; evine (E: pervazlar), kümese, köpek kulübesine, mektup kutusuna ya da tabelanın çerçevesine sol tıkla. Her kutu bir kat.","Eine Dose Farbe mit Pinsel. Nimm sie in die Hand und klick links auf dein Haus (E: die Rahmen), einen Stall, die Hundehütte, den Briefkasten oder den Schildrahmen. Eine Dose pro Anstrich.","Un bote de pintura con su brocha. Con él en la mano, haz clic izquierdo en tu casa (E: los marcos), un gallinero, la caseta del perro, el buzón o el marco del letrero. Un bote por mano.","Un pot de peinture et son pinceau. Pot en main, clic gauche sur ta maison (E : les boiseries), un poulailler, la niche, la boîte aux lettres ou le cadre de l'enseigne. Un pot par couche.","Un barattolo di vernice con il pennello. Tienilo in mano e fai clic sinistro sulla casa (E: gli infissi), un pollaio, la cuccia, la cassetta delle lettere o la cornice dell'insegna. Un barattolo per mano.","Uma lata de tinta com pincel. Com ela na mão, clique com o esquerdo na casa (E: os caixilhos), num galinheiro, na casinha do cachorro, na caixa de correio ou na moldura da placa. Uma lata por demão.","Банка краски с кистью. Возьми её в руки и щёлкни ЛКМ по дому (E — наличники), курятнику, будке, почтовому ящику или раме вывески. Одна банка на один слой.","Puszka farby z pędzlem. Weź ją do ręki i kliknij LPM dom (E: framugi), kurnik, budę, skrzynkę na listy albo ramę szyldu. Jedna puszka na jedną warstwę.",ペンキ一缶とはけ。手に持って、家（E：窓枠）、鶏小屋、犬小屋、郵便受け、看板の枠を左クリック。一缶で一回塗れる。,"페인트 한 통과 붓. 손에 들고 집(E: 창틀), 닭장, 개집, 우편함, 간판 테두리를 좌클릭하세요. 한 통에 한 번 칠해요.",一罐油漆和一把刷子。拿在手里，左键点击房子（E：门窗框）、鸡舍、狗屋、信箱或招牌边框。一罐刷一遍。,一罐油漆和一把刷子。拿在手裡，左鍵點擊房子（E：門窗框）、雞舍、狗屋、信箱或招牌邊框。一罐刷一遍。
COLOR_FOREST,deep green,koyu yeşil,Dunkelgrün,verde oscuro,vert foncé,verde scuro,verde-escuro,тёмно-зелёный,ciemna zieleń,深緑,짙은 초록,深绿色,深綠色
ITEM_PAINT_FOREST,Paint (Deep Green),Boya (Koyu Yeşil),Farbe (Dunkelgrün),Pintura (verde oscuro),Peinture (vert foncé),Vernice (verde scuro),Tinta (verde-escuro),Краска: тёмно-зелёный,Farba (ciemna zieleń),ペンキ（深緑）,페인트 (짙은 초록),油漆（深绿色）,油漆（深綠色）
DESC_PAINT_FOREST,"A can of paint and a brush. Hold it and left-click your house (E: its trim), a coop, the doghouse, the mailbox or the name board's frame. One can a coat.","Bir kutu boya ve bir fırça. Eline al; evine (E: pervazlar), kümese, köpek kulübesine, mektup kutusuna ya da tabelanın çerçevesine sol tıkla. Her kutu bir kat.","Eine Dose Farbe mit Pinsel. Nimm sie in die Hand und klick links auf dein Haus (E: die Rahmen), einen Stall, die Hundehütte, den Briefkasten oder den Schildrahmen. Eine Dose pro Anstrich.","Un bote de pintura con su brocha. Con él en la mano, haz clic izquierdo en tu casa (E: los marcos), un gallinero, la caseta del perro, el buzón o el marco del letrero. Un bote por mano.","Un pot de peinture et son pinceau. Pot en main, clic gauche sur ta maison (E : les boiseries), un poulailler, la niche, la boîte aux lettres ou le cadre de l'enseigne. Un pot par couche.","Un barattolo di vernice con il pennello. Tienilo in mano e fai clic sinistro sulla casa (E: gli infissi), un pollaio, la cuccia, la cassetta delle lettere o la cornice dell'insegna. Un barattolo per mano.","Uma lata de tinta com pincel. Com ela na mão, clique com o esquerdo na casa (E: os caixilhos), num galinheiro, na casinha do cachorro, na caixa de correio ou na moldura da placa. Uma lata por demão.","Банка краски с кистью. Возьми её в руки и щёлкни ЛКМ по дому (E — наличники), курятнику, будке, почтовому ящику или раме вывески. Одна банка на один слой.","Puszka farby z pędzlem. Weź ją do ręki i kliknij LPM dom (E: framugi), kurnik, budę, skrzynkę na listy albo ramę szyldu. Jedna puszka na jedną warstwę.",ペンキ一缶とはけ。手に持って、家（E：窓枠）、鶏小屋、犬小屋、郵便受け、看板の枠を左クリック。一缶で一回塗れる。,"페인트 한 통과 붓. 손에 들고 집(E: 창틀), 닭장, 개집, 우편함, 간판 테두리를 좌클릭하세요. 한 통에 한 번 칠해요.",一罐油漆和一把刷子。拿在手里，左键点击房子（E：门窗框）、鸡舍、狗屋、信箱或招牌边框。一罐刷一遍。,一罐油漆和一把刷子。拿在手裡，左鍵點擊房子（E：門窗框）、雞舍、狗屋、信箱或招牌邊框。一罐刷一遍。
COLOR_WHITE,white,beyaz,Weiß,blanco,blanc,bianco,branco,белый,biel,白,흰색,白色,白色
ITEM_PAINT_WHITE,Paint (White),Boya (Beyaz),Farbe (Weiß),Pintura (blanco),Peinture (blanc),Vernice (bianco),Tinta (branco),Краска: белый,Farba (biel),ペンキ（白）,페인트 (흰색),油漆（白色）,油漆（白色）
DESC_PAINT_WHITE,"A can of paint and a brush. Hold it and left-click your house (E: its trim), a coop, the doghouse, the mailbox or the name board's frame. One can a coat.","Bir kutu boya ve bir fırça. Eline al; evine (E: pervazlar), kümese, köpek kulübesine, mektup kutusuna ya da tabelanın çerçevesine sol tıkla. Her kutu bir kat.","Eine Dose Farbe mit Pinsel. Nimm sie in die Hand und klick links auf dein Haus (E: die Rahmen), einen Stall, die Hundehütte, den Briefkasten oder den Schildrahmen. Eine Dose pro Anstrich.","Un bote de pintura con su brocha. Con él en la mano, haz clic izquierdo en tu casa (E: los marcos), un gallinero, la caseta del perro, el buzón o el marco del letrero. Un bote por mano.","Un pot de peinture et son pinceau. Pot en main, clic gauche sur ta maison (E : les boiseries), un poulailler, la niche, la boîte aux lettres ou le cadre de l'enseigne. Un pot par couche.","Un barattolo di vernice con il pennello. Tienilo in mano e fai clic sinistro sulla casa (E: gli infissi), un pollaio, la cuccia, la cassetta delle lettere o la cornice dell'insegna. Un barattolo per mano.","Uma lata de tinta com pincel. Com ela na mão, clique com o esquerdo na casa (E: os caixilhos), num galinheiro, na casinha do cachorro, na caixa de correio ou na moldura da placa. Uma lata por demão.","Банка краски с кистью. Возьми её в руки и щёлкни ЛКМ по дому (E — наличники), курятнику, будке, почтовому ящику или раме вывески. Одна банка на один слой.","Puszka farby z pędzlem. Weź ją do ręki i kliknij LPM dom (E: framugi), kurnik, budę, skrzynkę na listy albo ramę szyldu. Jedna puszka na jedną warstwę.",ペンキ一缶とはけ。手に持って、家（E：窓枠）、鶏小屋、犬小屋、郵便受け、看板の枠を左クリック。一缶で一回塗れる。,"페인트 한 통과 붓. 손에 들고 집(E: 창틀), 닭장, 개집, 우편함, 간판 테두리를 좌클릭하세요. 한 통에 한 번 칠해요.",一罐油漆和一把刷子。拿在手里，左键点击房子（E：门窗框）、鸡舍、狗屋、信箱或招牌边框。一罐刷一遍。,一罐油漆和一把刷子。拿在手裡，左鍵點擊房子（E：門窗框）、雞舍、狗屋、信箱或招牌邊框。一罐刷一遍。
CAT_PAINT,Paint,Boya,Farbe,Pintura,Peinture,Vernice,Tinta,Краска,Farba,ペンキ,페인트,油漆,油漆
FARM_NAME_DEFAULT,Grandpa Osman's Farm,Osman Dede Çiftliği,Opa Osmans Hof,Granja del abuelo Osman,Ferme de papi Osman,Fattoria di nonno Osman,Fazenda do Vovô Osman,Ферма дедушки Османа,Farma dziadka Osmana,オスマンじいちゃんの農場,오스만 할아버지 농장,奥斯曼爷爷的农场,奧斯曼爺爺的農場
FARM_NAME_PATTERN,%s Farm,%s Çiftliği,Hof %s,Granja %s,Ferme %s,Fattoria %s,Fazenda %s,Ферма «%s»,Farma %s,%s農場,%s 농장,%s农场,%s農場
FARM_NAME_IDEAS,Green Valley Farm|Cluck Farm|Harvest Farm|Yeşilova Farm,Yeşil Vadi Çiftliği|Gıdık Çiftliği|Bereket Çiftliği|Yeşilova Çiftliği,Hof Grüntal|Gackerhof|Erntehof|Hof Yeşilova,Granja Valle Verde|Granja Cocorocó|Granja La Cosecha|Granja Yeşilova,Ferme du Val Vert|Ferme Cot-Cot|Ferme des Moissons|Ferme de Yeşilova,Fattoria Valle Verde|Fattoria Coccodè|Fattoria del Raccolto|Fattoria Yeşilova,Fazenda Vale Verde|Fazenda Cocoricó|Fazenda Boa Colheita|Fazenda Yeşilova,Ферма «Зелёная долина»|Ферма «Ко-ко»|Ферма «Урожай»|Ферма «Ешилова»,Farma Zielona Dolina|Farma Ko-ko|Farma Urodzaj|Farma Yeşilova,緑の谷農場|コッコ農場|みのり農場|イェシロヴァ農場,초록 골짜기 농장|꼬꼬 농장|풍년 농장|예실로바 농장,绿谷农场|咯咯农场|丰收农场|耶希洛瓦农场,綠谷農場|咯咯農場|豐收農場|耶希洛瓦農場
FARM_NAME_TITLE,Name your farm,Çiftliğine bir isim ver,Gib deinem Hof einen Namen,Ponle nombre a tu granja,Donne un nom à ta ferme,Dai un nome alla tua fattoria,Dê um nome à sua fazenda,Дай имя своей ферме,Nazwij swoją farmę,農場に名前をつけよう,농장 이름을 지어 주세요,给你的农场起个名字,幫你的農場取個名字
FARM_NAME_SUB,"Grandpa's paint has long flaked off this board. Whatever you write, the whole valley will know the farm by it.","Dedenin boyası bu tabeladan çoktan dökülmüş. Ne yazarsan, bütün vadi çiftliği o isimle bilecek.",Opas Farbe ist längst von diesem Schild abgeblättert. Was du draufschreibst: Unter dem Namen kennt bald das ganze Tal den Hof.,"La pintura del abuelo se cayó hace tiempo de este letrero. Escribas lo que escribas, todo el valle conocerá la granja por ese nombre.","La peinture de grand-père s'est écaillée depuis longtemps. Quoi que tu écrives, toute la vallée connaîtra la ferme sous ce nom.","La vernice del nonno si è scrostata da un pezzo. Qualunque cosa scriverai, tutta la valle conoscerà la fattoria con quel nome.","A tinta do vovô descascou há muito tempo. O que você escrever, o vale inteiro vai conhecer a fazenda por esse nome.","Дедушкина краска давно облупилась. Что напишешь, под тем именем ферму и будет знать вся долина.","Farba dziadka dawno się złuszczyła. Cokolwiek napiszesz, pod tą nazwą cała dolina będzie znać farmę.",じいちゃんのペンキはとうにはげ落ちた。ここに書いた名前で、谷じゅうがこの農場を呼ぶことになる。,"할아버지의 페인트는 벌써 다 벗겨졌어요. 무엇을 쓰든, 골짜기 사람들 모두 농장을 그 이름으로 부를 거예요.",爷爷的油漆早就剥落了。你写下什么，整个山谷就会用这个名字称呼农场。,爺爺的油漆早就剝落了。你寫下什麼，整個山谷就會用這個名字稱呼農場。
NAME_BOARD_TITLE,Grandpa's old name board,Dedenin eski tabelası,Opas altes Hofschild,El viejo letrero del abuelo,La vieille enseigne de grand-père,La vecchia insegna del nonno,A velha placa do vovô,Старая дедушкина вывеска,Stary szyld dziadka,じいちゃんの古い看板,할아버지의 낡은 간판,爷爷的旧招牌,爺爺的舊招牌
ACTION_NAME_FARM,WRITE A NAME,İSİM YAZ,NAMEN SCHREIBEN,ESCRIBIR UN NOMBRE,ÉCRIRE UN NOM,SCRIVI UN NOME,ESCREVER UM NOME,НАПИСАТЬ ИМЯ,NAPISZ NAZWĘ,名前を書く,이름 쓰기,写上名字,寫上名字
ACTION_RENAME_FARM,CHANGE THE NAME,İSMİ DEĞİŞTİR,NAMEN ÄNDERN,CAMBIAR EL NOMBRE,CHANGER LE NOM,CAMBIA IL NOME,MUDAR O NOME,СМЕНИТЬ ИМЯ,ZMIEŃ NAZWĘ,名前を変える,이름 바꾸기,更改名字,更改名字
MSG_FARM_NAMED,The board has a fresh coat of paint: %s!,Tabela yepyeni boyandı: %s!,Das Schild trägt frische Farbe: %s!,El letrero luce pintura nueva: ¡%s!,L'enseigne est repeinte à neuf : %s !,L'insegna ha una mano di vernice fresca: %s!,A placa ganhou tinta nova: %s!,На вывеске свежая краска: %s!,Szyld ma świeżą farbę: %s!,看板を塗り直した：%s！,간판을 새로 칠했어요: %s!,招牌刷上了新漆：%s！,招牌刷上了新漆：%s！
MSG_FARM_RENAMED,The farm is now called %s,Çiftliğin yeni adı: %s,Der Hof heißt jetzt %s,La granja ahora se llama %s,La ferme s'appelle désormais %s,Ora la fattoria si chiama %s,A fazenda agora se chama %s,Теперь ферма называется %s,Farma nazywa się teraz %s,農場の新しい名前：%s,농장의 새 이름: %s,农场现在叫：%s,農場現在叫：%s
QUEST_FARM_NAME,Give your farm a name: write it on the board at the entrance (E),Çiftliğine bir isim ver: girişteki tabelaya yaz (E),Gib deinem Hof einen Namen: schreib ihn aufs Schild an der Einfahrt (E),Ponle nombre a tu granja: escríbelo en el letrero de la entrada (E),Donne un nom à ta ferme : écris-le sur l'enseigne à l'entrée (E),Dai un nome alla tua fattoria: scrivilo sull'insegna all'ingresso (E),Dê um nome à sua fazenda: escreva na placa da entrada (E),Дай ферме имя: напиши его на вывеске у въезда (E),Nazwij swoją farmę: napisz nazwę na szyldzie przy wjeździe (E),農場に名前をつけよう：入口の看板に書く（E）,농장 이름을 지어 주자: 입구의 간판에 쓰기 (E),给农场起个名字：写在入口的招牌上（E）,幫農場取個名字：寫在入口的招牌上（E）
HINT_NAME_BOARD,The old board stands where the house lane meets the track,"Eski tabela, ev yolunun toprak yola kavuştuğu yerde duruyor","Das alte Schild steht dort, wo der Hausweg auf den Feldweg trifft",El viejo letrero está donde el sendero de la casa llega al camino,La vieille enseigne se dresse là où l'allée de la maison rejoint le chemin,La vecchia insegna è dove il vialetto di casa incontra la strada sterrata,A velha placa fica onde o caminho da casa encontra a estrada de terra,"Старая вывеска стоит там, где дорожка от дома выходит на просёлок","Stary szyld stoi tam, gdzie ścieżka od domu łączy się z polną drogą",古い看板は、家からの小道が農道に出るところに立っている,낡은 간판은 집 앞 오솔길이 흙길과 만나는 곳에 서 있어요,旧招牌立在屋前小路与土路交会的地方,舊招牌立在屋前小路與土路交會的地方
ACTION_PAINT,PAINT,BOYA,STREICHEN,PINTAR,PEINDRE,DIPINGI,PINTAR,ПОКРАСИТЬ,POMALUJ,塗る,칠하기,刷漆,刷漆
ACTION_PAINT_FRAME,PAINT THE FRAME,ÇERÇEVEYİ BOYA,RAHMEN STREICHEN,PINTAR EL MARCO,PEINDRE LE CADRE,DIPINGI LA CORNICE,PINTAR A MOLDURA,ПОКРАСИТЬ РАМУ,POMALUJ RAMĘ,枠を塗る,테두리 칠하기,给边框刷漆,幫邊框刷漆
ACTION_PAINT_COOP,PAINT THE COOP,KÜMESİ BOYA,STALL STREICHEN,PINTAR EL GALLINERO,PEINDRE LE POULAILLER,DIPINGI IL POLLAIO,PINTAR O GALINHEIRO,ПОКРАСИТЬ КУРЯТНИК,POMALUJ KURNIK,鶏小屋を塗る,닭장 칠하기,给鸡舍刷漆,幫雞舍刷漆
ACTION_PAINT_WALLS,PAINT THE WALLS,DUVARLARI BOYA,WÄNDE STREICHEN,PINTAR LAS PAREDES,PEINDRE LES MURS,DIPINGI LE PARETI,PINTAR AS PAREDES,ПОКРАСИТЬ СТЕНЫ,POMALUJ ŚCIANY,壁を塗る,벽 칠하기,给墙刷漆,幫牆刷漆
ACTION_PAINT_TRIM,PAINT THE TRIM,PERVAZLARI BOYA,FENSTERRAHMEN STREICHEN,PINTAR LOS MARCOS,PEINDRE LES BOISERIES,DIPINGI GLI INFISSI,PINTAR OS CAIXILHOS,ПОКРАСИТЬ НАЛИЧНИКИ,POMALUJ FRAMUGI,窓枠を塗る,창틀 칠하기,给门窗框刷漆,幫門窗框刷漆
PROGRESS_PAINTING,Painting...,Boyanıyor...,Streichen...,Pintando...,Peinture en cours...,Verniciatura...,Pintando...,Красим...,Malowanie...,塗装中...,칠하는 중...,刷漆中……,刷漆中……
MSG_PAINTED,A fresh coat of %s. Now it looks like yours!,Taze bir kat %s. Şimdi tam senin oldu!,Ein frischer Anstrich in %s. Jetzt sieht's nach dir aus!,Una mano fresca de %s. ¡Ahora sí que es tuyo!,Une couche fraîche de %s. Voilà qui te ressemble !,Una mano fresca di %s. Ora sì che è tuo!,Uma demão fresca de %s. Agora tem a sua cara!,Свежий слой: %s. Теперь по-твоему!,Świeża warstwa: %s. Teraz to naprawdę twoje!,%sで塗りたて。すっかり自分のものになった！,새 페인트: %s. 이제 정말 내 것 같아요!,刷上了一层新的%s。这下真是你的了！,刷上了一層新的%s。這下真是你的了！
PAINT_TITLE_HOUSE,Farmhouse,Çiftlik evi,Bauernhaus,La casa,La maison,La casa,A casa,Дом,Dom,母屋,농가,农舍,農舍
HINT_PAINT_REPAIR_FIRST,Mend the house first; paint won't hold on rotten boards,Önce evi onar; çürük tahta boya tutmaz,Erst das Haus reparieren: Auf morschen Brettern hält keine Farbe,Primero arregla la casa; la pintura no agarra en tablas podridas,Répare d'abord la maison : la peinture ne tient pas sur des planches pourries,Prima ripara la casa: la vernice non tiene sulle assi marce,Conserte a casa primeiro; tinta não pega em tábua podre,Сначала почини дом: на гнилых досках краска не держится,Najpierw napraw dom: na zgniłych deskach farba się nie trzyma,先に家を直そう。腐った板にペンキはのらない,먼저 집을 고치세요. 썩은 판자에는 페인트가 붙지 않아요,先把房子修好，烂木板上刷不住漆,先把房子修好，爛木板上刷不住漆
SIDE_PAINT_TITLE,Your colours,Senin renklerin,Deine Farben,Tus colores,Tes couleurs,I tuoi colori,Suas cores,Твои цвета,Twoje kolory,自分の色,나만의 색,你的颜色,你的顏色
SIDE_GOAL_PAINT,Add some colour to your home: buy paint at the market and paint your house,Evine renk kat: marketten bir boya al ve evini boya,Bring Farbe in dein Zuhause: kauf Farbe im Markt und streich dein Haus,Dale color a tu hogar: compra pintura en el mercado y pinta tu casa,Mets de la couleur chez toi : achète de la peinture au marché et peins ta maison,Dai colore alla tua casa: compra della vernice al mercato e dipingila,Dê cor ao seu lar: compre tinta no mercado e pinte a casa,Добавь дому красок: купи краску на рынке и покрась дом,Dodaj domowi koloru: kup farbę na targu i pomaluj dom,わが家に色を：市場でペンキを買って家を塗ろう,집에 색을 입히자: 시장에서 페인트를 사서 집을 칠하기,给家添点颜色：去市场买油漆，把房子刷一刷,幫家添點顏色：去市場買油漆，把房子刷一刷
SIDE_HINT_PAINT_BUY,Yeşilova Market sells cans in seven country colours,Yeşilova Market'te yedi kır renginde boya var,Im Yeşilova Market gibt es Dosen in sieben Landfarben,Yeşilova Market vende botes en siete colores de campo,Yeşilova Market vend des pots en sept couleurs de campagne,Allo Yeşilova Market trovi barattoli in sette colori di campagna,O Yeşilova Market vende latas em sete cores do campo,В Yeşilova Market есть банки семи деревенских цветов,W Yeşilova Market są puszki w siedmiu wiejskich kolorach,Yeşilova Marketに田舎らしい七色のペンキがある,Yeşilova Market에서 시골풍 일곱 가지 색 페인트를 팔아요,Yeşilova Market 有七种乡村色的油漆,Yeşilova Market 有七種鄉村色的油漆
SIDE_HINT_PAINT_HOUSE,"Hold the can and look at the house: left click paints the walls, E the trim","Boyayı eline al, eve bak: sol tık duvarları, E pervazları boyar","Dose in die Hand, Haus ansehen: Linksklick streicht die Wände, E die Rahmen","Con el bote en la mano, mira la casa: clic izquierdo pinta las paredes, E los marcos","Pot en main, regarde la maison : clic gauche pour les murs, E pour les boiseries","Barattolo in mano, guarda la casa: clic sinistro per le pareti, E per gli infissi","Com a lata na mão, olhe para a casa: clique esquerdo pinta as paredes, E os caixilhos","Возьми банку и посмотри на дом: ЛКМ красит стены, E красит наличники","Weź puszkę i spójrz na dom: LPM maluje ściany, E framugi",缶を持って家を見る：左クリックで壁、Eで窓枠,"통을 들고 집을 보세요: 좌클릭은 벽, E는 창틀",拿着油漆看向房子：左键刷墙，E 刷门窗框,拿著油漆看向房子：左鍵刷牆，E 刷門窗框
HINT_DECOR_PLACE,"Decoration: put it down where you like (left click, R turns it); F on it takes it back","Süs eşyası: dilediğin yere koy (sol tık, R çevirir); üstünde F ile geri alırsın","Deko: stell sie hin, wo du magst (Linksklick, R dreht); F darauf nimmt sie wieder auf","Decoración: ponla donde quieras (clic izquierdo, R la gira); F sobre ella la recoge","Décoration : pose-la où tu veux (clic gauche, R la tourne) ; F dessus la reprend","Decorazione: mettila dove vuoi (clic sinistro, R la gira); F su di essa la riprende","Decoração: coloque onde quiser (clique esquerdo, R gira); F sobre ela recolhe","Украшение: поставь где хочешь (ЛКМ, R поворачивает); F на нём, чтобы забрать","Ozdoba: postaw ją, gdzie chcesz (LPM, R obraca); F na niej ją zabiera",飾り：好きな場所に置こう（左クリック、Rで回転）。Fで回収,"장식: 원하는 곳에 놓으세요 (좌클릭, R로 회전). F로 다시 챙겨요",装饰：想放哪儿就放哪儿（左键，R 旋转）；对着它按 F 收回,裝飾：想放哪兒就放哪兒（左鍵，R 旋轉）；對著它按 F 收回
ACTION_SIT,SIT DOWN,OTUR,HINSETZEN,SENTARSE,S'ASSEOIR,SIEDITI,SENTAR,ПРИСЕСТЬ,USIĄDŹ,座る,앉기,坐下,坐下
MSG_BENCH_SIT,You sit down for a moment and look out over your farm...,Bir an oturup çiftliğini seyrediyorsun...,Du setzt dich einen Moment und schaust über deinen Hof...,Te sientas un momento a contemplar tu granja...,Tu t'assieds un instant et contemples ta ferme...,Ti siedi un momento a guardare la tua fattoria...,Você se senta um instante e contempla a fazenda...,Ты присел на минутку и оглядываешь ферму...,Siadasz na chwilę i patrzysz na swoją farmę...,ひと休みして、農場をながめる…,잠시 앉아 농장을 바라봅니다...,你坐下歇一会儿，望着自己的农场……,你坐下歇一會兒，望著自己的農場……
MSG_BENCH_RESTED,That did you good: a little energy back,İyi geldi: biraz enerji topladın,Das tat gut: etwas Energie zurück,Te ha sentado bien: recuperas un poco de energía,Ça fait du bien : un peu d'énergie retrouvée,Ci voleva: recuperi un po' di energia,Fez bem: um pouco de energia de volta,Полегчало: немного сил вернулось,Dobrze ci to zrobiło: trochę energii wróciło,ひと息ついて、少し元気が戻った,개운해요: 기운이 조금 돌아왔어요,歇得真舒服：恢复了一点精力,歇得真舒服：恢復了一點精力
SAY_FARM_NAME,"%s, eh? Now that's a fine name!",%s ha? Güzel isim!,"%s, was? Schöner Name!","¿%s, eh? ¡Bonito nombre!","%s, hein ? Joli nom !","%s, eh? Bel nome!","%s, é? Belo nome!","%s, значит? Хорошее имя!","%s, co? Ładna nazwa!",%sか。いい名前だね！,%s? 이름 참 좋네요!,%s？好名字！,%s？好名字！
SAY_FARM_PAINT,I hear the old farm has fresh paint. Osman would be proud!,Eski çiftlik boyanmış diyorlar. Osman Dede görse gurur duyardı!,"Der alte Hof hat frische Farbe, hört man. Osman wäre stolz!",Dicen que la vieja granja luce pintura nueva. ¡Osman estaría orgulloso!,Il paraît que la vieille ferme est repeinte. Osman serait fier !,Dicono che la vecchia fattoria abbia colori nuovi. Osman ne sarebbe fiero!,Dizem que a velha fazenda ganhou tinta nova. O Osman ficaria orgulhoso!,"Говорят, старую ферму покрасили. Осман бы гордился!",Podobno stara farma ma świeżą farbę. Osman byłby dumny!,あの古い農場、塗り直したんだって？オスマンさんも喜ぶよ！,옛 농장을 새로 칠했다면서요. 오스만 할아버지가 뿌듯해하시겠어요!,听说老农场刷了新漆。奥斯曼会为你骄傲的！,聽說老農場刷了新漆。奧斯曼會為你驕傲的！
MAIL_TO,To: %s,Kime: %s,An: %s,Para: %s,À : %s,A: %s,Para: %s,Кому: %s,Do: %s,宛先：%s,받는 곳: %s,收件人：%s,收件人：%s
ITEM_FLOWER_POT,Flower Planter,Çiçek Saksısı,Blumenkasten,Jardinera,Jardinière,Fioriera,Floreira,Цветочный ящик,Skrzynka z kwiatami,フラワープランター,꽃 화분,花箱,花箱
DESC_FLOWER_POT,A wooden planter box. Its flowers change with the seasons.,Ahşap bir çiçek saksısı. Çiçekleri mevsimle birlikte değişir.,Ein hölzerner Blumenkasten. Seine Blumen wechseln mit den Jahreszeiten.,Una jardinera de madera. Sus flores cambian con las estaciones.,Une jardinière en bois. Ses fleurs changent au fil des saisons.,Una fioriera di legno. I suoi fiori cambiano con le stagioni.,Uma floreira de madeira. As flores mudam com as estações.,Деревянный ящик для цветов. Цветы в нём меняются по сезонам.,Drewniana skrzynka na kwiaty. Kwiaty zmieniają się z porami roku.,木のプランター。季節ごとに花が変わる。,나무 화분 상자. 계절마다 꽃이 바뀌어요.,木制花箱，花会随季节更换。,木製花箱，花會隨季節更換。
ITEM_GARDEN_BENCH,Garden Bench,Bahçe Bankı,Gartenbank,Banco de jardín,Banc de jardin,Panchina da giardino,Banco de jardim,Садовая скамейка,Ławka ogrodowa,ガーデンベンチ,정원 벤치,花园长椅,花園長椅
DESC_GARDEN_BENCH,"A slatted wooden bench. Sit down a moment (E), enjoy the view and get a little energy back.","Çıtalı ahşap bir bank. Bir an otur (E), manzaranın tadını çıkar, biraz enerji topla.","Eine Holzbank mit Latten. Setz dich kurz (E), genieß die Aussicht und tank etwas Energie.","Un banco de listones de madera. Siéntate un momento (E), disfruta de las vistas y recupera algo de energía.","Un banc en lattes de bois. Assieds-toi un instant (E), profite de la vue et reprends un peu d'énergie.","Una panchina a doghe di legno. Siediti un momento (E), goditi la vista e recupera un po' di energia.","Um banco de ripas de madeira. Sente-se um instante (E), aprecie a vista e recupere um pouco de energia.","Деревянная скамейка из реек. Присядь на минутку (E), полюбуйся видом и верни немного сил.","Drewniana ławka z listewek. Usiądź na chwilę (E), naciesz się widokiem i odzyskaj trochę energii.",木のベンチ。少し座って（E）景色を楽しめば、元気が少し戻る。,나무 살 벤치. 잠시 앉아(E) 경치를 즐기면 기운이 조금 돌아와요.,木条长椅。坐一会儿（E），看看风景，恢复一点精力。,木條長椅。坐一會兒（E），看看風景，恢復一點精力。
ITEM_SCARECROW,Scarecrow,Korkuluk,Vogelscheuche,Espantapájaros,Épouvantail,Spaventapasseri,Espantalho,Пугало,Strach na wróble,かかし,허수아비,稻草人,稻草人
DESC_SCARECROW,"Grandpa's old shirt and a straw hat on a stake. The crows aren't fooled, but he looks good in the field.","Dedenin eski gömleği ve hasır şapkası, bir kazığın üstünde. Kargalar pek yutmuyor ama tarlaya çok yakışıyor.","Opas altes Hemd und ein Strohhut auf einem Pfahl. Die Krähen fallen nicht drauf rein, aber im Feld macht er sich gut.","La vieja camisa del abuelo y un sombrero de paja en una estaca. A los cuervos no los engaña, pero queda muy bien en el campo.","La vieille chemise de grand-père et un chapeau de paille sur un piquet. Les corbeaux ne sont pas dupes, mais il a fière allure dans le champ.","La vecchia camicia del nonno e un cappello di paglia su un palo. I corvi non ci cascano, ma nel campo fa la sua figura.","A velha camisa do vovô e um chapéu de palha numa estaca. Os corvos não caem nessa, mas ele fica bem no campo.","Старая дедушкина рубаха и соломенная шляпа на шесте. Ворон не обманешь, зато в поле смотрится славно.","Stara koszula dziadka i słomkowy kapelusz na kiju. Wron nie nabierze, ale w polu wygląda świetnie.",じいちゃんの古シャツと麦わら帽子のかかし。カラスはだまされないが、畑によく似合う。,말뚝에 걸친 할아버지의 낡은 셔츠와 밀짚모자. 까마귀는 안 속지만 밭에 잘 어울려요.,木桩上套着爷爷的旧衬衫和草帽。乌鸦不上当，但立在田里挺好看。,木樁上套著爺爺的舊襯衫和草帽。烏鴉不上當，但立在田裡挺好看。
ITEM_FLAG_POLE,Flag Pole,Bayrak Direği,Fahnenmast,Mástil,Mât à fanion,Pennone,Mastro,Флагшток,Maszt z proporcem,旗ざお,깃대,旗杆,旗桿
DESC_FLAG_POLE,A white pole with a pennant in the colour you last painted with.,Beyaz bir direk; flaması en son kullandığın boyanın renginde dalgalanır.,"Ein weißer Mast mit einem Wimpel in der Farbe, mit der du zuletzt gestrichen hast.",Un mástil blanco con un banderín del último color con el que pintaste.,Un mât blanc dont le fanion prend la dernière couleur que tu as utilisée.,Un pennone bianco con un gagliardetto dell'ultimo colore che hai usato.,Um mastro branco com uma flâmula da última cor que você usou.,"Белый флагшток с вымпелом того цвета, которым ты красил в последний раз.","Biały maszt z proporcem w kolorze, którym ostatnio malowałeś.",白いポール。最後に塗った色のペナントがはためく。,흰 깃대. 마지막으로 칠한 색의 깃발이 펄럭여요.,白色旗杆，三角旗是你最近用过的油漆颜色。,白色旗桿，三角旗是你最近用過的油漆顏色。
ITEM_BIRD_BATH,Bird Bath,Kuş Banyosu,Vogeltränke,Bebedero de pájaros,Bain d'oiseaux,Vaschetta per uccelli,Bebedouro de pássaros,Купальня для птиц,Poidełko dla ptaków,バードバス,새 물그릇,鸟浴盆,鳥浴盆
DESC_BIRD_BATH,A stone bowl of water on a pedestal. A sparrow has already moved in.,Kaide üstünde taş bir su çanağı. Bir serçe çoktan yerleşmiş bile.,Eine steinerne Wasserschale auf einem Sockel. Ein Spatz ist schon eingezogen.,Un cuenco de piedra con agua sobre un pedestal. Un gorrión ya se ha instalado.,Une vasque de pierre sur un socle. Un moineau s'y est déjà installé.,Una vasca di pietra su un piedistallo. Un passero ci si è già sistemato.,Uma bacia de pedra com água num pedestal. Um pardal já se instalou.,Каменная чаша с водой на постаменте. Воробей уже поселился.,Kamienna misa z wodą na postumencie. Wróbel już się wprowadził.,台座にのった石の水鉢。もうスズメが住みついている。,받침대 위의 돌 물그릇. 참새 한 마리가 벌써 자리를 잡았어요.,石座上的石水盆，已经有只麻雀搬来了。,石座上的石水盆，已經有隻麻雀搬來了。
MSG_DECOR_TIP,"The market has things for the yard too: a planter, a bench, a scarecrow, a flag pole, a bird bath","Markette bahçen için süsler de var: çiçek saksısı, bank, korkuluk, bayrak direği, kuş banyosu","Im Markt gibt es auch Schönes für den Hof: Blumenkasten, Bank, Vogelscheuche, Fahnenmast, Vogeltränke","En el mercado también hay cosas para el patio: jardinera, banco, espantapájaros, mástil, bebedero de pájaros","Le marché a aussi de quoi décorer la cour : jardinière, banc, épouvantail, mât, bain d'oiseaux","Al mercato c'è anche qualcosa per il cortile: fioriera, panchina, spaventapasseri, pennone, vaschetta per uccelli","O mercado também tem enfeites para o quintal: floreira, banco, espantalho, mastro, bebedouro de pássaros","На рынке есть и украшения для двора: цветочный ящик, скамейка, пугало, флагшток, купальня для птиц","Na targu są też ozdoby na podwórko: skrzynka z kwiatami, ławka, strach na wróble, maszt, poidełko dla ptaków",市場には庭の飾りもある：プランター、ベンチ、かかし、旗ざお、バードバス,"시장에는 마당 장식도 있어요: 꽃 화분, 벤치, 허수아비, 깃대, 새 물그릇",市场还有装点院子的东西：花箱、长椅、稻草人、旗杆、鸟浴盆,市場還有裝點院子的東西：花箱、長椅、稻草人、旗桿、鳥浴盆
CATALOG_TAB,Catalogue,Katalog,Katalog,Catálogo,Catalogue,Catalogo,Catálogo,Каталог,Katalog,カタログ,카탈로그,商品目录,商品目錄
CATALOG_TITLE,Yeşilova Market Catalogue,Yeşilova Market Kataloğu,Katalog vom Yeşilova Market,Catálogo de Yeşilova Market,Catalogue de Yeşilova Market,Catalogo di Yeşilova Market,Catálogo do Yeşilova Market,Каталог Yeşilova Market,Katalog Yeşilova Market,Yeşilova Marketのカタログ,Yeşilova Market 카탈로그,Yeşilova Market 商品目录,Yeşilova Market 商品目錄
CATALOG_SUBTITLE,"Write it down today, it's at your door in the morning · road fee %s · the round comes at %s","Bugün yaz, sabaha kapında · yol parası %s · dağıtım saati %s","Heute aufschreiben, morgens vor der Tür · Wegegeld %s · Lieferung um %s",Apúntalo hoy y por la mañana está en tu puerta · porte %s · reparto a las %s,"Note-le aujourd'hui, c'est à ta porte au matin · port %s · tournée à %s","Scrivilo oggi, al mattino è alla tua porta · trasporto %s · consegna alle %s","Anote hoje, de manhã está na sua porta · frete %s · entrega às %s",Запиши сегодня — утром всё у твоей двери · доставка %s · привозят в %s,"Zapisz dziś, rano masz pod drzwiami · dowóz %s · dostawa o %s",今日書けば、朝には玄関先に · 配達料 %s · 配達は %s,오늘 적어 두면 아침에 문 앞에 · 배달비 %s · 배달 시각 %s,今天写好，早上送到家门口 · 运费 %s · 送货时间 %s,今天寫好，早上送到家門口 · 運費 %s · 送貨時間 %s
CATALOG_MONEY,Your money: %s,Paran: %s,Dein Geld: %s,Tu dinero: %s,Ton argent : %s,I tuoi soldi: %s,Seu dinheiro: %s,Твои деньги: %s,Twoje pieniądze: %s,所持金：%s,가진 돈: %s,你的钱：%s,你的錢：%s
CATALOG_SLIP,Order slip,Sipariş fişi,Bestellzettel,Nota de pedido,Bon de commande,Buono d'ordine,Nota do pedido,Бланк заказа,Kartka z zamówieniem,注文票,주문서,订货单,訂貨單
CATALOG_SLIP_EMPTY,Add what you need with +,Lazım olanı + ile ekle,"Füge mit + hinzu, was du brauchst",Añade lo que necesites con +,Ajoute ce qu'il te faut avec +,Aggiungi quello che ti serve con +,Adicione o que precisar com +,Добавь нужное кнопкой +,"Dodaj, czego potrzebujesz, przyciskiem +",必要なものを + で追加,필요한 것을 +로 추가하세요,用 + 添加你需要的东西,用 + 加入你需要的東西
CATALOG_FEE,Road fee,Yol parası,Wegegeld,Porte,Frais de port,Trasporto,Frete,Доставка,Dowóz,配達料,배달비,运费,運費
CATALOG_ORDER,Place the order,Sipariş ver,Bestellen,Hacer el pedido,Passer la commande,Invia l'ordine,Fazer o pedido,Заказать,Zamów,注文する,주문하기,下单,下單
CATALOG_CANCEL,Cancel (%s back),İptal et (%s iade),Stornieren (%s zurück),Cancelar (te devuelven %s),Annuler (%s remboursés),Annulla (rimborso %s),Cancelar (reembolso de %s),Отменить (вернут %s),Anuluj (zwrot %s),取り消す（%s 返金）,취소 (%s 환불),取消（退还 %s）,取消（退還 %s）
CATALOG_OPEN_ORDER,Your order,Siparişin,Deine Bestellung,Tu pedido,Ta commande,Il tuo ordine,Seu pedido,Твой заказ,Twoje zamówienie,注文中,주문한 것,你的订单,你的訂單
CATALOG_DUE_0,At your door this morning at %s,Bu sabah %s'da kapında,Heute Morgen um %s vor deiner Tür,Esta mañana a las %s en tu puerta,Ce matin à %s devant ta porte,Stamattina alle %s alla tua porta,Hoje de manhã às %s na sua porta,Этим утром в %s у твоей двери,Dziś rano o %s pod twoimi drzwiami,今朝 %s に玄関先へ,오늘 아침 %s에 문 앞으로,今早 %s 送到家门口,今早 %s 送到家門口
CATALOG_DUE_1,At your door tomorrow morning at %s,Yarın sabah %s'da kapında,Morgen früh um %s vor deiner Tür,Mañana por la mañana a las %s en tu puerta,Demain matin à %s devant ta porte,Domattina alle %s alla tua porta,Amanhã de manhã às %s na sua porta,Завтра утром в %s у твоей двери,Jutro rano o %s pod twoimi drzwiami,明日の朝 %s に玄関先へ,내일 아침 %s에 문 앞으로,明早 %s 送到家门口,明早 %s 送到家門口
CATALOG_DUE_2,At your door the morning after next at %s,Öbür sabah %s'da kapında,Übermorgen früh um %s vor deiner Tür,Pasado mañana por la mañana a las %s en tu puerta,Après-demain matin à %s devant ta porte,Dopodomani mattina alle %s alla tua porta,Depois de amanhã de manhã às %s na sua porta,Послезавтра утром в %s у твоей двери,Pojutrze rano o %s pod twoimi drzwiami,明後日の朝 %s に玄関先へ,모레 아침 %s에 문 앞으로,后天早上 %s 送到家门口,後天早上 %s 送到家門口
CATALOG_CUTOFF,You can change your mind until midnight,Gece yarısına kadar vazgeçebilirsin,Bis Mitternacht kannst du es dir anders überlegen,Puedes cambiar de idea hasta la medianoche,Tu peux changer d'avis jusqu'à minuit,Puoi ripensarci fino a mezzanotte,Você pode desistir até a meia-noite,До полуночи можно передумать,Do północy możesz się rozmyślić,真夜中までなら取り消せる,자정까지는 취소할 수 있어요,午夜前可以反悔,午夜前可以反悔
CATALOG_ON_THE_WAY,Past midnight: it's on its way,Gece yarısı geçti: sipariş yola çıktı,Nach Mitternacht: Sie ist unterwegs,Pasada la medianoche: ya va de camino,Minuit passé : elle est en route,Mezzanotte passata: è in viaggio,Passou da meia-noite: já está a caminho,Полночь прошла: заказ уже в пути,Po północy: już jest w drodze,真夜中を過ぎた：もう配達に出ている,자정이 지났어요: 이미 배달 중이에요,已过午夜：货已在路上,已過午夜：貨已在路上
CATALOG_LATE,Past midnight: it has missed tomorrow's round,Gece yarısı geçti: yarınki dağıtıma yetişmez,Nach Mitternacht: Für die Tour am Morgen ist es zu spät,Pasada la medianoche: ya no llega al reparto de mañana,Minuit passé : trop tard pour la tournée de demain,Mezzanotte passata: troppo tardi per il giro di domani,Passou da meia-noite: não dá mais para a entrega de amanhã,Полночь прошла: на завтрашний развоз уже не успеть,Po północy: na jutrzejszy kurs już za późno,真夜中を過ぎた：明日の便には間に合わない,자정이 지났어요: 내일 배달에는 늦었어요,已过午夜：赶不上明天的送货了,已過午夜：趕不上明天的送貨了
CATALOG_ONE_ORDER,One order at a time: let this one come first,Aynı anda tek sipariş: önce bu gelsin,Immer nur eine Bestellung: Erst muss diese ankommen,Un pedido cada vez: que llegue este primero,Une commande à la fois : attends d'abord celle-ci,Un ordine alla volta: prima deve arrivare questo,Um pedido por vez: espere este chegar primeiro,Только один заказ за раз: сначала дождись этого,Jedno zamówienie naraz: najpierw niech dotrze to,注文は一度にひとつ：まずこれが届いてから,주문은 한 번에 하나: 이것부터 받으세요,一次只能下一单：先等这一单送到,一次只能下一單：先等這一單送到
CATALOG_LIMIT,"A crate takes %d kinds of goods, one stack of each","Bir kasaya %d çeşit mal sığar, her birinden bir yığın","In eine Kiste passen %d Sorten, von jeder ein Stapel","En una caja caben %d tipos de género, un montón de cada uno","Une caisse contient %d sortes d'articles, une pile de chaque","In una cassa stanno %d tipi di merce, una pila di ciascuno","Numa caixa cabem %d tipos de mercadoria, uma pilha de cada","В ящик входит %d видов товара, по одной стопке каждого","W skrzyni mieści się %d rodzajów towaru, po jednym stosie",木箱に入るのは %d 種類まで、各1スタック,"상자 하나에 %d가지, 각각 한 묶음씩 들어가요",一个木箱能装 %d 种货，每种一组,一個木箱能裝 %d 種貨，每種一組
MSG_CATALOG_ORDERED,Your order will be at your door tomorrow morning,Siparişin yarın sabah kapında,Deine Bestellung steht morgen früh vor deiner Tür,Tu pedido estará mañana por la mañana en tu puerta,Ta commande sera devant ta porte demain matin,Il tuo ordine sarà alla tua porta domattina,Seu pedido estará na sua porta amanhã de manhã,Твой заказ будет у двери завтра утром,Twoje zamówienie będzie jutro rano pod drzwiami,注文は明日の朝、玄関先に届く,주문한 물건이 내일 아침 문 앞에 와요,你的订单明早送到家门口,你的訂單明早送到家門口
MSG_CATALOG_ORDERED_LATE,Past midnight: your order comes the morning after next,Gece yarısı geçti: siparişin öbür sabah kapında,Nach Mitternacht: Deine Bestellung kommt übermorgen früh,Pasada la medianoche: tu pedido llega pasado mañana por la mañana,Minuit passé : ta commande arrive après-demain matin,Mezzanotte passata: il tuo ordine arriva dopodomani mattina,Passou da meia-noite: seu pedido chega depois de amanhã de manhã,Полночь прошла: заказ привезут послезавтра утром,Po północy: zamówienie dotrze pojutrze rano,真夜中を過ぎた：注文は明後日の朝に届く,자정이 지났어요: 주문은 모레 아침에 와요,已过午夜：订单后天早上送到,已過午夜：訂單後天早上送到
MSG_CATALOG_CANCELLED,Order cancelled: %s back in your pocket,Sipariş iptal edildi: %s cebine geri döndü,Bestellung storniert: %s zurück in deiner Tasche,Pedido cancelado: %s de vuelta a tu bolsillo,Commande annulée : %s de retour dans ta poche,Ordine annullato: %s di nuovo in tasca,Pedido cancelado: %s de volta ao seu bolso,Заказ отменён: %s снова в твоём кармане,Zamówienie anulowane: %s wraca do kieszeni,注文を取り消した：%s が戻ってきた,주문 취소: %s 돌려받았어요,订单已取消：%s 已退回,訂單已取消：%s 已退回
MSG_CATALOG_DELIVERED,Your order is here: in the crate by your mailbox,Siparişin geldi: mektup kutusunun yanındaki kasada,Deine Bestellung ist da: in der Kiste neben deinem Briefkasten,Ha llegado tu pedido: está en la caja junto a tu buzón,Ta commande est arrivée : dans la caisse près de ta boîte aux lettres,Il tuo ordine è arrivato: nella cassa accanto alla cassetta delle lettere,Seu pedido chegou: está na caixa ao lado da caixa de correio,Заказ привезли: он в ящике у почтового ящика,Zamówienie dotarło: jest w skrzyni przy skrzynce na listy,注文が届いた：郵便受けのそばの木箱の中,주문이 도착했어요: 우편함 옆 상자에 있어요,你的订单到了：在信箱旁的木箱里,你的訂單到了：在信箱旁的木箱裡
MSG_CATALOG_CRATE_LEFT,Your bag is full: the rest waits in the crate,Çantan doldu: kalanlar kasada bekliyor,Deine Tasche ist voll: Der Rest wartet in der Kiste,Tu bolsa está llena: el resto espera en la caja,Ton sac est plein : le reste attend dans la caisse,La borsa è piena: il resto aspetta nella cassa,Sua bolsa está cheia: o resto espera na caixa,Сумка полна: остальное ждёт в ящике,Torba pełna: reszta czeka w skrzyni,かばんがいっぱい：残りは木箱で待っている,가방이 가득 찼어요: 나머지는 상자에 있어요,背包满了：剩下的留在木箱里,背包滿了：剩下的留在木箱裡
ACTION_OPEN_DELIVERY,Take your order,Siparişini al,Bestellung herausnehmen,Recoger tu pedido,Prendre ta commande,Prendi il tuo ordine,Pegar seu pedido,Забрать заказ,Odbierz zamówienie,注文を受け取る,주문 꺼내기,取出订单,取出訂單
UI_DELIVERY_CRATE,Delivery crate,Teslim kasası,Lieferkiste,Caja de reparto,Caisse de livraison,Cassa di consegna,Caixa de entrega,Ящик с заказом,Skrzynia z dostawą,配達の木箱,배달 상자,送货木箱,送貨木箱
ACTION_MAIL_CATALOG,Letters and catalogue,Mektuplar ve katalog,Briefe und Katalog,Cartas y catálogo,Lettres et catalogue,Lettere e catalogo,Cartas e catálogo,Письма и каталог,Listy i katalog,手紙とカタログ,편지와 카탈로그,信件和商品目录,信件和商品目錄
MAIL_CATALOG_BODY,"Good on you, neighbour: I hear a mailbox has gone up at your grandfather's farm!|Don't drive down to town for every little thing. Feed, hay, seeds, nails, rope, bait... write down what you need and it's at your door by morning.|Here's how it works: open your mailbox, turn to the Catalogue page, write your order and pay for it there. I add {fee} to each order for the road; my errand boy's bicycle doesn't run on thanks. An order written before midnight stands in a crate by your mailbox at {time} the next morning, and until midnight you can change your mind and have your money back.|For hens, tools and the bigger things I still expect you at the shop. And bring what you sell yourself: a bargain tastes best face to face.","Hayırlı olsun komşu, dedenin çiftliğine mektup kutusu dikilmiş diye duydum!|Her şey için kasabaya inme. Yem, saman, tohum, çivi, ip, olta yemi... Ne lazımsa yaz, sabaha kapında.|Usulü şöyle: mektup kutunu aç, Katalog sayfasına geç, siparişini yaz, parasını orada öde. Her siparişe {fee} yol parası ekliyorum; çırağın bisikleti teşekkürle yürümüyor. Gece yarısından önce yazdığın sipariş ertesi sabah {time}'da kutunun yanındaki kasada olur. Gece yarısına kadar vazgeçersen paran da iade.|Tavuk, alet edevat gibi büyük işler için seni yine dükkâna beklerim. Satacağın malı da kendin getir; pazarlığın tadı yüz yüze çıkar.","Glückwunsch, Nachbar: Ich höre, am Hof deines Großvaters steht jetzt ein Briefkasten!|Fahr nicht für jede Kleinigkeit in die Stadt. Futter, Heu, Saatgut, Nägel, Seil, Köder ... schreib auf, was du brauchst, und am Morgen steht es vor deiner Tür.|So geht's: Öffne deinen Briefkasten, blättere zur Seite Katalog, schreib deine Bestellung und bezahl sie gleich dort. Auf jede Bestellung schlage ich {fee} Wegegeld auf; das Fahrrad meines Laufburschen fährt nicht von Dankeschöns. Was du vor Mitternacht bestellst, steht am nächsten Morgen um {time} in einer Kiste neben deinem Briefkasten, und bis Mitternacht kannst du es dir anders überlegen und bekommst dein Geld zurück.|Für Hühner, Werkzeug und die größeren Sachen erwarte ich dich weiter im Laden. Und was du verkaufst, bring selbst vorbei: Ein Handel schmeckt am besten von Angesicht zu Angesicht.","¡Enhorabuena, vecino! Me han dicho que ya hay un buzón en la granja de tu abuelo.|No bajes al pueblo por cada cosita. Pienso, heno, semillas, clavos, cuerda, cebo... apunta lo que necesites y por la mañana lo tienes en la puerta.|Funciona así: abre tu buzón, pasa a la página Catálogo, escribe tu pedido y págalo allí mismo. A cada pedido le sumo {fee} de porte; la bicicleta de mi recadero no anda con las gracias. El pedido que escribas antes de la medianoche estará a las {time} de la mañana siguiente en una caja junto a tu buzón, y hasta la medianoche puedes cambiar de idea y recuperar tu dinero.|Para gallinas, herramientas y cosas grandes te sigo esperando en la tienda. Y lo que vendas, tráelo tú mismo: el regateo sabe mejor cara a cara.","Félicitations, voisin : il paraît qu'une boîte aux lettres a poussé à la ferme de ton grand-père !|Ne descends pas au village pour un rien. Grain, foin, graines, clous, corde, appâts... note ce qu'il te faut et c'est devant ta porte au matin.|Voici comment faire : ouvre ta boîte aux lettres, va à la page Catalogue, écris ta commande et règle-la sur place. J'ajoute {fee} de port à chaque commande ; le vélo de mon commis ne roule pas aux mercis. Une commande écrite avant minuit t'attend le lendemain matin à {time} dans une caisse près de ta boîte, et jusqu'à minuit tu peux changer d'avis et récupérer ton argent.|Pour les poules, les outils et les grosses affaires, je t'attends toujours à la boutique. Et ce que tu vends, apporte-le toi-même : un marchandage n'a de goût qu'en face à face.","Complimenti, vicino: ho saputo che alla fattoria di tuo nonno è spuntata una cassetta delle lettere!|Non scendere in paese per ogni piccolezza. Mangime, fieno, semi, chiodi, corda, esche... scrivi quello che ti serve e al mattino è alla tua porta.|Funziona così: apri la cassetta, vai alla pagina Catalogo, scrivi l'ordine e pagalo lì. A ogni ordine aggiungo {fee} per il trasporto; la bicicletta del mio garzone non va avanti a ringraziamenti. Un ordine scritto prima di mezzanotte ti aspetta la mattina dopo alle {time} in una cassa accanto alla cassetta, e fino a mezzanotte puoi ripensarci e riavere i tuoi soldi.|Per galline, attrezzi e le cose grosse ti aspetto sempre in bottega. E quello che vendi portalo tu: un affare ha più gusto a quattr'occhi.","Parabéns, vizinho: ouvi dizer que apareceu uma caixa de correio na fazenda do seu avô!|Não desça à cidade por qualquer coisinha. Ração, feno, sementes, pregos, corda, isca... anote o que precisar e de manhã está na sua porta.|Funciona assim: abra a caixa de correio, vá à página Catálogo, escreva o pedido e pague ali mesmo. Em cada pedido eu somo {fee} de frete; a bicicleta do meu ajudante não anda à base de obrigados. O pedido escrito antes da meia-noite espera você na manhã seguinte, às {time}, numa caixa ao lado da caixa de correio, e até a meia-noite você pode desistir e receber o dinheiro de volta.|Para galinhas, ferramentas e as coisas maiores, continuo esperando você na loja. E o que for vender, traga você mesmo: negócio bom se fecha olho no olho.","Поздравляю, сосед: говорят, на дедовой ферме появился почтовый ящик!|Не езди в город из-за каждой мелочи. Корм, сено, семена, гвозди, верёвка, наживка... запиши, что нужно, и утром всё будет у твоей двери.|Делается это так: открой почтовый ящик, перейди на страницу «Каталог», запиши заказ и сразу оплати. К каждому заказу я прибавляю {fee} за дорогу: велосипед моего посыльного на одном спасибо не едет. Заказ, записанный до полуночи, на следующее утро в {time} будет стоять в ящике рядом с почтовым, а до полуночи можно передумать и вернуть деньги.|За курами, инструментом и всем крупным по-прежнему жду тебя в лавке. И товар на продажу привози сам: торговаться приятнее лицом к лицу.","Gratulacje, sąsiedzie: słyszałem, że na farmie twojego dziadka stanęła skrzynka na listy!|Nie jedź do miasteczka po każdy drobiazg. Pasza, siano, nasiona, gwoździe, lina, przynęta... zapisz, czego ci trzeba, a rano masz to pod drzwiami.|Robi się to tak: otwórz skrzynkę, przejdź na stronę Katalog, zapisz zamówienie i od razu zapłać. Do każdego zamówienia doliczam {fee} za dowóz; rower mojego chłopaka na posyłki nie jeździ na samo dziękuję. Zamówienie zapisane przed północą czeka następnego ranka o {time} w skrzyni obok skrzynki na listy, a do północy możesz się rozmyślić i odzyskać pieniądze.|Po kury, narzędzia i większe rzeczy nadal czekam na ciebie w sklepie. A to, co sprzedajesz, przywieź sam: targować się najlepiej twarzą w twarz.",おめでとう、お隣さん。おじいさんの農場に郵便受けが立ったそうだね！|ちょっとした用事のたびに町まで下りてこなくていい。エサ、干し草、種、釘、ロープ、釣り餌……必要なものを書いておけば、朝には玄関先に届く。|やり方はこうだ。郵便受けを開けて「カタログ」のページへ進み、注文を書いてその場で支払う。注文ごとに配達料として{fee}をいただくよ。うちの小僧の自転車は「ありがとう」だけじゃ走らないからね。真夜中までに書いた注文は、翌朝{time}に郵便受けのそばの木箱に入っている。真夜中までなら取り消せるし、お金も返す。|ニワトリや道具、大きな買い物はこれまでどおり店で待っている。売り物も自分で持ってきておくれ。値段の話は顔を合わせてこそだ。,"축하해요, 이웃. 할아버지 농장에 우편함이 섰다는 소식 들었어요!|자잘한 것 때문에 매번 마을까지 내려오지 마세요. 사료, 건초, 씨앗, 못, 밧줄, 미끼... 필요한 걸 적어 두면 아침에 문 앞에 가 있어요.|방법은 이래요. 우편함을 열고 카탈로그 쪽으로 넘겨서 주문을 적고 그 자리에서 값을 치르면 돼요. 주문마다 배달비 {fee}를 더 받아요. 우리 심부름꾼 자전거가 고맙다는 말만으로 굴러가진 않거든요. 자정 전에 적은 주문은 다음 날 아침 {time}에 우편함 옆 상자에 놓여 있어요. 자정까지는 마음을 바꾸면 돈도 돌려드려요.|닭이나 도구 같은 큰 물건은 여전히 가게에서 기다릴게요. 팔 물건도 직접 가져오세요. 흥정은 얼굴 보고 해야 제맛이니까요.",恭喜啊，邻居：听说你爷爷的农场立起了信箱！|别为了一点小东西就往镇上跑。饲料、干草、种子、钉子、绳子、鱼饵……需要什么就写下来，早上就送到你家门口。|办法是这样：打开信箱，翻到“商品目录”那一页，写好订单，当场付钱。每份订单我加收{fee}运费，我那伙计的自行车可不是靠一句谢谢就能跑的。午夜前写好的订单，第二天早上{time}就放在信箱旁的木箱里；午夜之前你还可以反悔，钱照退。|买鸡、买工具这些大件，我还是在店里等你。要卖的东西也请你自己带来：讲价嘛，还是当面才有味道。,恭喜啊，鄰居：聽說你爺爺的農場立起了信箱！|別為了一點小東西就往鎮上跑。飼料、乾草、種子、釘子、繩子、魚餌……需要什麼就寫下來，早上就送到你家門口。|辦法是這樣：打開信箱，翻到「商品目錄」那一頁，寫好訂單，當場付錢。每份訂單我加收{fee}運費，我那夥計的腳踏車可不是靠一句謝謝就能跑的。午夜前寫好的訂單，第二天早上{time}就放在信箱旁的木箱裡；午夜之前你還可以反悔，錢照退。|買雞、買工具這些大件，我還是在店裡等你。要賣的東西也請你自己帶來：講價嘛，還是當面才有味道。
SIDE_GOAL_CATALOG_ORDER,The catalogue is here: place an order from your mailbox,Katalog geldi: mektup kutusundan bir sipariş ver,Der Katalog ist da: Gib an deinem Briefkasten eine Bestellung auf,Ha llegado el catálogo: haz un pedido desde tu buzón,Le catalogue est arrivé : passe une commande depuis ta boîte aux lettres,È arrivato il catalogo: fai un ordine dalla cassetta delle lettere,O catálogo chegou: faça um pedido pela caixa de correio,Пришёл каталог: сделай заказ через почтовый ящик,Przyszedł katalog: złóż zamówienie przy skrzynce na listy,カタログが届いた：郵便受けから注文しよう,카탈로그가 왔어요: 우편함에서 주문해 보세요,商品目录到了：在信箱下一份订单,商品目錄到了：在信箱下一份訂單
SIDE_HINT_CATALOG_ORDER,"E on the mailbox, then the Catalogue tab","Mektup kutusunda E, sonra Katalog sekmesi","E am Briefkasten, dann der Reiter Katalog",E en el buzón y luego la pestaña Catálogo,"E sur la boîte aux lettres, puis l'onglet Catalogue","E sulla cassetta delle lettere, poi la scheda Catalogo","E na caixa de correio, depois a aba Catálogo","E у почтового ящика, затем вкладка «Каталог»","E przy skrzynce na listy, potem zakładka Katalog",郵便受けでE、次に「カタログ」タブ,"우편함에서 E, 그다음 카탈로그 탭",在信箱按 E，再选“商品目录”页,在信箱按 E，再選「商品目錄」頁
SIDE_GOAL_CATALOG_COLLECT,Collect your order from the delivery crate,Siparişini teslim kasasından al,Hol deine Bestellung aus der Lieferkiste,Recoge tu pedido de la caja de reparto,Récupère ta commande dans la caisse de livraison,Ritira il tuo ordine dalla cassa di consegna,Pegue seu pedido na caixa de entrega,Забери заказ из ящика,Odbierz zamówienie ze skrzyni z dostawą,配達の木箱から注文を受け取ろう,배달 상자에서 주문을 꺼내세요,从送货木箱里取出订单,從送貨木箱裡取出訂單
SIDE_HINT_CATALOG_COLLECT,E on the crate beside your mailbox,Mektup kutusunun yanındaki kasada E,E an der Kiste neben deinem Briefkasten,E en la caja junto a tu buzón,E sur la caisse à côté de ta boîte aux lettres,E sulla cassa accanto alla cassetta delle lettere,E na caixa ao lado da caixa de correio,E у ящика рядом с почтовым ящиком,E przy skrzyni obok skrzynki na listy,郵便受けのそばの木箱でE,우편함 옆 상자에서 E,在信箱旁的木箱按 E,在信箱旁的木箱按 E
SIDE_DONE_CATALOG_ORDER,Your order will be at your door tomorrow morning,Siparişin yarın sabah kapında,Deine Bestellung steht morgen früh vor deiner Tür,Tu pedido estará mañana por la mañana en tu puerta,Ta commande sera devant ta porte demain matin,Il tuo ordine sarà alla tua porta domattina,Seu pedido estará na sua porta amanhã de manhã,Твой заказ будет у двери завтра утром,Twoje zamówienie będzie jutro rano pod drzwiami,注文は明日の朝、玄関先に届く,주문한 물건이 내일 아침 문 앞에 와요,你的订单明早送到家门口,你的訂單明早送到家門口
SIDE_DONE_CATALOG_COLLECT,You collected your order,Siparişini teslim aldın,Du hast deine Bestellung abgeholt,Has recogido tu pedido,Tu as récupéré ta commande,Hai ritirato il tuo ordine,Você pegou seu pedido,Ты забрал заказ,Zamówienie odebrane,注文を受け取った,주문을 받았어요,订单已取到,訂單已取到
REPORT_CATALOG,Catalogue orders,Katalog siparişi,Katalogbestellungen,Pedidos por catálogo,Commandes sur catalogue,Ordini da catalogo,Pedidos por catálogo,Заказы по каталогу,Zamówienia z katalogu,カタログ注文,카탈로그 주문,目录订货,目錄訂貨
FISH_GOAL_TITLE,Fishing pays,Balık para eder,Angeln lohnt sich,Pescar da dinero,"La pêche, ça paie",Pescare rende,Pescar dá dinheiro,Рыбалка кормит,Ryby to pieniądze,釣りは稼げる,낚시는 돈이 된다,钓鱼能赚钱,釣魚能賺錢
FISH_GOAL_TEXT,Catch %d fish (%d/%d),%d balık tut (%d/%d),Fang %d Fische (%d/%d),Pesca %d peces (%d/%d),Pêche %d poissons (%d/%d),Pesca %d pesci (%d/%d),Pesque %d peixes (%d/%d),Поймай %d рыб (%d/%d),Złów %d ryb (%d/%d),魚を%d匹釣ろう（%d/%d）,물고기 %d마리 잡기 (%d/%d),钓 %d 条鱼（%d/%d）,釣 %d 條魚（%d/%d）
FISH_GOAL_WHY,"Fish, big ones most of all, sell well in Yeşilova: the barn's money swims in the pond","Balık, hele irisi, Yeşilova'da iyi para eder: ahırın parası gölette yüzüyor","Fisch, vor allem großer, bringt in Yeşilova gutes Geld: Das Stallgeld schwimmt im Teich","El pescado, y más el grande, se paga bien en Yeşilova: el dinero del establo nada en el estanque","Le poisson, surtout le gros, se vend bien à Yeşilova : l'argent de l'étable nage dans l'étang","Il pesce, soprattutto grosso, si vende bene a Yeşilova: i soldi della stalla nuotano nello stagno","Peixe, ainda mais dos grandes, vende bem em Yeşilova: o dinheiro do estábulo nada no lago","Рыба, особенно крупная, хорошо идёт на рынке в Ешилове: деньги на хлев плавают в пруду","Ryby, zwłaszcza duże, dobrze się sprzedają w Yeşilova: pieniądze na oborę pływają w stawie",魚、とくに大物はイェシロヴァの市場でいい値がつく。家畜小屋の資金は池で泳いでいる,"물고기, 특히 큰 놈은 예실로바 시장에서 값을 잘 쳐줘요. 외양간 지을 돈이 연못에서 헤엄치고 있어요",鱼在耶希洛瓦市场很好卖，大鱼更值钱：盖畜棚的钱就在池塘里游着,魚在耶希洛瓦市場很好賣，大魚更值錢：蓋畜舍的錢就在池塘裡游著
FISH_GOAL_DONE,Your catch is worth %s at the market. Sell it in Yeşilova!,"Tuttuğun balıklar %s eder. Götür, Yeşilova marketinde sat!",Dein Fang ist auf dem Markt %s wert. Verkauf ihn in Yeşilova!,Tu pesca vale %s en el mercado. ¡Véndela en Yeşilova!,Ta pêche vaut %s au marché. Vends-la à Yeşilova !,La tua pesca vale %s al mercato. Vendila a Yeşilova!,Sua pescaria vale %s no mercado. Venda em Yeşilova!,Твой улов стоит на рынке %s. Продай его в Ешилове!,Twój połów jest wart na targu %s. Sprzedaj go w Yeşilova!,釣った魚は市場で%sになる。イェシロヴァで売ろう！,잡은 물고기는 시장에서 %s어치예요. 예실로바에서 팔아요!,你钓的鱼在市场能卖 %s。去耶希洛瓦卖掉吧！,你釣的魚在市場能賣 %s。去耶希洛瓦賣掉吧！
FISH_GOAL_CONTEST,"During the contest, fish caught here count for the contest only",Yarışma sürerken burada tutulan balık yalnızca yarışmaya sayılır,Während des Wettbewerbs zählen hier gefangene Fische nur für den Wettbewerb,"Durante el concurso, lo que pesques aquí solo cuenta para el concurso","Pendant le concours, les poissons pêchés ici ne comptent que pour le concours","Durante la gara, i pesci presi qui contano solo per la gara","Durante o concurso, os peixes pescados aqui só contam para o concurso","Пока идёт конкурс, пойманная здесь рыба идёт только в зачёт конкурса",W czasie konkursu ryby złowione tutaj liczą się tylko do konkursu,大会中、ここで釣った魚は大会の記録だけに数えられる,대회 중에는 여기서 잡은 물고기가 대회 기록으로만 쳐져요,比赛期间，在这里钓到的鱼只算比赛成绩,比賽期間，在這裡釣到的魚只算比賽成績
CONTEST_BOARD_BEGUN,The contest has begun: no fish landed yet,"Yarışma başladı, henüz balık tutan yok",Der Wettbewerb läuft: noch kein Fisch gefangen,El concurso ha empezado: aún no hay capturas,Le concours a commencé : aucune prise pour l'instant,La gara è cominciata: ancora nessun pesce preso,O concurso começou: nenhum peixe fisgado ainda,Конкурс начался: пока никто ничего не поймал,Zawody się rozpoczęły: nikt jeszcze nic nie złowił,大会が始まりました。まだ誰も釣れていません,대회가 시작됐습니다. 아직 잡은 사람이 없습니다,比赛开始了，还没有人钓到鱼,比賽開始了，還沒有人釣到魚
HINT_TRAILER_WHEEL_NO_ROOM,No room to wheel the trailer in behind the vehicle. Pull forward a little.,Römorku aracın arkasına çekecek yer yok. Aracı biraz ileri al.,"Kein Platz, um den Anhänger hinter das Fahrzeug zu rollen. Fahr ein Stück vor.",No hay sitio para llevar el remolque detrás del vehículo. Avanza un poco.,Pas de place pour amener la remorque derrière le véhicule. Avance un peu.,Non c'è spazio per portare il rimorchio dietro al veicolo. Avanza un po'.,Não há espaço para levar o reboque até atrás do veículo. Avance um pouco.,"Нет места, чтобы подкатить прицеп за машину. Проедь чуть вперёд.","Nie ma miejsca, żeby wtoczyć przyczepę za auto. Podjedź kawałek do przodu.",車の後ろにトレーラーを入れる場所がない。少し前に出そう。,차 뒤로 트레일러를 끌어올 자리가 없어요. 조금 앞으로 빼세요.,车后面没有地方把拖车推过去。往前挪一点。,車後面沒有地方把拖車推過去。往前挪一點。
HINT_TRAILER_WHEEL_WAIT,"Somebody is in the way. Let them pass, then try again.","Yolda biri var. Geçsin, sonra bir daha dene.",Da ist jemand im Weg. Lass ihn vorbei und versuch es noch einmal.,Hay alguien en medio. Deja que pase y prueba otra vez.,"Quelqu'un est sur le passage. Laisse-le passer, puis réessaie.",C'è qualcuno in mezzo. Lascialo passare e riprova.,Tem alguém no caminho. Deixe passar e tente de novo.,"Кто-то стоит на пути. Пусть пройдёт, потом попробуй ещё раз.","Ktoś stoi na drodze. Niech przejdzie, potem spróbuj jeszcze raz.",通り道に誰かいる。通り過ぎてから、もう一度やってみよう。,길에 누가 있어요. 지나가면 다시 해 보세요.,路上有人。等他过去再试一次。,路上有人。等他過去再試一次。
HINT_TRAILER_WHEEL_TAKEN,That vehicle already tows a trailer. Unhitch that one first.,Bu araç zaten bir römork çekiyor. Önce onu çöz.,Das Fahrzeug zieht schon einen Anhänger. Kupple den zuerst ab.,Ese vehículo ya lleva un remolque. Desengánchalo primero.,Ce véhicule tire déjà une remorque. Dételle-la d'abord.,Quel veicolo traina già un rimorchio. Sgancialo prima.,Esse veículo já puxa um reboque. Desengate-o primeiro.,Эта машина уже тянет прицеп. Сначала отцепи его.,To auto już ciągnie przyczepę. Najpierw ją odczep.,その車はもうトレーラーを引いている。先にそれを外そう。,그 차는 이미 트레일러를 끌고 있어요. 먼저 그것부터 떼세요.,那辆车已经挂着一台拖车了。先把它摘下来。,那輛車已經掛著一台拖車了。先把它卸下來。
HINT_TRAILER_WHEEL_LOADED,A loaded trailer won't be wheeled by hand. Back your vehicle up to its tongue.,Dolu römork elle çekilmez. Aracınla geri geri okuna yanaş.,Ein beladener Anhänger lässt sich nicht von Hand rollen. Fahr rückwärts an die Deichsel.,Un remolque cargado no se mueve a mano. Acerca el vehículo marcha atrás a la lanza.,Une remorque chargée ne se pousse pas à la main. Recule le véhicule jusqu'au timon.,Un rimorchio carico non si sposta a mano. Avvicinati in retromarcia al timone.,Reboque carregado não se leva na mão. Dê ré até a lança.,Гружёный прицеп вручную не покатишь. Подай машину задом к дышлу.,Załadowanej przyczepy ręcznie nie przetoczysz. Podjedź tyłem do dyszla.,荷を積んだトレーラーは手では動かせない。車をバックで連結部に寄せよう。,짐 실은 트레일러는 손으로 못 끌어요. 차를 후진해 연결대에 대세요.,装了东西的拖车用手推不动。把车倒到牵引杆前。,裝了東西的拖車用手推不動。把車倒到牽引桿前。
HINT_TRAILER_WHEEL_SELF,The trailer would roll right where you stand. Take a step aside.,Römork tam durduğun yere gelecek. Bir adım kenara çekil.,"Der Anhänger würde genau dorthin rollen, wo du stehst. Geh einen Schritt zur Seite.",El remolque vendría justo donde estás. Da un paso a un lado.,La remorque viendrait pile là où tu te tiens. Fais un pas de côté.,Il rimorchio arriverebbe proprio dove sei tu. Fai un passo di lato.,O reboque viria bem onde você está. Dê um passo para o lado.,"Прицеп встанет прямо там, где ты стоишь. Отойди на шаг.","Przyczepa stanęłaby dokładnie tam, gdzie stoisz. Odsuń się o krok.",トレーラーはちょうど君の立っている所に来る。一歩よけよう。,트레일러가 바로 당신이 선 자리로 와요. 한 걸음 비켜 주세요.,拖车正好要停到你站的地方。往旁边让一步。,拖車正好要停到你站的地方。往旁邊讓一步。
SELL_ASK_TITLE,Sell %s?,%s satılık mı?,%s verkaufen?,¿Vender a %s?,Vendre %s ?,Vendere %s?,Vender %s?,Продать: %s?,Sprzedać: %s?,%sを売りますか？,"%s, 팔까요?",要卖掉%s吗？,要賣掉%s嗎？
SELL_ASK_TEXT,"Shall I put %s in a crate to be sold? The dealer at the Animal Market pays %s. If you change your mind, just open the crate at the coop door.",%s satılık mı yani? Evet dersen onu kafesine koyarım: Hayvan Pazarı'ndaki satıcı %s verir. Vazgeçersen kafesi kümesin kapısında açman yeter.,"Soll ich %s zum Verkauf in die Kiste setzen? Der Händler auf dem Tiermarkt zahlt %s. Überlegst du es dir anders, öffne die Kiste einfach an der Stalltür.","¿Meto a %s en una jaula para venderla? El tratante del mercado de animales paga %s. Si cambias de idea, abre la jaula en la puerta del gallinero.","Je mets %s en caisse pour la vente ? Le marchand du marché aux bestiaux en donne %s. Si tu changes d'avis, ouvre simplement la caisse à la porte du poulailler.","Metto %s in cassetta per venderla? Il mercante del mercato del bestiame paga %s. Se cambi idea, apri la cassetta alla porta del pollaio.","Coloco %s na caixa para vender? O negociante da feira de animais paga %s. Se mudar de ideia, é só abrir a caixa na porta do galinheiro.",Посадить в ящик на продажу: %s? Торговец на скотном рынке даст %s. Передумаешь — просто открой ящик у двери курятника.,"Wsadzić do skrzynki na sprzedaż: %s? Handlarz na targu zwierząt zapłaci %s. Jeśli zmienisz zdanie, otwórz skrzynkę przy drzwiach kurnika.",%sを売るために箱に入れますか？ 家畜市場の商人が%sで買い取ります。気が変わったら、鶏小屋の扉で箱を開ければ戻せます。,"%s, 팔려고 상자에 넣을까요? 가축 시장 상인이 %s에 사 줍니다. 마음이 바뀌면 닭장 문 앞에서 상자를 열면 돼요.",要把%s装进笼子拿去卖吗？牲畜市场的贩子出价%s。改主意的话，在鸡舍门口打开笼子就行。,要把%s裝進籠子拿去賣嗎？牲畜市場的販子出價%s。改主意的話，在雞舍門口打開籠子就行。
SELL_ASK_YES,Into the crate,Kafese koy,In die Kiste,A la jaula,En caisse,In cassetta,Para a caixa,В ящик,Do skrzynki,箱に入れる,상자에 넣기,装进笼子,裝進籠子
ANIMAL_SELL_HINT,It goes into a crate in your bag; the dealer at the Animal Market in town buys it.,Kafesiyle çantana gelir; kasabadaki Hayvan Pazarı'nda satıcı satın alır.,Kommt in einer Kiste in deine Tasche; der Händler auf dem Tiermarkt in der Stadt kauft es.,Va en una jaula a tu mochila; el tratante del mercado de animales del pueblo la compra.,Elle va en caisse dans ton sac ; le marchand du marché aux bestiaux en ville l'achète.,Finisce in una cassetta nello zaino; il mercante del mercato del bestiame in paese la compra.,Vai numa caixa para a sua mochila; o negociante da feira de animais na cidade compra.,Попадёт в ящике в сумку; торговец на скотном рынке в городе её купит.,Trafi w skrzynce do plecaka; kupi ją handlarz na targu zwierząt w miasteczku.,箱に入って持ち物に入ります。町の家畜市場の商人が買い取ります。,상자에 담겨 가방으로 들어옵니다. 마을 가축 시장의 상인이 사 줍니다.,会装进笼子放入背包；镇上牲畜市场的贩子会买下它。,會裝進籠子放入背包；鎮上牲畜市場的販子會買下牠。
MSG_BIRD_CRATED,"%s is in the crate, in your bag.","%s kafesinde, çantanda.","%s sitzt in der Kiste, in deiner Tasche.","%s está en su jaula, en tu mochila.","%s est en caisse, dans ton sac.","%s è in cassetta, nel tuo zaino.","%s está na caixa, na sua mochila.","%s в ящике, у тебя в сумке.","%s siedzi w skrzynce, w twoim plecaku.",%sは箱の中、持ち物に入りました。,"%s, 상자에 담겨 가방에 있어요.",%s进了笼子，在你的背包里。,%s進了籠子，在你的背包裡。
HINT_SELL_BIRD,Take the crate to the dealer at the Animal Market in town: he pays on the spot. Changed your mind? Open it at the coop door.,Kafesi kasabadaki Hayvan Pazarı'na götür: satıcı parasını peşin verir. Vazgeçersen kümesin kapısında geri sal.,Bring die Kiste zum Händler auf dem Tiermarkt in der Stadt: Er zahlt sofort. Anders überlegt? Öffne sie an der Stalltür.,Lleva la jaula al tratante del mercado de animales del pueblo: paga en el acto. ¿Cambias de idea? Ábrela en la puerta del gallinero.,Porte la caisse au marchand du marché aux bestiaux en ville : il paie comptant. Tu changes d'avis ? Ouvre-la à la porte du poulailler.,Porta la cassetta al mercante del mercato del bestiame in paese: paga subito. Ci hai ripensato? Aprila alla porta del pollaio.,Leve a caixa ao negociante da feira de animais na cidade: ele paga na hora. Mudou de ideia? Abra-a na porta do galinheiro.,Отнеси ящик торговцу на скотный рынок в городе: он платит сразу. Передумал? Открой ящик у двери курятника.,Zanieś skrzynkę handlarzowi na targ zwierząt w miasteczku: płaci od ręki. Zmieniasz zdanie? Otwórz ją przy drzwiach kurnika.,箱を町の家畜市場の商人へ持っていこう。その場で払ってくれます。気が変わったら鶏小屋の扉で開けよう。,상자를 마을 가축 시장의 상인에게 가져가세요. 바로 값을 치러 줍니다. 마음이 바뀌면 닭장 문 앞에서 열면 돼요.,把笼子带到镇上牲畜市场的贩子那儿：当场付钱。改主意了？在鸡舍门口打开它。,把籠子帶到鎮上牲畜市場的販子那兒：當場付錢。改主意了？在雞舍門口打開它。
MSG_BIRD_BACK,"%s is back in the coop, feathers a little ruffled.","%s kümesine döndü, tüyleri biraz kabarık.","%s ist zurück im Stall, das Gefieder etwas zerzaust.","%s ha vuelto al gallinero, con las plumas algo revueltas.","%s est de retour au poulailler, les plumes un peu ébouriffées.","%s è di nuovo nel pollaio, con le piume un po' arruffate.","%s voltou ao galinheiro, com as penas meio arrepiadas.","%s снова в курятнике, перья слегка взъерошены.","%s wraca do kurnika, z lekko nastroszonymi piórami.",%sが鶏小屋に戻りました。羽が少し逆立っています。,"%s, 닭장으로 돌아왔어요. 깃털이 조금 부스스하네요.",%s回到鸡舍了，羽毛有点儿乱。,%s回到雞舍了，羽毛有點兒亂。
MSG_BIRD_SOLD,%s has gone to a new home. %s in your pocket.,%s yeni yuvasına gitti. Cebine %s girdi.,%s hat ein neues Zuhause. %s in deiner Tasche.,%s se ha ido a un nuevo hogar. %s al bolsillo.,%s part pour un nouveau foyer. %s en poche.,%s ha una nuova casa. %s in tasca.,%s foi para um novo lar. %s no bolso.,%s уехала в новый дом. В кармане %s.,%s ma nowy dom. Do kieszeni wpada %s.,%sは新しい家へ行きました。%sを受け取りました。,"%s, 새 집으로 갔어요. %s 벌었습니다.",%s去了新家。%s到手。,%s去了新家。%s到手。
SELL_NO_KIND,Only hens and roosters are sold in crates.,Kafesle yalnızca tavuk ve horoz satılır.,Nur Hennen und Hähne werden in Kisten verkauft.,Solo las gallinas y los gallos se venden en jaulas.,Seuls les poules et les coqs se vendent en caisse.,Solo galline e galli si vendono in cassetta.,Só galinhas e galos são vendidos em caixas.,В ящиках продают только кур и петухов.,W skrzynkach sprzedaje się tylko kury i koguty.,箱で売れるのはニワトリとオンドリだけです。,상자로 파는 건 닭과 수탉뿐이에요.,只有母鸡和公鸡装笼出售。,只有母雞和公雞裝籠出售。
SELL_NO_CHICK,%s is still a chick: let it grow up first.,%s daha civciv: önce bir büyüsün.,%s ist noch ein Küken: Lass es erst groß werden.,%s aún es un pollito: deja que crezca primero.,%s n'est encore qu'un poussin : laisse-le grandir d'abord.,%s è ancora un pulcino: lascialo crescere prima.,%s ainda é um pintinho: deixe crescer primeiro.,%s ещё цыплёнок: пусть сначала подрастёт.,%s to jeszcze kurczę: niech najpierw podrośnie.,%sはまだヒヨコです。まず大きくなるまで待とう。,"%s, 아직 병아리예요. 먼저 다 크게 두세요.",%s还是只小鸡：先让它长大吧。,%s還是隻小雞：先讓牠長大吧。
SELL_NO_VET,%s is at the vet's: wait until it is home and well.,%s veterinerde: önce iyileşip evine dönsün.,"%s ist beim Tierarzt: Warte, bis es gesund zurück ist.",%s está en el veterinario: espera a que vuelva curada.,"%s est chez le vétérinaire : attends son retour, guérie.",%s è dal veterinario: aspetta che torni guarita.,%s está no veterinário: espere voltar curada.,"%s у ветеринара: дождись, пока вернётся здоровой.","%s jest u weterynarza: poczekaj, aż wróci zdrowa.",%sは獣医のところです。元気になって帰るまで待とう。,"%s, 수의사에게 가 있어요. 나아서 돌아올 때까지 기다리세요.",%s在兽医那儿：等它养好回家再说。,%s在獸醫那兒：等牠養好回家再說。
SELL_NO_HURT,%s isn't well: it can't travel like this. Let it get better first.,%s iyi değil: bu hâlde yola çıkamaz. Önce iyileşsin.,%s geht es nicht gut: So kann es nicht reisen. Erst gesund werden lassen.,%s no está bien: así no puede viajar. Que se recupere primero.,%s ne va pas bien : impossible de voyager ainsi. Qu'elle se remette d'abord.,%s non sta bene: così non può viaggiare. Prima deve rimettersi.,%s não está bem: assim não pode viajar. Deixe melhorar primeiro.,%s нездоровится: в таком виде в дорогу нельзя. Пусть сначала поправится.,%s źle się czuje: tak nie może jechać. Niech najpierw wydobrzeje.,%sは具合がよくありません。このままでは運べません。まず治してあげよう。,"%s, 몸이 좋지 않아요. 이대로는 못 데려가요. 먼저 낫게 해 주세요.",%s身体不舒服：这样没法上路。先让它养好。,%s身體不舒服：這樣沒法上路。先讓牠養好。
SELL_NO_CARRIED,%s is in your arms: put it down first.,%s kucağında: önce yere bırak.,%s ist auf deinem Arm: Setz es erst ab.,%s está en tus brazos: déjala en el suelo primero.,%s est dans tes bras : pose-la d'abord.,%s è tra le tue braccia: mettila giù prima.,%s está no seu colo: ponha no chão primeiro.,%s у тебя на руках: сначала опусти на землю.,%s jest na twoich rękach: najpierw ją postaw.,%sを抱いています。まず下ろそう。,"%s, 품에 안고 있어요. 먼저 내려놓으세요.",%s在你怀里：先放下来。,%s在你懷裡：先放下來。
SELL_NO_MOTHER,%s has chicks at her heels: they stay together until the little ones are grown.,%s civcivlerine bakıyor: yavrular büyüyene kadar birlikte kalsınlar.,"%s führt ihre Küken: Sie bleiben zusammen, bis die Kleinen groß sind.",%s cuida de sus pollitos: que sigan juntos hasta que crezcan.,%s veille sur ses poussins : qu'ils restent ensemble jusqu'à ce qu'ils soient grands.,%s bada ai suoi pulcini: restino insieme finché non crescono.,%s cuida dos pintinhos: que fiquem juntos até eles crescerem.,"%s водит цыплят: пусть будут вместе, пока малыши не подрастут.","%s wodzi kurczęta: niech zostaną razem, aż maluchy podrosną.",%sはヒヨコの世話をしています。ヒナが育つまで一緒にいさせよう。,"%s, 병아리를 돌보는 중이에요. 다 클 때까지 함께 있게 해 주세요.",%s正带着小鸡：等小家伙长大前让它们待在一起吧。,%s正帶著小雞：等小傢伙長大前讓牠們待在一起吧。
SELL_NO_NEST,%s is on her nest: let her lay her egg first.,%s yuvasında: önce yumurtasını yapsın.,%s sitzt im Nest: Lass sie erst ihr Ei legen.,%s está en su nido: deja que ponga su huevo primero.,%s est au nid : laisse-la d'abord pondre son œuf.,%s è nel nido: lasciale prima fare l'uovo.,%s está no ninho: deixe botar o ovo primeiro.,%s сидит в гнезде: пусть сначала снесёт яйцо.,%s siedzi w gnieździe: niech najpierw zniesie jajko.,%sは巣にいます。まず卵を産ませてあげよう。,"%s, 둥지에 앉아 있어요. 먼저 알을 낳게 두세요.",%s正在窝里：先让它把蛋下了。,%s正在窩裡：先讓牠把蛋下了。
SELL_NO_STORY_HENS,Grandpa's story still counts on these hens: keep two until the first egg is in the shipping bin.,Dedenin hikâyesi bu tavuklara güveniyor: ilk yumurta satış kutusuna girene kadar iki tavuğun kalsın.,"Opas Geschichte zählt noch auf diese Hennen: Behalte zwei, bis das erste Ei in der Versandkiste liegt.",La historia del abuelo aún cuenta con estas gallinas: quédate con dos hasta que el primer huevo esté en el cajón de envíos.,L'histoire de Grand-père compte encore sur ces poules : gardes-en deux jusqu'à ce que le premier œuf soit dans le bac d'expédition.,La storia del nonno conta ancora su queste galline: tienine due finché il primo uovo non è nella cassa di spedizione.,A história do vovô ainda conta com estas galinhas: fique com duas até o primeiro ovo estar na caixa de envios.,"История дедушки ещё рассчитывает на этих кур: оставь двух, пока первое яйцо не окажется в ящике для продажи.","Opowieść dziadka wciąż liczy na te kury: zostaw dwie, dopóki pierwsze jajko nie trafi do skrzyni wysyłkowej.",おじいちゃんの物語にはまだこのニワトリが必要です。最初の卵を出荷箱に入れるまで2羽は残そう。,할아버지의 이야기에 아직 이 닭들이 필요해요. 첫 달걀을 출하 상자에 넣을 때까지 두 마리는 남겨 두세요.,爷爷的故事还指望着这些母鸡：第一枚鸡蛋放进出货箱之前，留下两只吧。,爺爺的故事還指望著這些母雞：第一枚雞蛋放進出貨箱之前，留下兩隻吧。
SELL_NO_STORY_ROOSTER,The story is waiting for this rooster: let him into the coop first.,Hikâye bu horozu bekliyor: önce onu kümese sal.,Die Geschichte wartet auf diesen Hahn: Lass ihn erst in den Stall.,La historia espera a este gallo: suéltalo primero en el gallinero.,L'histoire attend ce coq : fais-le d'abord entrer au poulailler.,La storia aspetta questo gallo: fallo prima entrare nel pollaio.,A história espera por este galo: solte-o primeiro no galinheiro.,История ждёт этого петуха: сначала выпусти его в курятник.,Opowieść czeka na tego koguta: najpierw wypuść go do kurnika.,物語はこのオンドリを待っています。まず鶏小屋に放そう。,이야기가 이 수탉을 기다리고 있어요. 먼저 닭장에 풀어 주세요.,故事正等着这只公鸡：先把它放进鸡舍吧。,故事正等著這隻公雞：先把牠放進雞舍吧。
SELL_NO_ROOM,No room in your bag for the crate: free a slot first.,Çantanda kafese yer yok: önce bir göz boşalt.,In deiner Tasche ist kein Platz für die Kiste: Mach erst ein Fach frei.,No hay sitio en tu mochila para la jaula: libera un hueco primero.,Pas de place dans ton sac pour la caisse : libère d'abord un emplacement.,Nello zaino non c'è posto per la cassetta: libera prima uno spazio.,Não há espaço na mochila para a caixa: libere um espaço primeiro.,В сумке нет места для ящика: сначала освободи ячейку.,W plecaku nie ma miejsca na skrzynkę: najpierw zwolnij jedno pole.,持ち物に箱を入れる空きがありません。まず1枠空けよう。,가방에 상자를 넣을 자리가 없어요. 먼저 한 칸을 비우세요.,背包里放不下笼子：先腾出一格。,背包裡放不下籠子：先騰出一格。
RANCHER_CRATED,Crates in your bag,Çantandaki kafesler,Kisten in deiner Tasche,Jaulas en tu mochila,Caisses dans ton sac,Cassette nel tuo zaino,Caixas na sua mochila,Ящики в сумке,Skrzynki w plecaku,持ち物の箱,가방 속 상자,背包里的笼子,背包裡的籠子
RANCHER_ON_FARM,On the farm,Çiftlikteki hayvanlar,Auf dem Hof,En la granja,À la ferme,Alla fattoria,Na fazenda,На ферме,W gospodarstwie,牧場の動物,농장의 동물,农场里的动物,農場裡的動物
RANCHER_IN_CRATE,in the crate,kafeste,in der Kiste,en jaula,en caisse,in cassetta,na caixa,в ящике,w skrzynce,箱の中,상자 안,笼中,籠中
RANCHER_CRATE_UNOPENED,Never left its crate,Kafesinden hiç çıkmadı,Hat die Kiste nie verlassen,Nunca salió de su jaula,N'a jamais quitté sa caisse,Mai uscita dalla cassetta,Nunca saiu da caixa,Ни разу не покидала ящик,Nigdy nie opuściła skrzynki,箱から一度も出ていません,상자에서 한 번도 나온 적 없음,从没出过笼子,從沒出過籠子
RANCHER_BRING_CRATED,Bring it crated,Kafesiyle getir,In der Kiste bringen,Tráela en jaula,Apporte-la en caisse,Portala in cassetta,Traga na caixa,Привези в ящике,Przynieś w skrzynce,箱に入れて持参,상자에 담아 오기,装笼带来,裝籠帶來
SIDE_SELL_BIRD_TITLE,For sale,Satılık,Zu verkaufen,En venta,À vendre,In vendita,À venda,На продажу,Na sprzedaż,売りもの,팔 동물,待售,待售
SIDE_GOAL_SELL_BIRD,%s is waiting in the crate: take it to the Animal Market,%s kafesinde bekliyor: Hayvan Pazarı'na götür,%s wartet in der Kiste: Bring sie zum Tiermarkt,%s espera en su jaula: llévala al mercado de animales,%s attend dans sa caisse : porte-la au marché aux bestiaux,%s aspetta in cassetta: portala al mercato del bestiame,%s espera na caixa: leve à feira de animais,%s ждёт в ящике: отнеси на скотный рынок,%s czeka w skrzynce: zanieś na targ zwierząt,%sが箱の中で待っています。家畜市場へ持っていこう,"%s, 상자에서 기다리는 중: 가축 시장으로 데려가세요",%s在笼子里等着：带去牲畜市场,%s在籠子裡等著：帶去牲畜市場
SIDE_GOAL_SELL_BIRDS,%d crated birds are waiting: take them to the Animal Market,Kafeste %d hayvan bekliyor: Hayvan Pazarı'na götür,%d Tiere warten in Kisten: Bring sie zum Tiermarkt,%d aves esperan en jaulas: llévalas al mercado de animales,%d volailles attendent en caisse : porte-les au marché aux bestiaux,%d animali aspettano in cassetta: portali al mercato del bestiame,%d aves esperam nas caixas: leve à feira de animais,В ящиках ждут %d птиц: отнеси на скотный рынок,W skrzynkach czeka %d ptaków: zanieś na targ zwierząt,箱の中で%d羽が待っています。家畜市場へ持っていこう,상자에서 %d마리가 기다리는 중: 가축 시장으로 데려가세요,笼子里有%d只在等着：带去牲畜市场,籠子裡有%d隻在等著：帶去牲畜市場
SIDE_HINT_SELL_BIRD,The dealer buys it at his hatch. Changed your mind? Open the crate at the coop door.,Satıcı gişesinde satın alır. Vazgeçersen kafesi kümesin kapısında aç.,Der Händler kauft an seiner Luke. Anders überlegt? Öffne die Kiste an der Stalltür.,El tratante compra en su ventanilla. ¿Cambias de idea? Abre la jaula en la puerta del gallinero.,Le marchand achète à son guichet. Tu changes d'avis ? Ouvre la caisse à la porte du poulailler.,Il mercante compra al suo sportello. Ci hai ripensato? Apri la cassetta alla porta del pollaio.,O negociante compra no guichê. Mudou de ideia? Abra a caixa na porta do galinheiro.,Торговец покупает у своего окошка. Передумал? Открой ящик у двери курятника.,Handlarz kupuje przy swoim okienku. Zmieniasz zdanie? Otwórz skrzynkę przy drzwiach kurnika.,商人が窓口で買い取ります。気が変わったら鶏小屋の扉で箱を開けよう。,상인이 창구에서 사 줍니다. 마음이 바뀌면 닭장 문 앞에서 상자를 여세요.,贩子在窗口收购。改主意了？在鸡舍门口打开笼子。,販子在窗口收購。改主意了？在雞舍門口打開籠子。
SIDE_SELL_BIRD_LABEL,Dealer,Satıcı,Händler,Tratante,Marchand,Mercante,Negociante,Торговец,Handlarz,商人,상인,贩子,販子
RANCHER_CRATE_LEFT,"A crated bird of yours isn't with you (a pickup's bed, the warehouse?): the dealer buys out of your bag. Bring the crate here in your hands.",Kafesteki kuşun yanında değil (pikabın kasasında ya da depoda mı kaldı?): satıcı çantandakini alır. Kafesi eline alıp buraya getir.,"Dein Tier in der Kiste ist nicht bei dir (auf der Ladefläche, im Lager?): Der Händler kauft aus deiner Tasche. Bring die Kiste in den Händen her.","Tu ave enjaulada no está contigo (¿en la caja de la camioneta, en el almacén?): el tratante compra de tu mochila. Trae la jaula aquí en las manos.","Ta volaille en caisse n'est pas avec toi (sur le plateau du pick-up, à l'entrepôt ?) : le marchand achète dans ton sac. Apporte la caisse ici, en main.","Il tuo animale in cassetta non è con te (nel cassone del pick-up, nel magazzino?): il mercante compra dal tuo zaino. Porta qui la cassetta in mano.","Sua ave na caixa não está com você (na caçamba da picape, no armazém?): o negociante compra da sua mochila. Traga a caixa aqui nas mãos.","Твоя птица в ящике не с тобой (в кузове пикапа, на складе?): торговец покупает из сумки. Принеси ящик сюда в руках.","Twojego ptaka w skrzynce nie ma przy tobie (na pace pickupa, w magazynie?): handlarz kupuje z plecaka. Przynieś skrzynkę tutaj w rękach.",箱に入れた鳥が手元にありません（荷台か倉庫でしょうか）。商人は持ち物の中から買い取ります。箱を手に持ってここへ来よう。,상자에 넣은 새가 곁에 없어요(트럭 짐칸이나 창고에 있나요?). 상인은 가방 속 상자만 사 줍니다. 상자를 손에 들고 이리 가져오세요.,装笼的那只不在你身边（在皮卡车斗里，还是仓库里？）：贩子只收背包里的。把笼子拿在手上带过来。,裝籠的那隻不在你身邊（在皮卡車斗裡，還是倉庫裡？）：販子只收背包裡的。把籠子拿在手上帶過來。
SELL_NO_WOLVES,Not with wolves about: %s is far too frightened to go into a crate. See them off first.,Kurtlar etraftayken olmaz: %s korkudan kafese girmez. Önce onları kov.,"Nicht, solange Wölfe da sind: %s ist viel zu verängstigt für die Kiste. Vertreib sie erst.","Con lobos cerca, no: %s tiene demasiado miedo para entrar en la jaula. Ahuyéntalos primero.",Pas avec des loups dans les parages : %s a bien trop peur pour entrer en caisse. Chasse-les d'abord.,Non con i lupi in giro: %s ha troppa paura per entrare in cassetta. Prima scacciali.,"Com lobos por perto, não: %s está com medo demais para entrar na caixa. Espante-os primeiro.",Пока рядом волки — нельзя: %s от страха не пойдёт в ящик. Сначала прогони их.,"Nie teraz, gdy wokół są wilki: %s za bardzo się boi, by wejść do skrzynki. Najpierw je przegoń.",オオカミがいる間はできません。%sはこわがって箱に入りません。まず追い払おう。,"늑대가 있는 동안에는 안 돼요. %s, 겁이 나서 상자에 들어가지 않아요. 먼저 늑대를 쫓아내세요.",狼还在附近，不行：%s吓得不肯进笼子。先把狼赶走。,狼還在附近，不行：%s嚇得不肯進籠子。先把狼趕走。
SEARCH_PLACEHOLDER,What are you after?,Ne arıyorsun?,Was suchst du?,¿Qué buscas?,Tu cherches quoi ?,Cosa cerchi?,O que você procura?,Что ищешь?,Czego szukasz?,何をお探し？,뭘 찾으세요?,想找什么？,想找什麼？
SEARCH_CLEAR,Clear the search,Aramayı temizle,Suche leeren,Borrar la búsqueda,Effacer la recherche,Cancella la ricerca,Limpar a busca,Очистить поиск,Wyczyść wyszukiwanie,検索をクリア,검색 지우기,清除搜索,清除搜尋
SEARCH_NONE,Nothing here called “%s”. Try fewer letters.,Burada “%s” diye bir şey yok. Birkaç harf silip yeniden dene.,Hier gibt es nichts namens „%s“. Versuch es mit weniger Buchstaben.,Aquí no hay nada que se llame «%s». Prueba con menos letras.,Rien ici qui s'appelle « %s ». Essaie avec moins de lettres.,Qui non c'è niente che si chiami «%s». Prova con meno lettere.,Não tem nada aqui chamado “%s”. Tente com menos letras.,Здесь нет ничего с названием «%s». Попробуй покороче.,Nie ma tu niczego o nazwie „%s”. Spróbuj krócej.,「%s」という品はここにありません。文字を減らしてみて。,여기엔 ‘%s’(이)라는 건 없어요. 글자를 줄여 보세요.,这里没有叫“%s”的东西。少打几个字试试。,這裡沒有叫「%s」的東西。少打幾個字試試。
HINT_SEARCH,Tip: press F (or click the search box) and type the name of what you're after,"İpucu: F'ye bas ya da arama kutusuna tıkla, aradığının adını yaz","Tipp: Drück F (oder klick ins Suchfeld) und tipp den Namen ein, den du suchst",Consejo: pulsa F (o haz clic en el buscador) y escribe el nombre de lo que buscas,Astuce : appuie sur F (ou clique sur la recherche) et tape le nom de ce que tu cherches,Dritta: premi F (o clicca sulla ricerca) e scrivi il nome di quello che cerchi,Dica: aperte F (ou clique na busca) e digite o nome do que você procura,"Подсказка: нажми F (или кликни по поиску) и напечатай название того, что ищешь","Wskazówka: naciśnij F (albo kliknij pole szukania) i wpisz nazwę tego, czego szukasz",ヒント：Fキーを押すか検索欄をクリックして、探し物の名前を入力しよう,팁: F를 누르거나 검색창을 클릭하고 찾는 물건 이름을 입력하세요,提示：按 F（或点击搜索框），输入想找的东西的名字,提示：按 F（或點擊搜尋框），輸入想找的東西的名字
FEED_GOAL_TEXT,Feed the hens,Tavukları besle,Füttere die Hühner,Da de comer a las gallinas,Nourris les poules,Dai da mangiare alle galline,Alimente as galinhas,Накорми кур,Nakarm kury,ニワトリにエサをあげよう,닭에게 먹이 주기,给鸡喂食,給雞餵食
FEED_GOAL_NEW,Your hens are hungry and the feeder is empty!,"Tavukların karnı zil çalıyor, yemlik bomboş!",Deine Hühner haben Hunger und der Futtertrog ist leer!,¡Tus gallinas tienen hambre y el comedero está vacío!,Tes poules ont faim et la mangeoire est vide !,Le tue galline hanno fame e la mangiatoia è vuota!,Suas galinhas estão com fome e o comedouro está vazio!,"Куры проголодались, а кормушка пуста!","Kury są głodne, a karmnik pusty!",ニワトリがおなかをすかせています。餌箱が空っぽです！,닭들이 배고파해요. 모이통이 텅 비었어요!,鸡饿了，食槽空空的！,雞餓了，食槽空空的！
FEED_GOAL_WHY,Feed is sold at the market; or turn %d wheat into %d feed at your workbench,Yem markette satılır; istersen çalışma masasında %d buğdaydan %d yem üret,Futter gibt's auf dem Markt; oder mach an der Werkbank aus %d Weizen %d Futter,"Alimento: en el mercado, o con %d de trigo haces %d en el banco de trabajo","Nourriture : au marché, ou à l'établi avec %d blés tu en fais %d","Mangime: al mercato, oppure al banco da lavoro con %d di grano ne fai %d","Ração: no mercado, ou na bancada com %d de trigo você faz %d",Корм продаётся на рынке; или сделай на верстаке (пшеница: %d → корм: %d),Pasza: na targu albo przy stole warsztatowym (pszenica: %d → pasza: %d),エサは市場で買えます。作業台なら小麦%d個でエサ%d個作れます,사료는 시장에서 팔아요. 작업대에서 밀 %d개로 사료 %d개를 만들 수도 있어요,饲料在市场有卖；也可以在工作台用 %d 个小麦做 %d 份,飼料在市場有賣；也可以在工作台用 %d 個小麥做 %d 份
FEED_GOAL_WHY_BUY,Feed is sold at the Yeşilova market,Yem Yeşilova marketinde satılır,Futter gibt's auf dem Markt in Yeşilova,El alimento se vende en el mercado de Yeşilova,La nourriture se vend au marché de Yeşilova,Il mangime si compra al mercato di Yeşilova,A ração é vendida no mercado de Yeşilova,Корм продаётся на рынке в Йешилове,Paszę kupisz na targu w Yeşilovie,エサはイェシロヴァの市場で売っています,사료는 예실로바 시장에서 팔아요,饲料在耶希洛瓦的市场有卖,飼料在耶希洛瓦的市場有賣
FEED_GOAL_HINT_POUR,Hold the feed and pour it into the feeder,Yemi eline al ve yemliğe dök,Nimm das Futter in die Hand und füll es in den Futtertrog,Lleva el alimento en la mano y échalo en el comedero,Prends la nourriture en main et verse-la dans la mangeoire,Prendi il mangime in mano e versalo nella mangiatoia,Segure a ração e despeje no comedouro,Возьми корм в руку и насыпь его в кормушку,Weź paszę do ręki i wsyp ją do karmnika,エサを手に持って、餌箱に入れよう,사료를 손에 들고 모이통에 부어 주세요,把饲料拿在手上，倒进食槽,把飼料拿在手上，倒進食槽
FEED_GOAL_HINT_MAKE,You have the wheat: make feed at your workbench,Buğdayın var: çalışma masasında yem üret,Weizen hast du: Mach an der Werkbank Futter daraus,Tienes trigo: haz alimento en el banco de trabajo,Tu as du blé : fais-en de la nourriture à l'établi,Il grano ce l'hai: fanne mangime al banco da lavoro,Você tem trigo: faça ração na bancada,Пшеница у тебя есть: сделай из неё корм на верстаке,Pszenicę masz: zrób z niej paszę przy stole warsztatowym,小麦があります。作業台でエサを作ろう,밀이 있네요. 작업대에서 사료를 만들어 보세요,你有小麦：去工作台做成饲料,你有小麥：去工作台做成飼料
FEED_GOAL_LABEL_FEEDER,Feeder,Yemlik,Futtertrog,Comedero,Mangeoire,Mangiatoia,Comedouro,Кормушка,Karmnik,餌箱,모이통,食槽,食槽
DEALER_IN_BAY,In the trailer bay,Römork bölmesinde,In der Anhängerbucht,En la plaza de remolques,À l'emplacement des remorques,Nella piazzola dei rimorchi,Na vaga dos reboques,На площадке прицепов,Na placu przyczep,トレーラー置き場,트레일러 칸,拖车车位,拖車車位
DEALER_TRAILERS,Trailers,Römorklar,Anhänger,Remolques,Remorques,Rimorchi,Reboques,Прицепы,Przyczepy,トレーラー,트레일러,拖车,拖車
DEALER_BUY_TRAILER,Buy this trailer,Bu römorku satın al,Diesen Anhänger kaufen,Comprar este remolque,Acheter cette remorque,Acquista questo rimorchio,Comprar este reboque,Купить этот прицеп,Kup tę przyczepę,このトレーラーを購入,이 트레일러 구매,买下这辆拖车,買下這台拖車
DEALER_TYRE_BILL,Tyre bill,Lastik parası,Reifenrechnung,Neumáticos,Pneus à régler,Conto gomme,Conta dos pneus,Счёт за шины,Rachunek za opony,タイヤ代,타이어값,轮胎钱,輪胎錢
DEALER_TRAILER_YOURS,It's yours. Back your pickup up to its tongue and hitch it there (E).,"Artık senin. Pikabınla geri geri okuna yanaş, okundan bağla (E).",Er gehört dir. Fahr mit dem Pick-up rückwärts an die Deichsel und kupple dort an (E).,Ya es tuyo. Recula con la camioneta hasta la lanza y engánchalo ahí (E).,Elle est à toi. Recule ton pick-up jusqu'au timon et attelle-la là (E).,È tuo. Avvicinati in retromarcia col pick-up al timone e aggancialo lì (E).,É seu. Dê ré com a picape até a lança e engate ali (E).,Он твой. Подай пикап задом к дышлу и прицепи там (E).,Jest twoja. Podjedź pikapem tyłem do dyszla i tam zaczep (E).,君のものだ。ピックアップをバックで連結部に寄せ、そこでつなごう（E）。,당신 것입니다. 픽업트럭을 후진해 연결대에 대고 거기서 연결하세요(E).,它是你的了。把皮卡倒到牵引杆前，在那儿挂上（E）。,它是你的了。把貨卡倒到牽引桿前，在那兒掛上（E）。
HINT_TRAILER_FOR_SALE,%s · %s. It is bought at Kemal's desk in the car dealer's.,"%s · %s. Galeride, Kemal'in masasından alınır.",%s · %s. Gekauft wird bei Kemal am Schreibtisch im Autohaus.,"%s · %s. Se compra en la mesa de Kemal, en el concesionario.","%s · %s. Elle s'achète au bureau de Kemal, chez le concessionnaire.","%s · %s. Si compra alla scrivania di Kemal, in concessionaria.","%s · %s. Compra-se na mesa do Kemal, na revenda.",%s · %s. Покупается у Кемаля за столом в автосалоне.,%s · %s. Kupuje się u Kemala przy biurku w komisie.,%s · %s。カーディーラーのケマルの机で買える。,%s · %s. 자동차 매장의 케말 책상에서 살 수 있어요.,%s · %s。到车行凯末尔的办公桌那儿买。,%s · %s。到車行凱末爾的辦公桌那兒買。
QUEST_TRAILER_SEE,Go over to your trailer in the bay beside the dealer's,Galerinin yanındaki bölmede duran römorkuna git,Geh zu deinem Anhänger in der Bucht neben dem Autohaus,"Ve hasta tu remolque, en la plaza junto al concesionario","Va voir ta remorque, dans l'emplacement à côté du concessionnaire","Vai al tuo rimorchio, nella piazzola accanto alla concessionaria","Vá até o seu reboque, na vaga ao lado da revenda",Подойди к своему прицепу на площадке рядом с автосалоном,Podejdź do swojej przyczepy na placu obok komisu,ディーラー横の置き場にあるトレーラーのところへ行く,매장 옆 칸에 있는 트레일러로 가기,去车行旁车位里看看你的拖车,去車行旁車位裡看看你的拖車
QUEST_TRAILER_TRUCK,Get in the pickup,Pikaba bin,Steig in den Pick-up,Súbete a la camioneta,Monte dans le pick-up,Sali sul pick-up,Entre na picape,Сядь в пикап,Wsiądź do pikapa,ピックアップに乗る,픽업트럭에 타기,坐进皮卡,坐進貨卡
QUEST_TRAILER_BACK,Back the pickup up to the trailer's tongue,Pikapla geri geri römorkun okuna yanaş,Fahr mit dem Pick-up rückwärts an die Deichsel,Recula con la camioneta hasta la lanza del remolque,Recule le pick-up jusqu'au timon de la remorque,Avvicinati in retromarcia col pick-up al timone del rimorchio,Dê ré com a picape até a lança do reboque,Подай пикап задом к дышлу прицепа,Podjedź pikapem tyłem do dyszla przyczepy,ピックアップをバックでトレーラーの連結部に寄せる,픽업트럭을 후진해 트레일러 연결대에 대기,把皮卡倒到拖车的牵引杆前,把貨卡倒到拖車的牽引桿前
HINT_TRAILER_SEE,"Kemal: ""It stands right next door. Have a look at how it sits before you bring the pickup.""","Kemal: ""Hemen yan tarafta duruyor. Pikabı getirmeden önce bir bak, nasıl durduğunu gör.""","Kemal: „Er steht gleich nebenan. Schau dir an, wie er dasteht, bevor du den Pick-up holst.“",Kemal: «Está aquí al lado. Mira cómo está colocado antes de traer la camioneta».,Kemal : « Elle est juste à côté. Regarde comment elle est garée avant d'amener le pick-up. »,Kemal: «È qui accanto. Guarda com'è messo prima di portare il pick-up.»,"Kemal: ""Está aqui ao lado. Dê uma olhada em como ele está parado antes de trazer a picape.""","Кемаль: «Он стоит совсем рядом. Глянь, как он стоит, прежде чем подгонять пикап».","Kemal: „Stoi tuż obok. Zobacz, jak jest ustawiona, zanim podjedziesz pikapem.”",ケマル「すぐ隣にあるよ。ピックアップを持ってくる前に、どう置いてあるか見ておきな」,"케말: ""바로 옆에 서 있네. 픽업트럭을 가져오기 전에 어떻게 서 있는지 한번 보게.""",凯末尔：“就停在隔壁。把皮卡开来之前，先去看看它是怎么停的。”,凱末爾：「就停在隔壁。把貨卡開來之前，先去看看它是怎麼停的。」
HINT_TRAILER_TRUCK,"The lines on the ground show where the pickup must stand, its tail to the tongue. Get in the pickup (E)",Yerdeki çizgiler pikabın duracağı yeri gösteriyor: arkası römorka baksın. Pikaba bin (E),"Die Linien am Boden zeigen, wo der Pick-up stehen muss, das Heck zur Deichsel. Steig in den Pick-up (E)","Las líneas del suelo muestran dónde debe quedar la camioneta, de culo a la lanza. Súbete a la camioneta (E)","Les lignes au sol montrent où le pick-up doit se placer, l'arrière vers le timon. Monte dans le pick-up (E)","Le linee a terra mostrano dove deve stare il pick-up, con la coda verso il timone. Sali sul pick-up (E)","As linhas no chão mostram onde a picape deve ficar, de traseira para a lança. Entre na picape (E)","Линии на земле показывают, где должен встать пикап, задом к дышлу. Сядь в пикап (E)","Linie na ziemi pokazują, gdzie ma stanąć pikap, tyłem do dyszla. Wsiądź do pikapa (E)",地面の線がピックアップの停め場所。後ろを連結部に向けること。ピックアップに乗る（E）,바닥의 선이 픽업트럭이 설 자리예요. 뒤쪽이 연결대를 향하게 하세요. 픽업트럭에 타기(E),地上的线标出了皮卡该停的位置，车尾对着牵引杆。坐进皮卡（E）,地上的線標出了貨卡該停的位置，車尾對著牽引桿。坐進貨卡（E）
HINT_TRAILER_TOW_TAKEN,That vehicle already tows a trailer. Unhitch that one first.,Bu araç zaten bir römork çekiyor. Önce onu çöz.,Das Fahrzeug zieht schon einen Anhänger. Kupple den zuerst ab.,Ese vehículo ya lleva un remolque. Desengánchalo primero.,Ce véhicule tire déjà une remorque. Dételle-la d'abord.,Quel veicolo traina già un rimorchio. Sgancialo prima.,Esse veículo já puxa um reboque. Desengate-o primeiro.,Эта машина уже тянет прицеп. Сначала отцепи его.,To auto już ciągnie przyczepę. Najpierw ją odczep.,その車はもうトレーラーを引いている。先にそれを外そう。,그 차는 이미 트레일러를 끌고 있어요. 먼저 그것부터 떼세요.,那辆车已经挂着一台拖车了。先把它摘下来。,那輛車已經掛著一台拖車了。先把它卸下來。
HINT_TRAILER_STOP,The marker is green: stop!,İşaret yeşil oldu: dur!,Die Markierung ist grün: anhalten!,La marca está verde: ¡para!,Le repère est vert : stop !,Il segnale è verde: fermati!,A marca ficou verde: pare!,Метка зелёная: стой!,Znacznik jest zielony: stój!,目印が緑になった。停まれ！,표시가 초록이에요. 멈추세요!,标记变绿了：停车！,標記變綠了：停車！
QUEST_COOP_SHUT,"For the night: once the hens are in the coop, shut its door (E)",Gece için: tavuklar kümese girince kapısını kapat (E),"Für die Nacht: Sind die Hühner im Stall, schließ seine Tür (E)","Para la noche: cuando las gallinas estén en el gallinero, cierra su puerta (E)","Pour la nuit : une fois les poules rentrées au poulailler, ferme sa porte (E)","Per la notte: quando le galline sono nel pollaio, chiudi la porta (E)","Para a noite: quando as galinhas estiverem no galinheiro, feche a porta (E)","На ночь: когда куры зайдут в курятник, закрой его дверь (E)","Na noc: gdy kury wejdą do kurnika, zamknij jego drzwi (E)",夜にそなえて：ニワトリが鶏小屋に入ったら扉を閉めよう（E）,밤을 대비해: 닭들이 닭장에 들어가면 문을 닫으세요 (E),为了过夜：等母鸡都进了鸡舍，就关上门（E）,為了過夜：等母雞都進了雞舍，就關上門（E）
COOP_NIGHT_LINE,"One last chore, child: come evening the hens go in and we shut the door on them. At night the fox and the wolf keep an eye on the coop.","Son bir iş kaldı evladım: akşam olunca tavuklar içeri girer, biz de kapıyı üstlerine kapatırız. Gece oldu mu tilkinin de kurdun da gözü kümestedir.","Eine letzte Arbeit noch, Kind: Abends gehen die Hühner hinein, und wir machen die Tür hinter ihnen zu. Nachts haben Fuchs und Wolf den Stall im Blick.","Una última tarea, hijo: al caer la tarde las gallinas entran y les cerramos la puerta. De noche, el zorro y el lobo no le quitan ojo al gallinero.","Une dernière corvée, mon petit : le soir venu, les poules rentrent et on ferme la porte derrière elles. La nuit, le renard et le loup ont l'œil sur le poulailler.","Un ultimo lavoretto, ragazzo: la sera le galline rientrano e noi chiudiamo la porta dietro di loro. Di notte la volpe e il lupo tengono d'occhio il pollaio.","Uma última tarefa, meu filho: ao cair da tarde as galinhas entram e a gente fecha a porta atrás delas. À noite, a raposa e o lobo ficam de olho no galinheiro.","Ещё одно дело, дитя: вечером куры заходят внутрь, и мы закрываем за ними дверь. Ночью и лиса, и волк глаз не сводят с курятника.","Jeszcze jedna robota, dziecko: wieczorem kury wchodzą do środka, a my zamykamy za nimi drzwi. Nocą i lis, i wilk mają kurnik na oku.",最後にもうひと仕事じゃ。夕方になるとニワトリは中に入る、そうしたら扉を閉めてやるんじゃ。夜はキツネもオオカミも鶏小屋を狙っとるからな。,"마지막으로 할 일이 하나 남았구나. 저녁이 되면 닭들이 안으로 들어가니, 그때 문을 닫아 주거라. 밤이면 여우도 늑대도 닭장을 노린단다.",还有最后一件活，孩子：到了傍晚母鸡会进鸡舍，咱们就把门关上。夜里狐狸和狼都盯着鸡舍呢。,還有最後一件活，孩子：到了傍晚母雞會進雞舍，咱們就把門關上。夜裡狐狸和狼都盯著雞舍呢。
HINT_COOP_DUSK,The hens go in by themselves at nightfall (20:00). In a hurry? Pick one up with G and set her down inside.,"Tavuklar hava kararınca (20:00) kendiliğinden kümese girer. Acelen varsa G ile kucağına al, içeri bırak.",Bei Einbruch der Nacht (20:00) gehen die Hühner von selbst hinein. Eilig? Nimm eine mit G hoch und setz sie drinnen ab.,Al anochecer (20:00) las gallinas entran solas. ¿Tienes prisa? Coge una con G y déjala dentro.,"À la tombée de la nuit (20:00), les poules rentrent toutes seules. Pressé ? Prends-en une avec G et pose-la à l'intérieur.",Al calar della notte (20:00) le galline rientrano da sole. Hai fretta? Prendine una con G e posala dentro.,Ao anoitecer (20:00) as galinhas entram sozinhas. Com pressa? Pegue uma com G e solte lá dentro.,С наступлением ночи (20:00) куры заходят сами. Спешишь? Возьми курицу на руки (G) и посади внутрь.,O zmroku (20:00) kury same wchodzą do środka. Spieszysz się? Weź kurę na ręce (G) i postaw ją w środku.,夜（20:00）になるとニワトリは自分で中に入る。急ぐなら、Gで抱き上げて中に下ろそう。,밤(20:00)이 되면 닭들은 스스로 들어가요. 급하면 G로 안아서 안에 내려놓으세요.,天黑（20:00）后母鸡会自己进去。着急的话，按G抱起来放进里面。,天黑（20:00）後母雞會自己進去。著急的話，按G抱起來放進裡面。
REPORT_COOP_LEFT_OPEN,The coop door stood open all night. Nothing came of it this time; shut it in the evenings once the hens are in.,Kümesin kapısı bütün gece açık kaldı. Bu sefer bir şey olmadı; akşamları tavuklar girince kapatmayı unutma.,"Die Stalltür stand die ganze Nacht offen. Diesmal ist nichts passiert; schließ sie abends, sobald die Hühner drin sind.",La puerta del gallinero pasó toda la noche abierta. Esta vez no ocurrió nada; ciérrala por las tardes cuando las gallinas hayan entrado.,"La porte du poulailler est restée ouverte toute la nuit. Rien de grave cette fois ; ferme-la le soir, une fois les poules rentrées.","La porta del pollaio è rimasta aperta tutta la notte. Stavolta non è successo niente; chiudila la sera, quando le galline sono dentro.","A porta do galinheiro ficou aberta a noite toda. Desta vez não aconteceu nada; feche-a à noitinha, quando as galinhas entrarem.","Дверь курятника всю ночь простояла открытой. В этот раз обошлось; закрывай её по вечерам, когда куры зайдут.","Drzwi kurnika całą noc stały otworem. Tym razem nic się nie stało; zamykaj je wieczorem, gdy kury wejdą.",鶏小屋の扉が一晩じゅう開いたままだった。今回は何事もなかったが、夕方ニワトリが入ったら閉めるのを忘れずに。,"닭장 문이 밤새 열려 있었어요. 이번엔 아무 일도 없었지만, 저녁에 닭들이 들어가면 꼭 닫으세요.",鸡舍的门敞了一整夜。这次没出事；以后傍晚母鸡进去后记得关门。,雞舍的門敞了一整夜。這次沒出事；以後傍晚母雞進去後記得關門。
REPORT_COOP_OPEN_DOOR,The hens are waiting behind the shut coop door. Open it in the mornings so they can go out into the yard.,Tavuklar kapalı kapının ardında bekliyor. Sabahları kümesin kapısını aç ki avluya çıksınlar.,"Die Hühner warten hinter der geschlossenen Stalltür. Mach sie morgens auf, damit sie in den Hof können.",Las gallinas esperan tras la puerta cerrada del gallinero. Ábrela por las mañanas para que salgan al patio.,Les poules attendent derrière la porte fermée du poulailler. Ouvre-la le matin pour qu'elles sortent dans la cour.,"Le galline aspettano dietro la porta chiusa del pollaio. Aprila al mattino, così escono nell'aia.",As galinhas esperam atrás da porta fechada do galinheiro. Abra-a de manhã para que saiam para o terreiro.,"Куры ждут за закрытой дверью курятника. По утрам открывай её, чтобы они вышли во двор.","Kury czekają za zamkniętymi drzwiami kurnika. Otwieraj je rano, żeby mogły wyjść na podwórko.",ニワトリが閉まった扉の向こうで待っている。朝になったら扉を開けて、庭に出してやろう。,닭들이 닫힌 닭장 문 뒤에서 기다리고 있어요. 아침마다 문을 열어 마당으로 내보내 주세요.,母鸡正等在关着的鸡舍门后。每天早上把门打开，让它们到院子里去。,母雞正等在關著的雞舍門後。每天早上把門打開，讓牠們到院子裡去。
SIDE_GOAL_COOP_OPEN,Let the hens out: open the coop door (E),Tavukları dışarı sal: kümesin kapısını aç (E),Lass die Hühner raus: Öffne die Stalltür (E),Saca a las gallinas: abre la puerta del gallinero (E),Fais sortir les poules : ouvre la porte du poulailler (E),Fai uscire le galline: apri la porta del pollaio (E),Solte as galinhas: abra a porta do galinheiro (E),Выпусти кур: открой дверь курятника (E),Wypuść kury: otwórz drzwi kurnika (E),ニワトリを外に出そう：鶏小屋の扉を開けよう（E）,닭들을 내보내요: 닭장 문을 여세요 (E),把母鸡放出来：打开鸡舍的门（E）,把母雞放出來：打開雞舍的門（E）
SIDE_HINT_COOP_OPEN,"The hens spend the day out in the yard. In the evening, once they're in, you shut it again.",Tavuklar günü avluda geçirir. Akşam içeri girdiklerinde yine kapatırsın.,"Die Hühner verbringen den Tag im Hof. Abends, wenn sie drin sind, machst du wieder zu.","Las gallinas pasan el día en el patio. Por la tarde, cuando hayan entrado, la cierras de nuevo.","Les poules passent la journée dans la cour. Le soir, une fois rentrées, tu la refermes.","Le galline passano la giornata nell'aia. La sera, quando sono rientrate, la richiudi.","As galinhas passam o dia no terreiro. À noitinha, quando entrarem, você fecha de novo.","Днём куры гуляют во дворе. Вечером, когда зайдут, закроешь снова.","Kury spędzają dzień na podwórku. Wieczorem, gdy wejdą, znów je zamkniesz.",ニワトリは昼のあいだ庭で過ごす。夕方、中に入ったらまた閉めよう。,닭들은 낮 동안 마당에서 지내요. 저녁에 들어가면 다시 닫으면 돼요.,母鸡白天在院子里活动。傍晚它们进去后，再把门关上。,母雞白天在院子裡活動。傍晚牠們進去後，再把門關上。
MSG_LATE_EVENING,It's getting late. Go to bed when you like: the work carries on in the morning.,Geç oldu. Canın isteyince yat; işler sabah kaldığı yerden devam eder.,"Es wird spät. Geh ins Bett, wann du magst: Morgen früh geht die Arbeit weiter.",Se hace tarde. Acuéstate cuando quieras: el trabajo sigue por la mañana.,Il se fait tard. Va te coucher quand tu veux : le travail reprendra demain matin.,Si sta facendo tardi. Vai a letto quando vuoi: il lavoro riprende domattina.,Está ficando tarde. Vá dormir quando quiser: o trabalho continua de manhã.,"Уже поздно. Ложись спать, когда захочешь: работа продолжится утром.","Robi się późno. Połóż się, kiedy zechcesz: praca poczeka do rana.",もう遅い時間です。好きなときに寝ましょう。仕事の続きは朝にできます。,밤이 깊었어요. 원할 때 잠자리에 드세요. 일은 아침에 이어서 하면 돼요.,天色不早了。想睡就去睡吧，活儿明早接着干。,天色不早了。想睡就去睡吧，活兒明早接著做。
MSG_LATE_MIDNIGHT,It's midnight! Off to bed: the farm isn't going anywhere.,"Gece yarısı oldu! Hadi yatağa, çiftlik bir yere kaçmıyor.",Mitternacht! Ab ins Bett: Der Hof läuft dir nicht weg.,¡Es medianoche! A la cama: la granja no se va a ir a ninguna parte.,Il est minuit ! Au lit : la ferme ne va pas s'envoler.,È mezzanotte! A letto: la fattoria non scappa.,É meia-noite! Já para a cama: a fazenda não vai fugir.,Полночь! Пора в кровать: ферма никуда не убежит.,Północ! Do łóżka: gospodarstwo nie ucieknie.,真夜中です！　もう寝ましょう。農場は逃げませんよ。,자정이에요! 이제 자러 가요. 농장은 어디 안 가요.,半夜了！快去睡吧，农场又不会跑。,半夜了！快去睡吧，農場又不會跑。
REPORT_DOZED_OFF,"You nodded off on your feet last night. No harm done: tonight, be in bed before 02:00.","Dün gece ayakta uyuyakalmışsın! Zararı yok, dinlendin. Bu akşam 02:00 olmadan yat.",Du bist letzte Nacht im Stehen eingeschlafen. Nichts passiert: Geh heute vor 02:00 ins Bett.,Anoche te quedaste dormido de pie. No pasa nada: hoy acuéstate antes de las 02:00.,"Tu t'es endormi debout cette nuit. Rien de grave : ce soir, couche-toi avant 02:00.",Stanotte ti sei addormentato in piedi. Niente di grave: stasera vai a letto prima delle 02:00.,"Você dormiu em pé ontem à noite. Sem problemas: hoje, vá para a cama antes das 02:00.",Ночью ты уснул прямо на ногах. Ничего страшного: сегодня ложись до 02:00.,W nocy zasnąłeś na stojąco. Nic się nie stało: dziś połóż się przed 02:00.,昨夜は立ったまま眠ってしまいました。大丈夫、今夜は02:00までに寝ましょう。,"어젯밤엔 선 채로 잠들어 버렸어요. 괜찮아요, 오늘은 02:00 전에 잠자리에 드세요.",昨晚你站着就睡着了。没事，今晚记得在 02:00 前上床。,昨晚你站著就睡著了。沒事，今晚記得在 02:00 前上床。
MSG_VEHICLE_BACK,"%s had gone missing. Don't worry: it's back where it belongs, safe and sound.","%s ortadan kaybolmuştu. Merak etme, yerine geri döndü; sapasağlam duruyor.","%s war verschwunden. Keine Sorge: wieder am alten Platz, heil und ganz.","%s había desaparecido. Tranquilo: ya está de vuelta en su sitio, sin un rasguño.","%s avait disparu. Pas d'inquiétude : de retour à sa place, sans une égratignure.","%s non si trovava più. Niente paura: è di nuovo al suo posto, senza un graffio.","%s tinha sumido. Fique tranquilo: já voltou para o lugar, sem um arranhão.","%s куда-то пропал. Не волнуйся: он снова на месте, цел и невредим.","%s – ani śladu! Bez obaw: stoi już z powrotem na swoim miejscu, bez jednej rysy.",%sが見当たらなくなっていた。心配いらない、無事に元の場所へ戻っている。,"%s이(가) 사라졌었어요. 걱정 마세요, 무사히 제자리로 돌아왔어요.",%s不见了。别担心，它已经完好无损地回到原处。,%s不見了。別擔心，它已經完好無損地回到原處。
ACTION_TAKE_BALL,Take the ball,Topu al,Ball nehmen,Coger la pelota,Prendre la balle,Prendi la palla,Pegar a bola,Взять мяч,Weź piłkę,ボールを取る,공 집기,拿球,拿球
ACTION_DOG_TAKE_BALL,TAKE THE BALL,TOPU AL,BALL NEHMEN,COGER LA PELOTA,PRENDRE LA BALLE,PRENDI LA PALLA,PEGAR A BOLA,ВЗЯТЬ МЯЧ,WEŹ PIŁKĘ,ボールをもらう,공 받기,拿走球,拿走球
HINT_BALL_WAIT,%s is running for the ball. Let it get there!,"%s topa koşuyor, bırak o alsın!",%s läuft schon zum Ball. Lass ihn machen!,%s va a por la pelota. ¡Déjale a él!,%s court vers la balle. Laisse-le faire !,%s sta correndo verso la palla. Lascia fare a lui!,%s está indo buscar a bola. Deixa com ele!,%s уже бежит за мячом. Пусть возьмёт сам!,%s biegnie po piłkę. Niech sam ją weźmie!,%sがボールを取りに行ってるよ。任せよう！,%s(이)가 공을 가지러 가고 있어요. 맡겨 두세요!,%s正跑去捡球，让它来吧！,%s正跑去撿球，讓牠來吧！
MSG_BALL_HOWTO,"The ball never hops into your bag by itself: look at it on the ground and take it with E. When your dog brings it: E pets the dog, F takes the ball from its mouth.","Top kendiliğinden çantana girmez: yerdeki topa bak, E ile al. Köpeğin getirince E ile sev, F ile ağzından al.","Der Ball hüpft nie von selbst in deine Tasche: Sieh ihn am Boden an und nimm ihn mit E. Bringt dein Hund ihn: E streichelt, F nimmt ihm den Ball aus dem Maul.","La pelota nunca salta sola a tu bolsa: mírala en el suelo y cógela con E. Cuando tu perro la traiga: E lo acaricia, F le quita la pelota de la boca.","La balle ne saute jamais toute seule dans ton sac : regarde-la au sol et prends-la avec E. Quand ton chien la rapporte : E le caresse, F lui prend la balle de la gueule.","La palla non salta mai da sola nella borsa: guardala a terra e prendila con E. Quando il cane la riporta: E lo accarezza, F gli prende la palla dalla bocca.","A bola nunca pula sozinha para a bolsa: olhe para ela no chão e pegue com E. Quando seu cachorro trouxer: E faz carinho, F tira a bola da boca dele.","Мяч сам в сумку не прыгает: посмотри на него на земле и возьми клавишей E. Когда собака принесёт мяч: E — погладить, F — забрать мяч из пасти.","Piłka sama nie wskoczy do torby: spójrz na nią na ziemi i weź klawiszem E. Gdy pies ją przyniesie: E głaszcze psa, F zabiera mu piłkę z pyska.",ボールは勝手にカバンに入りません。地面のボールを見てEで拾おう。犬が持ってきたら、Eでなでて、Fで口からもらえます。,"공은 저절로 가방에 들어오지 않아요. 바닥의 공을 보고 E로 집으세요. 강아지가 물어 오면 E로 쓰다듬고, F로 입에서 공을 받아요.",球不会自己跳进背包：看着地上的球按E捡起。狗狗把球叼回来时：E摸摸它，F从它嘴里拿走球。,球不會自己跳進背包：看著地上的球按E撿起。狗狗把球叼回來時：E摸摸牠，F從牠嘴裡拿走球。
DOG_HINT_FETCH_LYING,"The ball is lying on the ground: go to it, look at it and take it with E","Top yerde duruyor: yanına git, ona bak ve E ile al","Der Ball liegt am Boden: Geh hin, sieh ihn an und nimm ihn mit E","La pelota está en el suelo: acércate, mírala y cógela con E","La balle est par terre : approche-toi, regarde-la et prends-la avec E","La palla è a terra: avvicinati, guardala e prendila con E","A bola está no chão: chegue perto, olhe para ela e pegue com E","Мяч лежит на земле: подойди, посмотри на него и возьми клавишей E","Piłka leży na ziemi: podejdź, spójrz na nią i weź klawiszem E",ボールは地面にあります。近づいて見て、Eで拾おう,공이 바닥에 있어요. 다가가서 바라보고 E로 집으세요,球在地上：走过去，看着它按E捡起,球在地上：走過去，看著它按E撿起
PET_BOWL,Food Bowl,Mama Kabı,Futternapf,Cuenco de comida,Gamelle,Ciotola,Tigela de ração,Миска,Miska,ごはん皿,밥그릇,狗粮碗,狗糧碗
ACTION_FILL_BOWL,ADD FOOD,MAMA KOY,FUTTER EINFÜLLEN,PONER COMIDA,REMPLIR LA GAMELLE,METTI IL CIBO,PÔR RAÇÃO,НАСЫПАТЬ КОРМ,NASYP KARMY,フードを入れる,사료 넣기,添加狗粮,添加狗糧
PET_BOWL_LEVEL,Dog food: %d%% · %d meals,Mama: %%%d · %d öğün,Futter: %d %% · %d Mahlzeiten,Comida: %d%% · %d raciones,Croquettes : %d %% · %d repas,Cibo: %d%% · %d pasti,Ração: %d%% · %d refeições,Корм: %d%% · порций: %d,Karma: %d%% · porcje: %d,フード：%d%% · %d食分,사료: %d%% · %d끼,狗粮：%d%% · %d餐,狗糧：%d%% · %d餐
PET_BOWL_EMPTY,The bowl is empty,Mama kabı boş,Der Napf ist leer,El cuenco está vacío,La gamelle est vide,La ciotola è vuota,A tigela está vazia,Миска пуста,Miska jest pusta,お皿は空っぽ,밥그릇이 비었어요,碗是空的,碗是空的
HINT_BOWL_MARKET,Yeşilova Market sells dog food (%s a bag),köpek maması Yeşilova Market'te satılıyor (torbası %s),Hundefutter gibt es im Yeşilova Market (%s pro Sack),la comida para perro se vende en Yeşilova Market (%s la bolsa),Yeşilova Market vend des croquettes (%s le sac),il cibo per cani si vende allo Yeşilova Market (%s al sacco),tem ração no Yeşilova Market (%s o saco),корм продаётся в Yeşilova Market (%s за мешок),karmę kupisz w Yeşilova Market (%s za worek),ドッグフードはYeşilova Marketで売っています（1袋%s）,개 사료는 Yeşilova Market에서 팔아요 (한 포대 %s),Yeşilova Market有卖狗粮（每袋%s）,Yeşilova Market有賣狗糧（每袋%s）
HINT_BOWL_ENOUGH,enough for now,şimdilik yeter,reicht fürs Erste,suficiente por ahora,ça suffit pour l'instant,per ora basta,por enquanto chega,пока хватит,na razie wystarczy,今は十分,지금은 충분해요,暂时够了,暫時夠了
MSG_BOWL_FILLED,Dog food poured in: %d meals in the bowl.,Kaba mama koydun: kapta %d öğünlük mama var.,Futter eingefüllt: %d Mahlzeiten im Napf.,Comida servida: hay %d raciones en el cuenco.,Croquettes versées : %d repas dans la gamelle.,Cibo versato: %d pasti nella ciotola.,Ração colocada: %d refeições na tigela.,Корм насыпан: порций в миске: %d.,Karma nasypana: porcje w misce: %d.,フードを入れました：お皿に%d食分。,사료를 넣었어요: 밥그릇에 %d끼.,已添加狗粮：碗里有%d餐。,已添加狗糧：碗裡有%d餐。
MSG_BOWL_HOWTO,%s eats from the bowl by itself when hungry. One bag is %d meals: add another when it runs low.,%s acıkınca gelip kabından kendi yer. Bir torba %d öğün eder; kap azalınca bir torba daha koy.,"%s frisst von selbst aus dem Napf, wenn der Hunger kommt. Ein Sack reicht für %d Mahlzeiten: Füll nach, wenn er zur Neige geht.",%s come solo de su cuenco cuando tiene hambre. Una bolsa da para %d raciones: pon otra cuando quede poco.,%s mange tout seul dans sa gamelle quand il a faim. Un sac fait %d repas : remets-en quand il en reste peu.,%s mangia da solo dalla ciotola quando ha fame. Un sacco vale %d pasti: aggiungine un altro quando sta per finire.,%s come sozinho na tigela quando tem fome. Um saco dá %d refeições: coloque outro quando estiver acabando.,"%s сам ест из миски, когда проголодается. Одного мешка хватает на %d порции: подсыпь ещё, когда корма останется мало.","%s sam je z miski, gdy zgłodnieje. Jeden worek to %d porcje: dosyp, gdy będzie się kończyć.",%sはお腹がすくと自分でお皿から食べます。1袋で%d食分。少なくなったらまた入れてあげよう。,%s은(는) 배가 고프면 스스로 밥그릇에서 먹어요. 한 포대는 %d끼예요. 줄어들면 또 넣어 주세요.,%s饿了会自己到碗里吃。一袋够吃%d餐：快吃完时再添一袋。,%s餓了會自己到碗裡吃。一袋夠吃%d餐：快吃完時再添一袋。
PET_MOOD_FED,Well fed,Karnı tok,Satt,Bien alimentado,Bien nourri,Sazio,De barriga cheia,Сыт,Najedzony,お腹いっぱい,배불러요,吃饱了,吃飽了
PET_MOOD_PECKISH,Getting hungry,Acıkmaya başladı,Bekommt Hunger,Empieza a tener hambre,Commence à avoir faim,Comincia ad avere fame,Ficando com fome,Начинает хотеть есть,Zaczyna być głodny,お腹がすいてきた,배가 고파지고 있어요,有点饿了,有點餓了
PET_MOOD_HUNGRY,Hungry,Karnı aç,Hungrig,Tiene hambre,A faim,Ha fame,Com fome,Голоден,Głodny,お腹ぺこぺこ,배고파요,饿了,餓了
MSG_PET_NO_LESSON,%s is hungry: no lessons on an empty stomach. Feed it first.,%s aç: aç karnına ders olmaz. Önce karnını doyur.,%s hat Hunger: Mit leerem Magen lernt es sich nicht. Erst füttern.,%s tiene hambre: con el estómago vacío no hay clase. Primero dale de comer.,%s a faim : pas de leçon le ventre vide. Nourris-le d'abord.,%s ha fame: a pancia vuota non si impara. Prima dagli da mangiare.,%s está com fome: de barriga vazia não tem aula. Dê comida primeiro.,%s хочет есть: на голодный желудок не до уроков. Сначала покорми.,%s jest głodny: o pustym brzuchu nie ma nauki. Najpierw go nakarm.,%sはお腹がすいています。空腹ではレッスンになりません。まずごはんをあげよう。,%s이(가) 배고파요. 빈속에는 훈련이 안 돼요. 먼저 밥을 주세요.,%s饿了：饿着肚子可学不了。先喂饱它吧。,%s餓了：餓著肚子可學不了。先餵飽牠吧。
DOG_GOAL_FEED,%s is hungry: put food in its bowl,%s acıktı: mama kabına mama koy,%s hat Hunger: Füll Futter in den Napf,%s tiene hambre: pon comida en su cuenco,%s a faim : mets des croquettes dans sa gamelle,%s ha fame: metti il cibo nella ciotola,%s está com fome: ponha ração na tigela,%s проголодался: насыпь корм в миску,%s zgłodniał: nasyp karmy do miski,%sがお腹をすかせています：お皿にフードを入れよう,%s이(가) 배고파요: 밥그릇에 사료를 넣어 주세요,%s饿了：往碗里添狗粮,%s餓了：往碗裡添狗糧
DOG_HINT_FEED_BOWL,You have dog food: look at the bowl and press E (one bag is %d meals),Çantanda mama var: kabına bak ve E ile koy (bir torba %d öğün),Du hast Hundefutter dabei: Sieh den Napf an und drück E (ein Sack reicht für %d Mahlzeiten),Llevas comida para perro: mira el cuenco y pulsa E (una bolsa da para %d raciones),Tu as des croquettes : regarde la gamelle et appuie sur E (un sac fait %d repas),Hai il cibo per cani: guarda la ciotola e premi E (un sacco vale %d pasti),Você tem ração: olhe para a tigela e aperte E (um saco dá %d refeições),Корм у тебя с собой: посмотри на миску и нажми E (одного мешка хватает на %d порции),Masz karmę: spójrz na miskę i naciśnij E (jeden worek to %d porcje),フードを持っています。お皿を見てEを押そう（1袋で%d食分）,사료가 있어요. 밥그릇을 보고 E를 누르세요 (한 포대는 %d끼),你带着狗粮：看着碗按E（一袋够吃%d餐）,你帶著狗糧：看著碗按E（一袋夠吃%d餐）
DOG_HINT_FEED_MARKET,"Yeşilova Market sells dog food: %s a bag, and a bag is %d meals","Köpek maması Yeşilova Market'te satılıyor: torbası %s, bir torba %d öğün","Hundefutter gibt es im Yeşilova Market: %s pro Sack, ein Sack reicht für %d Mahlzeiten","La comida para perro se vende en Yeşilova Market: %s la bolsa, y una bolsa da para %d raciones","Yeşilova Market vend des croquettes : %s le sac, et un sac fait %d repas","Il cibo per cani si vende allo Yeşilova Market: %s al sacco, e un sacco vale %d pasti","Tem ração no Yeşilova Market: %s o saco, e um saco dá %d refeições","Корм продаётся в Yeşilova Market: %s за мешок, одного мешка хватает на %d порции","Karmę kupisz w Yeşilova Market: %s za worek, a jeden worek to %d porcje",ドッグフードはYeşilova Marketで売っています。1袋%s、1袋で%d食分,"개 사료는 Yeşilova Market에서 팔아요. 한 포대 %s, 한 포대는 %d끼",Yeşilova Market有卖狗粮：每袋%s，一袋够吃%d餐,Yeşilova Market有賣狗糧：每袋%s，一袋夠吃%d餐
MSG_PET_HUNGRY,%s is hungry and the bowl is empty. Put some food in when you get the chance.,"%s acıkmış, mama kabı da boş. Fırsat bulunca bir torba mama koyarsın.","%s hat Hunger, und der Napf ist leer. Füll bei Gelegenheit etwas Futter nach.",%s tiene hambre y su cuenco está vacío. Ponle comida cuando puedas.,%s a faim et sa gamelle est vide. Remets-lui des croquettes quand tu pourras.,%s ha fame e la ciotola è vuota. Mettigli del cibo quando puoi.,%s está com fome e a tigela está vazia. Ponha ração quando puder.,"%s проголодался, а миска пуста. Подсыпь корма, когда будет минутка.","%s zgłodniał, a miska jest pusta. Dosyp karmy przy okazji.",%sがお腹をすかせていますが、お皿は空っぽ。手があいたらフードを入れてあげよう。,%s이(가) 배고픈데 밥그릇이 비었어요. 시간 날 때 사료를 넣어 주세요.,%s饿了，碗也空了。有空时给它添点狗粮吧。,%s餓了，碗也空了。有空時給牠添點狗糧吧。
ACTION_DOG_UP,UP!,KALK!,AUF!,¡ARRIBA!,DEBOUT !,SU!,DE PÉ!,ВСТАТЬ!,WSTAŃ!,よし！,일어나!,起来！,起來！
PET_STAYING,Waiting for you,Seni bekliyor,Wartet auf dich,Te espera,T'attend,Ti aspetta,Esperando você,Ждёт тебя,Czeka na ciebie,待っている,기다리는 중,在等你,在等你
MSG_PET_STAY_HOWTO,"%s will wait right there until you say so. Whistle with %s to call it; beside it, a pat (%s) or %s again (Up!) lets it go too.","%s oturduğu yerde seni bekler, sen diyene kadar kalkmaz. Çağırmak için %s ile ıslık çal; yanındayken %s ile sevmen ya da %s ile ""Kalk!"" demen de yeter.","%s wartet genau dort, bis du es sagst. Pfeif mit %s, um ihn zu rufen; neben ihm genügt auch Streicheln (%s) oder noch einmal %s (Auf!).","%s te esperará ahí mismo hasta que tú digas. Silba con %s para llamarlo; a su lado, una caricia (%s) o %s otra vez (¡Arriba!) también lo libera.","%s t'attendra là jusqu'à ce que tu le dises. Siffle avec %s pour l'appeler ; à côté de lui, une caresse (%s) ou encore %s (Debout !) le libère aussi.",%s ti aspetterà lì finché non glielo dici. Fischia con %s per chiamarlo; accanto a lui basta anche una carezza (%s) o di nuovo %s (Su!).,"%s vai esperar aí mesmo até você mandar. Assobie com %s para chamá-lo; ao lado dele, um carinho (%s) ou %s de novo (De pé!) também o libera.","%s будет ждать на месте, пока ты не разрешишь. Свистни (%s), чтобы позвать; рядом хватит и погладить (%s) или снова нажать %s («Встать!»).","%s poczeka w tym miejscu, aż mu pozwolisz. Zagwiżdż (%s), żeby go zawołać; obok niego wystarczy też pogłaskać (%s) albo znów nacisnąć %s (Wstań!).",%sはその場でおすわりしたまま待っています。%sで口笛を吹けば来ます。そばでなでる（%s）か、もう一度%s（よし！）でも動き出します。,%s(이)가 그 자리에 앉아 기다려요. %s 키로 휘파람을 불면 달려옵니다. 곁에서 쓰다듬거나(%s) %s 키를 다시 눌러도(일어나!) 풀려요.,%s会坐在原地等你，直到你发话。按%s吹口哨叫它；在它身边摸摸它（%s）或再按一次%s（起来！）也行。,%s會坐在原地等你，直到你發話。按%s吹口哨叫牠；在牠身邊摸摸牠（%s）或再按一次%s（起來！）也行。
MSG_PET_STAY_OVER,"%s waited for you a good while, then got up and went home to its place.","%s seni epey bekledi, sonunda kalkıp yuvasına gitti.","%s hat lange auf dich gewartet, ist dann aufgestanden und zu seinem Platz gelaufen.",%s te esperó un buen rato; al final se levantó y se fue a su sitio.,"%s t'a attendu un bon moment, puis s'est levé et est rentré à sa place.","%s ti ha aspettato un bel po', poi si è alzato ed è tornato al suo posto.",%s esperou você por um bom tempo; depois se levantou e foi para o cantinho dele.,"%s долго ждал тебя, а потом встал и ушёл к себе.","%s długo na ciebie czekał, w końcu wstał i poszedł do siebie.",%sはしばらく待っていましたが、やがて立ち上がって自分の寝床へ帰りました。,%s(이)가 한참 기다리다가 일어나 제 집으로 돌아갔어요.,%s等了你好一阵子，后来起身回自己的窝了。,%s等了你好一陣子，後來起身回自己的窩了。
